[{"id":"559291662705@s.whatsapp.net","level":1,"quant_cavalos":0,"setcav":"rikel","countVc":0,"capitalVc":0,"countDc":0,"capitalDc":0,"corridaL":10,"corridaH":"19","corridaD":"19","corridaM":"03","cavalos":[{"nomedocavalo":"rikel","tipo":0,"sela":false,"dor":false,"fratura":false,"viccav":0,"dercav":0,"contdin":0,"lucdin":0}]},{"id":"558781044375@s.whatsapp.net","level":4,"quant_cavalos":0,"setcav":"jin-woo","countVc":0,"capitalVc":0,"countDc":0,"capitalDc":0,"corridaL":10,"corridaH":"04","corridaD":"20","corridaM":"03","cavalos":[{"nomedocavalo":"jin-woo","tipo":3,"sela":true,"dor":false,"fratura":false,"viccav":0,"dercav":0,"contdin":0,"lucdin":0}]},{"id":"553798754916@s.whatsapp.net","level":4,"quant_cavalos":0,"setcav":"amora","countVc":4,"capitalVc":27000,"countDc":4,"capitalDc":28700,"corridaL":19,"corridaH":"20","corridaD":"25","corridaM":"03","cavalos":[{"nomedocavalo":"amora","tipo":3,"sela":true,"dor":false,"fratura":false,"viccav":4,"dercav":4,"contdin":46700,"lucdin":27000}]}]