[{"id":"553898842865@s.whatsapp.net","level":4,"galinhas":7,"durabilidade":3,"ovos":0,"countVg":0,"countDg":6,"dinVg":140,"luckVg":0,"brigaL":11,"brigaH":"00","brigaD":"20","brigaM":"03","galos":[{"vida":3,"vigalo":0,"degalo":1},{"vida":3,"vigalo":0,"degalo":1}]},{"id":"553798754916@s.whatsapp.net","level":6,"galinhas":7,"durabilidade":2,"ovos":0,"countVg":3,"countDg":13,"dinVg":710,"luckVg":160,"brigaL":14,"brigaH":"20","brigaD":"25","brigaM":"03","galos":[{"vida":0,"vigalo":1,"degalo":3},{"vida":4,"vigalo":0,"degalo":0},{"vida":3,"vigalo":0,"degalo":1},{"vida":3,"vigalo":0,"degalo":1},{"vida":4,"vigalo":0,"degalo":0}]},{"id":"559291662705@s.whatsapp.net","level":6,"galinhas":12,"durabilidade":5,"ovos":0,"countVg":0,"countDg":0,"dinVg":0,"luckVg":0,"brigaL":15,"brigaH":"00","brigaD":"21","brigaM":"03","galos":[]}]