[{"id":"553898842865@s.whatsapp.net","minuto":"54"},{"id":"558381981961@s.whatsapp.net","minuto":"12"},{"id":"553798754916@s.whatsapp.net","minuto":"02"},{"id":"559291662705@s.whatsapp.net","minuto":"12"},{"id":"557598337461@s.whatsapp.net","minuto":"55"},{"id":"555392103762@s.whatsapp.net","minuto":"48"},{"id":"554999772899@s.whatsapp.net","minuto":"12"},{"id":"5522999806879@s.whatsapp.net","minuto":"13"},{"id":"5524992042715@s.whatsapp.net","minuto":"01"},{"id":"558781044375@s.whatsapp.net","minuto":"01"},{"id":"553597514684@s.whatsapp.net","minuto":"22"},{"id":"5522981572450@s.whatsapp.net","minuto":"22"},{"id":"5515997043959@s.whatsapp.net","minuto":"13"},{"id":"558398164308@s.whatsapp.net","minuto":"17"}]