[{"id":"5521970359042@s.whatsapp.net","gpid":"120363380268144103@g.us","hrg":"23:20","drg":"16/03","nome":"city Braga","namebank":"Inter","money":25,"pixD":5,"pixL":100,"limiteC":15,"horaC":"23","diaC":"16","mC":"03","limiteTh":3,"hrT":"23","limiteTd":24,"diaT":"16","mT":"03","bcbet":true},{"id":"558781044375@s.whatsapp.net","gpid":"120363380268144103@g.us","hrg":"23:20","drg":"16/03","nome":"DANIEL ZK","namebank":"NuBank","money":null,"pixD":5,"pixL":100,"limiteC":15,"horaC":"23","diaC":"16","mC":"03","limiteTh":3,"hrT":"23","limiteTd":24,"diaT":"16","mT":"03","bcbet":true},{"id":"553391224918@s.whatsapp.net","gpid":"120363331491633805@g.us","hrg":"15:56","drg":"18/03","nome":"jorge","namebank":"PagBank️","money":75,"pixD":5,"pixL":100,"limiteC":20,"horaC":"21","diaC":"18","mC":"03","limiteTh":3,"hrT":"15","limiteTd":24,"diaT":"18","mT":"03","bcbet":true},{"id":"553599200134@s.whatsapp.net","gpid":"120363331491633805@g.us","hrg":"17:56","drg":"18/03","nome":"natra","namebank":"Banco do Brasil","money":75,"pixD":5,"pixL":100,"limiteC":15,"horaC":"17","diaC":"18","mC":"03","limiteTh":3,"hrT":"17","limiteTd":24,"diaT":"18","mT":"03","bcbet":true},{"id":"559291662705@s.whatsapp.net","gpid":"120363397815852818@g.us","hrg":"23:17","drg":"18/03","nome":"Gostoso","namebank":"PagBank️","money":4371.266,"pixD":5,"pixL":100,"limiteC":10,"horaC":"23","diaC":"18","mC":"03","limiteTh":0,"hrT":"10","limiteTd":15,"diaT":"20","mT":"03","bcbet":true},{"id":"555392103762@s.whatsapp.net","gpid":"120363397815852818@g.us","hrg":"23:19","drg":"18/03","nome":"anezoca","namebank":"PayPal","money":1e+26,"pixD":5,"pixL":100,"limiteC":15,"horaC":"23","diaC":"18","mC":"03","limiteTh":0,"hrT":"19","limiteTd":15,"diaT":"20","mT":"03","bcbet":true},{"id":"558381981961@s.whatsapp.net","gpid":"120363397815852818@g.us","hrg":"07:34","drg":"19/03","nome":"Rikel","namebank":"Inter","money":127,"pixD":5,"pixL":100,"limiteC":15,"horaC":"07","diaC":"19","mC":"03","limiteTh":0,"hrT":"19","limiteTd":17,"diaT":"19","mT":"03","bcbet":true},{"id":"33751294569@s.whatsapp.net","gpid":"120363397815852818@g.us","hrg":"10:22","drg":"19/03","nome":"Eric","namebank":"PayPal","money":50,"pixD":5,"pixL":100,"limiteC":15,"horaC":"10","diaC":"19","mC":"03","limiteTh":3,"hrT":"10","limiteTd":24,"diaT":"19","mT":"03","bcbet":true},{"id":"553798754916@s.whatsapp.net","gpid":"120363397815852818@g.us","hrg":"10:26","drg":"19/03","nome":"higor","namebank":"Santander️","money":10000000001091.5,"pixD":5,"pixL":100,"limiteC":18,"horaC":"19","diaC":"19","mC":"03","limiteTh":0,"hrT":"16","limiteTd":12,"diaT":"20","mT":"03","bcbet":true},{"id":"557598337461@s.whatsapp.net","gpid":"120363397815852818@g.us","hrg":"11:54","drg":"19/03","nome":"pirocudinho","namebank":"Santander️","money":25,"pixD":5,"pixL":100,"limiteC":15,"horaC":"11","diaC":"19","mC":"03","limiteTh":0,"hrT":"19","limiteTd":15,"diaT":"19","mT":"03","bcbet":true},{"id":"5511953521486@s.whatsapp.net","gpid":"120363397815852818@g.us","hrg":"12:16","drg":"19/03","nome":"Jenny","namebank":"Inter","money":30,"pixD":5,"pixL":100,"limiteC":15,"horaC":"12","diaC":"19","mC":"03","limiteTh":3,"hrT":"12","limiteTd":24,"diaT":"19","mT":"03","bcbet":true},{"id":"6287834004340@s.whatsapp.net","gpid":"120363397815852818@g.us","hrg":"18:56","drg":"19/03","nome":"maju","namebank":"PayPal","money":230,"pixD":5,"pixL":100,"limiteC":15,"horaC":"18","diaC":"19","mC":"03","limiteTh":0,"hrT":"18","limiteTd":21,"diaT":"19","mT":"03","bcbet":true},{"id":"553398737849@s.whatsapp.net","gpid":"120363397815852818@g.us","hrg":"00:21","drg":"20/03","nome":"mirage","namebank":"Bradesco","money":198,"pixD":5,"pixL":100,"limiteC":15,"horaC":"00","diaC":"20","mC":"03","limiteTh":3,"hrT":"00","limiteTd":24,"diaT":"20","mT":"03","bcbet":true},{"id":"554999772899@s.whatsapp.net","gpid":"120363397815852818@g.us","hrg":"00:54","drg":"20/03","nome":"murilão gostosão 🥰🤤","namebank":"Caixa","money":8067,"pixD":5,"pixL":100,"limiteC":15,"horaC":"00","diaC":"20","mC":"03","limiteTh":0,"hrT":"17","limiteTd":9,"diaT":"20","mT":"03","bcbet":true},{"id":"553597514684@s.whatsapp.net","limite":1,"hora":"12","dia":"22","dinheiro":0,"preso":false,"segurança":20},{"id":"5511994301986@s.whatsapp.net","limite":0,"hora":"00","dia":"25","dinheiro":0,"preso":false,"segurança":20},{"id":"5515997043959@s.whatsapp.net","limite":1,"hora":"14","dia":"28","dinheiro":0,"preso":false,"segurança":20},{"id":"5519991080654@s.whatsapp.net","limite":1,"hora":"12","dia":"24","dinheiro":7.727000000000004,"preso":true,"segurança":20},{"id":"559391588493@s.whatsapp.net","limite":1,"hora":"22","dia":"30","dinheiro":0,"preso":false,"segurança":20},{"id":"558398164308@s.whatsapp.net","limite":2,"hora":"13","dia":"07","dinheiro":0,"preso":false,"segurança":20}]