[{"id":"558398164308@s.whatsapp.net","gpid":"120363401993121551@g.us","hrg":"20:50","drg":"13/06","nome":"gebe","namebank":"Next","money":"10","pixD":5,"pixL":100,"limiteC":15,"horaC":"20","diaC":"13","mC":"06","limiteTh":3,"hrT":"13","limiteTd":24,"diaT":"07","mT":"07","bcbet":true},{"id":"558396768169@s.whatsapp.net","gpid":"120363401993121551@g.us","hrg":"13:46","drg":"07/07","nome":"gebe2z","namebank":"Santander️","money":0,"pixD":5,"pixL":100,"limiteC":15,"horaC":"13","diaC":"07","mC":"07","limiteTh":3,"hrT":"13","limiteTd":24,"diaT":"07","mT":"07","bcbet":true}]