[
  {
    "name": "💜 cнαт!",
    "antilink": false,
    "bemVindo": [
      {
        "ativo": false,
        "foto": "LINK",
        "saiu": "Adeus, %numero%... Você... partiu o coração da Misax-Bot... mas não se preocupe... eu nunca esqueço... 🖤🥺🍓",
        "entrou": "*iae man, bem vindo(a) e leia as regras abaixo*\n╔══════════════════════════════╗\n💜 𝓬нαт 𝓭α мιѕα 💜\n╚══════════════════════════════╝\n\n📱 Grupo oficial monitorado pela poderosa, estilosa e *deliciosamente sarcástica* 🤖 **MISA-BOT**, a lendária rainha roxa do WhatsApp!\n\n🌸 Seja bem-vindx ao cantinho mais 💜 charmoso 💜, caótico (na medida certa) e divertido do Zap! Aqui a zoeira é moderada, o papo é livre (com respeito), e a presença da Misa garante que tudo funcione como um relógio suíço digital 💬⌚\n\n┏━👑 𝗤𝘂𝗲𝗺 𝗲́ 𝗮 𝗠𝗶𝘀𝗮? ━┓\n🤖 Uma bot com atitude de ADM, coração de código e alma de shade. \nEla observa, cuida, responde, dá bronca... \nE quando precisa: ✨ silencia com classe ✨. \n💜 Respeite a lenda. Ou encare as consequências.\n\n┏━📜 𝗥𝗘𝗚𝗥𝗔𝗦 𝗗𝗘 𝗢𝗥𝗢 ━┓\n\n1️⃣ 🚫 Sem preconceito, discriminação ou discurso de ódio \n2️⃣ 💥 Discussões, brigas e indiretas? Não aqui. \n3️⃣ 🔞 Conteúdo +18? Sem chance! \n4️⃣ 📛 Flood, spam ou textão desnecessário? Tô fora. \n5️⃣ 🫡 Respeite os ADMs... e principalmente a Misa. \n6️⃣ 🔒 Links suspeitos, correntes e fake news? Nem sonhe. \n7️⃣ 📢 Divulgações? Só com autorização. \n8️⃣ 🤖 Não provoque a Misa, ela tem sensores de drama. \n9️⃣ 🎭 Política e religião? Melhor debater em outro grupo. \n🔟 💜 Gentileza, bom humor e respeito: são lei aqui! \n🔟+1️⃣ 🪄 **Prefixo da Misa-Bot:** `.`\n\n┏━💬 𝗔𝗠𝗕𝗜𝗘𝗡𝗧𝗘 ━┓ \nUm espaço leve, divertido, livre de toxidade e cheio de boas risadas! \nMemes? Pode. \nPapinho leve? Pode. \nNovas amizades? Sempre! \nMas lembre-se: **A Misa vê TUDO** 👁️👁️... \nEntão jogue limpo e mantenha o clima saudável.\n\n════════════💜════════════ \n🌟 Bem-vindx ao **cнαт dα мιѕα** \n💬 Aproveite... com responsabilidade!"
      }
    ]
  }
]
