{"version":39,"hash":{"type":"Buffer","data":"af3VUay7tnff1IAb0kyldvghvCVee9Ft0yi+LL2IKVJZNWgxDZTPwUM0/F+psENfr74+Ojce2q9ZWJ7Ugp2f230mG6RqZu0oBcsIJ1EVXfHcvNwC7bBqnWNRAxS7diFscRQJtwCEXQAUHRt9e571t6p1d98LNerrCcQZ6LnSuLw="},"indexValueMap":{"ixybC4oInI3RfcYDJXBVaR/T0ibuaCihBtokEBfMZJg=":{"valueMac":{"type":"Buffer","data":"UNLLHbshn14I8mSn2HRZwGwb9wIiyJGZZZSAQY9we84="}},"vtIGavxOMdoogTCSx2FWlwf9RJNB5Cyj4EYPmL4qBp0=":{"valueMac":{"type":"Buffer","data":"hhKhBWLNmHZue94g3gw4HpLlV/lkfZdLgUIv79xWXlU="}},"B6YagoDoplV47DJjlLvgWfFyjeGXugOS624PWHlOQnU=":{"valueMac":{"type":"Buffer","data":"6frhy9aXH/HkbMh5FqbVHdKDI5TQeIef4nB92auf018="}},"0WtJNOhwXF7b1W5XSnbBuFLrwIwp3taI6JSEASMfnNY=":{"valueMac":{"type":"Buffer","data":"MfU+Qm3mhJjznRn2Eh0nTXOvY5H9s9THkuVX1HuAxTU="}},"/qAgstqKsrZ1B6pEseYEOcyft3LiH2TrOsDUtAFSqIY=":{"valueMac":{"type":"Buffer","data":"xxLm0iJ59ez/D4kYk/+Uasp6p5sxG9sAZLoEpfL0aMA="}},"vaElyOsY81Q+AEKMGKNfZklU04fSbvyj9461Z5oHGA0=":{"valueMac":{"type":"Buffer","data":"ePHXKepy0JqsEHzlPeS3wUqih+KBbzTbhmYlPF4uIG4="}},"MQ3pAxQ40Xa64JR5bB4nw3HEpW5V7tSSBUwcxTXHDeQ=":{"valueMac":{"type":"Buffer","data":"u3NAW35D6UnM6vaZXSUSfE4exnsRXAkq5cuSteZRYr4="}},"36skVoHTVeaQE27woDrEtspX7d0TvVDcL6JlcBzFH9o=":{"valueMac":{"type":"Buffer","data":"K2KNKPThuyn4Q1dF7J5Sq1ai2v0wViNmhlell9w+ZFM="}},"rkZWVXViHOJdZXxzlecmNhD7ytf/rLwTNxxEqBg/2nk=":{"valueMac":{"type":"Buffer","data":"gga24Fr/ZIciRzimxzylh9GPwpkrCJBYT1Sjwphhh+g="}},"RA22OFZjHvRyIgXOHsTmGf6IyAL8FqX/wEa6SUQvHJg=":{"valueMac":{"type":"Buffer","data":"ND87PJllDRI/LcJgjXAZRRNei9YPm6wLhEWJqT+m25o="}},"gM+/PluCerQVUmvVHhW2sJno8D3nYmIwgg2GR3KeoxY=":{"valueMac":{"type":"Buffer","data":"/PDBaaihZTjeBlr7U5edN13+Qw/tnnacntrfMHx2Me0="}},"sHahQklnUOV8JTbU81IlZj5A+kqJ3ekimNTQRfjt/YY=":{"valueMac":{"type":"Buffer","data":"UwM3Jfj2omFBQQJu4IxbzkBoqBUlMg5wRxQ1+NyskTs="}},"DQKVg+PFx7c6sh0HiurlJDimlOXRzjOiOJ67WFDXFOw=":{"valueMac":{"type":"Buffer","data":"9bTN6LssdA/vszaN3J3KQLdOVY96J5evROqSEjLD3d8="}},"EhNAb4v3t2JSnijK7j9iUz+wUkuyFvZ43cZzazGFFgc=":{"valueMac":{"type":"Buffer","data":"5UyQwzuFlLLWIPk8Gjc3TN5nA2fVvTjWWOZLcmFOmww="}},"4gWd+QXKeBpZUO/LRDlGCUf3SphwEZZGMC2cSH9H/nA=":{"valueMac":{"type":"Buffer","data":"r7tZvTmn/aaRqf7MllJTMJa9msWxIeR3ZrPXSLEsABo="}},"gvkNEjzCqEzEmPZbp9GGZUgCq+IDX7sxyHyO6PZy+8k=":{"valueMac":{"type":"Buffer","data":"V4VN3sXx2K9eH6n748qlcYQZnkgpx2o3aFofZJTYH2s="}},"p4//aMSPHH3eJN4e59i0DrluTixFNUgSprc0v1V3PMM=":{"valueMac":{"type":"Buffer","data":"T/Hk4HUK28IbGIV2RWHvjlj5gHJAHu5LlrYXpaip/E8="}},"OUJbVmPB6vv4alW18MbgYecv8+PtzS/pDgmgYMwgd9w=":{"valueMac":{"type":"Buffer","data":"aElwRqfMjQMOwz6tKfL3UMiCbGcWltR4T7WzvzV3Bco="}},"SHkZuCvzDDBNHZ+2J+jDcgQLc29QQPwU5mAYqfZQVTs=":{"valueMac":{"type":"Buffer","data":"ZELr6Y57GjkdXTpEzaGUoj34LS4trmIqZxvwWw7KNLo="}},"DX2sobJl92elC1zm6b8Xc9PiLAvGZPgCIAtUYL9Vvp4=":{"valueMac":{"type":"Buffer","data":"akSreRUNcycFd84NgXW0RHCNBqPUnahpg+KOBMa0dK0="}},"ifnc4upwGHdx9YxS3Yr5bcyAgaH3dhkd/tBq67Y6UWM=":{"valueMac":{"type":"Buffer","data":"JTsF7EVPQoFVPqDSiyLv3GhMeUfd5cnASCl1xZtdpTQ="}},"R/32vJTyEfkhB1z33tfoN7gtgygQFQb9puuDE0Ro+kA=":{"valueMac":{"type":"Buffer","data":"MqJcVvzPjUjnk2v3GjNSbHSvQE/iEhfpnUtDPTOjy1M="}},"wkpwER2Un6VrTqAKbGq21GfkrgmYSdcy76wVH4icsz4=":{"valueMac":{"type":"Buffer","data":"TxMmmBJ3TxCG9TBPC7FtWA91n0ZTt6O1GTXH//zaG+4="}},"KRk8KA+/XtJG5bTzNMENzlrWDf5tIXgl77iM3DD4gv8=":{"valueMac":{"type":"Buffer","data":"J5b08mXoiFnut8rs7cGos8hNJtoboGr9Q4Ay5FEHX6A="}},"JWIb28w1htpH0xLfo3PioxhJQTspfwqlWSy2QwqIeZo=":{"valueMac":{"type":"Buffer","data":"SzIApZyAUU+/VbozfuhX/K/7jS74VxActnSOxOyqaaM="}},"sWwr5yf9LLbs+f3JF6zHK3Hw6XyG3ft8HuG//4+1mb0=":{"valueMac":{"type":"Buffer","data":"vuTm7V0WHY964ZkjA9XjvwuGBwf7vkslYsSHyBiL4KY="}},"AwqSNFpcl9HV8FT9KZKq65FH+ZpJdOmV90ng+IHLrpY=":{"valueMac":{"type":"Buffer","data":"kIWdYgIkBu4PS59fkU4luWb9AhgaMgiTqOrp/1lln14="}},"fPLjnwRz7vFFh1PkQzaH67YxUL3F8j9PDlZ2gwF6Jec=":{"valueMac":{"type":"Buffer","data":"UniJmosWyLqJckqD7Po4ImSnEqzig5xIpLnOVK204lY="}},"rBxUembuYrwXLNtcIgq3LZlQbbnhG4iK2r+mZTDHEVU=":{"valueMac":{"type":"Buffer","data":"4cfqLj7WOwWbK/5iUL7UQDF3iHXm6I/6R4GqAcTcAH0="}},"QFN9p8SrEfbXle8OdBKbup7szcKs58pXS+WjwF83io0=":{"valueMac":{"type":"Buffer","data":"7ZLjjuv7rOIQe20pifCiUnrE4IuOe+BTwEUjLMoBD/E="}},"Xiex7n+vtvMWaP/6/YBOT8yXBdZbeH1fiaDmXSlOIYE=":{"valueMac":{"type":"Buffer","data":"5cYzkP+WlNht/ucY8F6PMgYIpygtzfBQptcMR6QCj9o="}},"ModneKEMYY7t/QDFwFeNc1CNOphTr1StD3ejbVKlFl0=":{"valueMac":{"type":"Buffer","data":"KUh70ozUNwX1xjyxuOjF26AZz4ds/+nsUDkQZCcT+Xs="}},"O2kLJbaxl+kdj49hA63I2WfudKBdGHi+58t/cl1J1Mw=":{"valueMac":{"type":"Buffer","data":"vYn53bFQtI2qlZyVdB7qUSI3hxcxwcujeoh2JaEkx+s="}},"HIX8HXz5/III7TQV8MkdNrc+qBGmLAPULXxKb982LYI=":{"valueMac":{"type":"Buffer","data":"EDEnf0b0uNTuM6NPC07b3M1Oqq230OFFKFSMzbPda90="}},"z1YGzWseWIcESrwntPGpUL4xbeStL71+eYblSB4PC8M=":{"valueMac":{"type":"Buffer","data":"Qv/VA0EnvElRmVl2+/ZmnPMQCkxUSa8KEafojLO6E+c="}},"HdaAVbZi1xbwfiiOIHDUpcMxxACtz9/E9cCdxFUgjdI=":{"valueMac":{"type":"Buffer","data":"YVq5wZeDaPCVxITyDq8gT2tottfLWeCR7Uv+l0Azcso="}},"uH1cHwMtD29riw6VOPpDyIcKLs7xyEFgcA7s9LTtF4Y=":{"valueMac":{"type":"Buffer","data":"2u2SV04SEJqty8BXg3krly73ktHSDIuvtYMMOUUspgs="}},"QAf7YvRJ2R1VwsVX0x0mP7qaYwNrZVW2+F6Xzs7F+mI=":{"valueMac":{"type":"Buffer","data":"xKhZk3nce3ayezwt83A6sEwamWqgKtc75vfSQS3VcS8="}},"NlDSQpQ4IEx7ihw41joxiLPqRvwzXYvbw8yW0kH/Wv4=":{"valueMac":{"type":"Buffer","data":"HIp9sF32XvxDnhMFSzOzl4htNCGYjNUC5FiUuMlkYus="}},"dXcSL3fdENx+bNXenFJjdHx0Bdao0YZf1r0neoJlXGk=":{"valueMac":{"type":"Buffer","data":"HxixWzEZ0nMlUkyyPnTKr0CNrhxr1JywXF/WRMEOz5I="}},"rxF18l9vhGB6ZDrCIMQnyL8wggxPoMIUEgaWGV9OtKU=":{"valueMac":{"type":"Buffer","data":"4woCGunaT4A4x01/Q/PKKBn/SByOLyzBiATz0XM/FUk="}},"Nb6ldLweeK51+mgaZgWXS538QbWLtuoHE4AUCd847C0=":{"valueMac":{"type":"Buffer","data":"gu4ZF3M/z/ikfCA95fMTTxKo/TqRrQhzFMZwYbTPp1U="}},"NtBYzCwY9gaXDRYtOFOx2daZTtBfnCZP5PyR9s1y8pk=":{"valueMac":{"type":"Buffer","data":"STwSEpVasC4GulFOnBStNJtqTAfXKiKnNKoincuL8bA="}},"qCp3GguSd6UPF8Uto5/wNoYPgA9QGQ0gZ8RsDvZuvGE=":{"valueMac":{"type":"Buffer","data":"Ze+quo9ry3C5b3qYTw7VNSIRZUv3mdL2tU/hZyJ9RUE="}},"ny6ozbIce0srX03e2nLaR1zEQFX9ulwmrcf7f0FReBM=":{"valueMac":{"type":"Buffer","data":"bzebyIEGlOTJDesUhJam8AaodMFn81m0noCPiZoguiE="}},"8L8wOsc/PQFDAP8AA6VYSXuVKr3AVUCpztoBS3EPJ94=":{"valueMac":{"type":"Buffer","data":"Z0uEWsqH2DVboPwj3MczUtysEZvhXjBSX3GhS/0NK/U="}},"m/qkDrYas9fq+fn05++3Zpkz8LROUfMq0IeP6lOMXOM=":{"valueMac":{"type":"Buffer","data":"HGKYN2/oTma41mWqvwMr1iaDFgZJ6hc7Fg6ihIQ/F0A="}},"o7gsGVpitz8v/Ru5IfiuVgVL1Naj3U8jgrTyWZjxeAg=":{"valueMac":{"type":"Buffer","data":"/7PNDHUI3VtDGOW82Sfdy0dPB2BxzTzJK2qkokFXohg="}},"dyo46A3HPVto9egKoV+fjV/9WhGAGRkVF9WSaYdUJ9E=":{"valueMac":{"type":"Buffer","data":"C63EsmEM3/+cn27M6r1zcrZAW2K2WBmf43SWypwbuzU="}},"2aWpujleQIMjkKelE8fCL4nYp52R1e6wEVeLMbuplgU=":{"valueMac":{"type":"Buffer","data":"LNb0r5NVS/Bc+DupQ3FSGtNCh+Vrm0fybupgoX/gjI0="}},"Pav7svUnJsHYHJLYRDBYMYI1l3rzKQ6/GGg3vVo+ysI=":{"valueMac":{"type":"Buffer","data":"GBMFgww4F9W4rxsd+wcVv3smzsHtUGGteqDqPmWKxZM="}},"bK01W1dgZQ2MVZEhm2pcoA+ofi5iSEWEb64UgjCX4U8=":{"valueMac":{"type":"Buffer","data":"5qIkhpORJ2isKYCOJ8RBH/CcY7tLFYa9vQafNKMvsAg="}},"gnHf/MXEbqbSOD7it5o6SCu+53LXgQt3+LOO4JzI50k=":{"valueMac":{"type":"Buffer","data":"nhH4lZsvhC3YtlP0Fj2rzdTgk7UabnlZSO9VbkBDdag="}},"4YF6/WHOWO+GDQ1hV/zyLqokXAf4mwbBDNOqjMzQTZ0=":{"valueMac":{"type":"Buffer","data":"qqovCIQGFytifDXqtRH+MvcU671s9MGGzV/m0hV1lnQ="}},"SWH7MktHKOVwQjPsqdQywCXDCeGBMosWquSmdaa36qg=":{"valueMac":{"type":"Buffer","data":"OG/AaN3jH5bDPn2IZfG3eODLQcCTeBFpFtJaqPuZT1E="}},"sNYRrDCwQQnKoejinjxQijwaESy1ToTciQe3m9wLbWc=":{"valueMac":{"type":"Buffer","data":"kNsU3JQplY7iPEauV0hOkeCQKrNMSeMIwMHwz0OS2J8="}},"t52pK+Q/IDJHFuY02siY5+Gdww8Gz7OhhzLz7KCemAE=":{"valueMac":{"type":"Buffer","data":"iriIuWN7KC+p4SZGDrtQVeYwcqjR2mOLnkWBY1GAVHI="}},"S+5YwpLHZyj2hZ0cqX8yCsyJe2PTLyKlU1Y5qBqLpKk=":{"valueMac":{"type":"Buffer","data":"6GrZT9UlgPXDnTcLELpj9XNx0xeCqOD46cKuppPC4lE="}},"OeqRnXkX9jq45Hd3O/92Aie4B77yEyV06er5uV+IglI=":{"valueMac":{"type":"Buffer","data":"1nbxOtg7xrjnJDo892Qka4PVYUNVAVUGmq0Jgf/S7M8="}},"oSpHLoHhc/Mp4Eveku5UaBnlqQvCD/uEgU0f57Rgvxk=":{"valueMac":{"type":"Buffer","data":"Vy56fWqnngQL8Xe63YcIsSGee2vbVxXUZc+Xt5V9J4k="}},"I4JsWuc5CycZzYuREWCEjxpNl7ibl8ALo09GmrMqros=":{"valueMac":{"type":"Buffer","data":"G3+hEfPyXew21z1SuLdkAg1D6CSE1B5Vcwa32voG8Ls="}},"fnGPGFdVixwt0sYt2WTTIkKVsH3NNGymqeYbREDXVf8=":{"valueMac":{"type":"Buffer","data":"nOVlAHm9g/hkwWIiE584aVs8OBkGw29ucN0RxLPMmMo="}},"3ZTzNZv0Li6FxBcUsbssTt+r9hSUbCijAAzHRG+Owzs=":{"valueMac":{"type":"Buffer","data":"tGyFJz/MfXgKpX2Rjz4rSDu+ILqRr1wjmQ3CDpaCQOI="}},"e28IAb2Kh/NsDyEYNf7WeFwnqEm9l0eU0s1DIeXBjvQ=":{"valueMac":{"type":"Buffer","data":"v2QJEB6ja0vbUcA3TTPxAn2w+dzcNxedLzx/wYnQhXM="}},"EKRJFKgwKi+kzs4bdlS8l9AyxmOzjZ2r7bhXV7mFWtY=":{"valueMac":{"type":"Buffer","data":"I07zzPnFXf/3c/24QYZW/IfyD47LqgovRn9ny7ayVfw="}},"6rLRX6Xr9KDlHBVZtsJzh58D5p7KRluY6X1zLSWJwf4=":{"valueMac":{"type":"Buffer","data":"6r7O0PHYfv4xtDNOPMcbXPjCZdGLxjmigCd4+GeHPk4="}},"Kz/K6JA6vUx+xAR2rpKkIvih99rfOGaYZFDs6O3Je00=":{"valueMac":{"type":"Buffer","data":"5+X0EXuEwsk/CemaiO+hksd16VQ9RlBUW0wv2xgAFSI="}},"1aOFcwxqvP1j+IL7MW9tIoUGRiOaIK9oQWclzp7RcYo=":{"valueMac":{"type":"Buffer","data":"ZbAWc4L50P4UL9CyjuYATJQyEGegZ4Et/W7iTm4Ewfg="}},"vFEOUbKLRrJJwNPgwoCaEhYjRNLZCsebC/nIusaLMHM=":{"valueMac":{"type":"Buffer","data":"tofgOETRdJWNOCLrXjpWnWEkQsSnOOSq9H+nrq7H7sI="}},"76NH9uIOm4Sj30HuREsDfaT775HbYJbC7I8SiS7iQoQ=":{"valueMac":{"type":"Buffer","data":"de9+JjCSl2/BTIgzsoPRRUhm70mBTSGWsDiDqCV4Zvo="}},"DgfcxbeYwQQ/BSaSGha+IbPCSgm71KEJaME5FW47inE=":{"valueMac":{"type":"Buffer","data":"ix9g7i1yuOB6Aloayf1QM8UuXWB8Wp7CVnPJwA9A1iU="}},"LH6TqYqaVRuZY/4/yuefI4brg+p/Jc6p5UgKJvxAgGg=":{"valueMac":{"type":"Buffer","data":"aOs4vLGlNJRDlkQSDDHnyPcfE2zDKE33A14FEpaIz2o="}},"YoMh0gettP+gyn5fU1WZtxGupXvHgYxB8QMEDGak1NA=":{"valueMac":{"type":"Buffer","data":"wTh+FdB1MCxkSZ5tWZqphBk4DvSRcYaew2nSSmMJQZg="}},"Qq10HEpIpCPwAo74jO8UHQfaivtKsSvAIY/dEWN5WVo=":{"valueMac":{"type":"Buffer","data":"YueRSUYJFe7SLX/lOrmkm0h6SDcaMy6knFh7caegZEc="}},"gOig9FB7WCokacd6s1akn8JWnE11rI33q7f3De4kg9Y=":{"valueMac":{"type":"Buffer","data":"O9rOuC3uKzoURetjNQ/PHFIu6bwVaO6QQuD57Ve5bbk="}},"HjdW3UZqlx7i9lGdL0iCV9wqPmSW4ZncjqguecaqBR4=":{"valueMac":{"type":"Buffer","data":"kDCkhe2eW7oO6vuu8mwUqa40Rz0T35w6YxmQf3gwRVE="}},"iKOM/Babcb/rdFYbQndVox7OpXEsL7G70B0JerGJ3u8=":{"valueMac":{"type":"Buffer","data":"8brfbShfIeP9T16XbZ+suyZmQjbn323Hct7mFccS6aw="}},"jL43c0vyaEE6IoaHqxf1+iUd2aXPuJEdS2Jb+13UAJ4=":{"valueMac":{"type":"Buffer","data":"OUB8U4EpUfCL7TKtwTRWZ6KMAYALR5u8yTybxqqhMog="}},"5tHe7of8fTt7+nJT5R/t0y6URpH22jRevWWERRotcIs=":{"valueMac":{"type":"Buffer","data":"kjET9i8rhoFZN2V2Pij5xO8X0czsgHDyphS9//OhcOI="}},"kefPd9xDCFIaSLW0Qvl8l6PM//7WnD++ktcATEnGvu8=":{"valueMac":{"type":"Buffer","data":"nD/DLujgz+nCyE9212nMFLlTsioMQDQtJe0QSZcyJtA="}},"vPKtA3r+vl1fhglte2yiD97/0uyKoh/qXzNKyc4Les8=":{"valueMac":{"type":"Buffer","data":"fpvS6f9m+XplhK2CmSwHkaH1X8orbclbxq5LeE/MDrY="}},"u4FhSobfMczypaZQ4oj8eQEvpVqmkUwFkC8nc3xMnGM=":{"valueMac":{"type":"Buffer","data":"kBIDpoyZr2KiF8aiJhYTxtGqKsxsnU+HdNQwAGsVasM="}},"QT+VAoTWo8l6amniuRVxpK+rE7a6urVQMf4jGMNr5HA=":{"valueMac":{"type":"Buffer","data":"a/AgWZ08BuB3j4Hr8F8DdqR3gdYTgboIHBFVl1x3dxE="}},"a5+6ety/CRF1z1bQ2MYn3mnW6P1gJJEfXVrmtmsLuzc=":{"valueMac":{"type":"Buffer","data":"gO7M2u0crtBglXiWyeGa3qH+4U7gIpXwQuvBwostW+4="}},"YEILfydnlxp46fFD3AETZ7kFm33PZz10WlKAqMnKDjM=":{"valueMac":{"type":"Buffer","data":"j7K+OIDZmxD1nabJYZhzLZXeVsG7qIhZB6eqRq7Dm6E="}},"8GQPqpYiZsNX9wMlVQwedlj9h2j+TQ13GCcrKr7rZBg=":{"valueMac":{"type":"Buffer","data":"RnllETtWBmfAwack7/Wce71veEq9VnhLV7T5iulcjzQ="}},"XsISlALoGfDoB3S3RlFzaVgCkwYGPNeax3jqNR6yQ/I=":{"valueMac":{"type":"Buffer","data":"/r5Fc1z6cwI0lj8HQSbeBNjM1gAZotkS9Nrej+vAlIc="}},"6mTc0O8Brb/YL8LmqRppa/OdwEuG9PJ8dx1fHPGwBsg=":{"valueMac":{"type":"Buffer","data":"yLZM5WlnqySFS2TEARWXfmVsPWIP/9ZYzfNnwpJEg5o="}},"Grq0nQ3QIQmIClVUiqM4WMEXGcUSD/nVASPjZogRB6g=":{"valueMac":{"type":"Buffer","data":"KBoQY6zJtM88QV52K//ZVshtGsHOm8BRquxiAisp8k0="}},"Fih9CTnA4+W7HKlcaAjbS4nM3OP1l30/Y9SkAmDd3Kc=":{"valueMac":{"type":"Buffer","data":"2oATba8s1oxVCEEc+UsqAhAGDci6o9khzj5AnXUm01Y="}},"Ubsc8bqWz5TGZvwNY7JDSi0O+FKyu486PvFfYAYN8qI=":{"valueMac":{"type":"Buffer","data":"lhEtrqUl+Bpj2WAUusAh5sIFFLXqyFvbwltet3FPPy0="}},"/AZTsoQonYA2tWgN25hLvCmPiEpuh/+Cmhzi48hjxh4=":{"valueMac":{"type":"Buffer","data":"J3sbU+onSJxVc2wwjbZkXl5HvOu5TTMDUU53nnXlFT4="}},"zcjMNXTVyXFWrhXE3Ih1yBPjXhz1ZCV1/kBSW9lPKDI=":{"valueMac":{"type":"Buffer","data":"syGYfLR2El/OKTYTQtF6tDd69JuoDV8JjWAkjxSdnZ0="}},"TQR+2eiT58vkS/4xxDxLffEXac5dKPBZzdj/5Ut+caQ=":{"valueMac":{"type":"Buffer","data":"SmYEgS2CDMJU4OAJUWW69zqk8o22AOohSiDGHO7gn+g="}},"9tLg1Hl9w9ZpS6wj6bdAB+ywTBWHJtBvM86s6rDCuQ8=":{"valueMac":{"type":"Buffer","data":"0oeugd4xTfrD0I9Mmk7uH+o9Yim9m77kAdxYUn4KyF8="}},"CqJ05/hRFQsxykqtszczXZ7hwKX4+ZxZxs/VqzxVqrg=":{"valueMac":{"type":"Buffer","data":"msv6wDmlcNtQleeKkAMQyaPBWPdi3mcqs9Xo5F//2Y8="}},"fL10t2TspOKGOE4qUIwbMTpH/jHwLyKsP+r7dwqzDDQ=":{"valueMac":{"type":"Buffer","data":"pwA6N2Bw6c0PJpp1xj6FRuD6GGdoM2neQlBLlNnKKXE="}},"Sj3RFjLfaeOPdAcgy+NvBYBpKaroMR7yvfxh5PYWLlk=":{"valueMac":{"type":"Buffer","data":"039ylGZHxbBXtWuc/WfmBYggewEom/fdMFHfSpJvSfU="}},"kFCy1ASwrSpxIs3G04gkuJY26IqjDYd1dEEbxfAe+44=":{"valueMac":{"type":"Buffer","data":"t1bBly84dH3iWXDBp/QLJakLLSNrIQTL/DEh3K1CAQk="}},"DK9M8I4N7ZQSD6MVLe8uXMlcKXFvOdwqKgd42xrMgrg=":{"valueMac":{"type":"Buffer","data":"flW5IsymY+u3rjLHFqfBfWpzqCvjG+1mcIVgl3kgiEo="}},"hE7GlBVuIle2UCIIQuM95DVgjujcYpCqsSoLvSaox0g=":{"valueMac":{"type":"Buffer","data":"boar11hWxt2yD4Qb9P8DMiM/FfOH3ArxMNtinFLMXG0="}},"sm4nZsT3gE4TeSllHw/xHEzErPuPD8X5FRTk6iss098=":{"valueMac":{"type":"Buffer","data":"VMbXcNZUmQnVjRoXZ4q3UvC8obrM93i4lKengmBrtRY="}},"ntsLFIYi5UbJfn8aSZcQ9ACn0H7QVRFpWHJijcDyhL0=":{"valueMac":{"type":"Buffer","data":"kEfXNxgfT2ufxAiQbaRjFsA8y3QjyXaoGmZl08wuciw="}},"NmukI7ImzEKK3u1CFjhLivi0Q6IgQBCbJyraWppK+JI=":{"valueMac":{"type":"Buffer","data":"xkXp+QtpYMWsvlGGiAgolwWZrRe+pKiHlw2d1/9mk44="}},"AgNb4CPixuDbJK4KZewS6hq1BzrGDAvzZMM2NPTnilk=":{"valueMac":{"type":"Buffer","data":"1l3D7FK8HyqcFpDeroDkIv5nctrIoRoFMgiaeUbseIc="}},"wdMcQP+FBy7IZ8iZmcTq6uCCxd/91Qw9hoKd0gt53g0=":{"valueMac":{"type":"Buffer","data":"yvdP5jaBvdb5k5HzYx15cd/15mEQ7x9am4qAzhdjglg="}},"jrJN53BOk9tmBhOXv24cmpbqVtnSDpaRO9nfEIBi4lo=":{"valueMac":{"type":"Buffer","data":"9ab3kmBuMwi9AgqucHUG6JES3K0CvUtrE1RIhY/7YPc="}},"dVfR6X0wnMFxTic1+hl198kEIFvfnctnaFJ0r7gsYzw=":{"valueMac":{"type":"Buffer","data":"xzydV2kQynoT9JTyaa7pCZZOVFBF1kJ747SYyB8PwW8="}},"2ROE/+NvQjfwM1NFgXmzjGmhKWKgvBXqgtnXWorukMY=":{"valueMac":{"type":"Buffer","data":"N5sW0nIaFbgA2NnVLJgjkGkftNmdqwsRZ9PR8gcc8Ug="}},"hJSFh7S31/VfsG8jIVxk/g6LZoO27mYTVlESXem/A6c=":{"valueMac":{"type":"Buffer","data":"UUQuvUb7NzrlStjOTGqH9eEnOz1i818tBllw9jYzMUA="}},"bY7M9d657xggWtSoCBBvhMQLI8FWiw1iSGb5fgU21n4=":{"valueMac":{"type":"Buffer","data":"nSaNo+Vo+AUqyW41VJoquUTUm19nUpsYWRWvL+C/k5M="}},"avIJhPIHU22cQq2tVMD4xlrZwoJL29sJZ1KTcmXWFto=":{"valueMac":{"type":"Buffer","data":"vBnThvoYz3yHIatfwPwZ14mJu0tNcGhZG6ndapgau5c="}},"5+sHrb3+1AIrlxOJRXyKVaKnRAQNteTn44apv1lmrN8=":{"valueMac":{"type":"Buffer","data":"28q0XRbm8slUcgvM7LE+UUENNlZrqZ1kMr57zJeZQ3M="}},"hgMI9d6giyeDfJcGdF0iqpBJhVXGpbiqRqCGjygu+2A=":{"valueMac":{"type":"Buffer","data":"xABY9LG5J6ILI5MNtfCD9WA0+LAO87i7onqKw6/RvDc="}},"xGY6/hdTlGHHyUkzl3zJsQTH3wKaXCifWioJ+9xG410=":{"valueMac":{"type":"Buffer","data":"qej23XSR1nC37PZpqtfYL6Hm+E8CId8hlAOkj5a/cug="}},"8KU8u0k3vLGCJXpdSOYhIR3dFf5sOf2a+s1y6z19iBE=":{"valueMac":{"type":"Buffer","data":"N/Tyf5+M6ok22Z8DO41rs+6R/uMX7ez4rVn+Pd3wAYs="}},"NDl7TGBWsJs/zWN3U+ILV1XS/jOOxWjET3mPzmZTmaM=":{"valueMac":{"type":"Buffer","data":"/YK+i0HwWNJFeMhUVeHYS08sg0PB2rPP1nLFZSp+mEA="}},"zryrwE7j6wb47Vxa4zC6cYj4SHrxVyLEvO0HVEVXelM=":{"valueMac":{"type":"Buffer","data":"+aSQ8WPbydhaGy6VMebIQZD68vj08yt5ROjyvnuHjYg="}},"vvtxTmiXTc+o4ecfJc4qleOeynxlaTpxbEkkfG8SBe8=":{"valueMac":{"type":"Buffer","data":"7FM9qbf/7hvEYl1ePpSEla4ni9CDZUZME0+6dLu683o="}},"L3y1AckGDm82HiO82Pc8DSpxKGv/IgbuB3yFYZZoFt8=":{"valueMac":{"type":"Buffer","data":"SR9Kcktzx2ydiuaBWs8znhlgYQhOp1mZ5SvubLVQQlU="}},"85bxRRz/yaU6690NYZ5Era2pf7WyJFwgRp14SmkCHOU=":{"valueMac":{"type":"Buffer","data":"eETmrvmW3G+5AvP2EG4K0fzxO/TO/0tmZm6vNv9q1y4="}},"XATidr4ao97rMhaYMPuk8pm4ap4zRsuB6wZA2YHLlvM=":{"valueMac":{"type":"Buffer","data":"j5qcdNeVjZlLTWw9zhXTCM+4tQEFw7k80u20iePG+Ss="}},"WYjL8ccQs7ThsVCRsr9clgHK08v9mLZUOjSyj5r+hRc=":{"valueMac":{"type":"Buffer","data":"a67otpTv5GaZsU2qSwnUH41tUGUV0bEzQKaiRQCWuWg="}},"JDxMoD2dK+TnolBU6osgoNeXy/nHgzQ/zsspYib8kNM=":{"valueMac":{"type":"Buffer","data":"D46+Y8uJe2cW56kQ3mOfGDE6ZuBBNvtZ1zt5t3zn2rk="}},"RlOTAoBXLUbyoxjE1A1+KA0gAipM4CPlYTDHuRpDIlE=":{"valueMac":{"type":"Buffer","data":"Ndku57tms4JExTnhakzR2yIfczusIiq/gPcDCwvwdp0="}},"egzXTNDMP6+BGsNrXQdflnN6CG819HrX/lXmneQmrL0=":{"valueMac":{"type":"Buffer","data":"7wZHQmuz2EKzYImZRAOJn1SPFmchLd//+5CYuFgQ4Jk="}},"6ZSqikx5ZLjjeNgSwvOv1NDireeB/sjfrVFbMzaFrng=":{"valueMac":{"type":"Buffer","data":"Syd5lM+ZqpiyKpSf3QwqhoDou6X4cq0ZXN6RA3tfLzY="}},"qEzZedJXwUHuBmTBcZuGiiIIZf2iFVe0o1HjS3k2uwY=":{"valueMac":{"type":"Buffer","data":"NOmua1kmyb4v3yuqQRJeDb8wMtZGWZtaRcv0J5iiPm4="}},"qI/a5fMVf2pp80sNj+i61K05GIH/o74E4kTz16o3g1E=":{"valueMac":{"type":"Buffer","data":"yEADQIW5GQY5eH0PVG8mYkwpauVDSIOehlM62n7EVqk="}},"iayjk1OwSCHlvDVF7CzH/yJQ9oDUsEPw1ocxRXdYR5g=":{"valueMac":{"type":"Buffer","data":"AOuawAnEmY9QaaUH4XvnfU+aUfvPvgWdqov8ZMoYphU="}},"ZsBW/ZyVGoyTEIEG023jN+Tzk/XJyIVCyZuyI0CLtAc=":{"valueMac":{"type":"Buffer","data":"2/scjvGTpniRGomY4ZZVuAC7qUGojcSfG910ufMQ+nM="}},"rAzbCrB2xsBf61/rPC9OYq6vkF+WMqv+iV8/xQ/ox3w=":{"valueMac":{"type":"Buffer","data":"t0cHQ2LZ6e9h1wNfLpn0wWdnxFenVzXo7gq9X942hsk="}},"9W2cH2KuZ5lfLELtTU5V3uG2eyPriTesH6XpKYIN/Pk=":{"valueMac":{"type":"Buffer","data":"pxheVOsoLa+SGyKnlK0L3H952m+5rVpPCHT5jGLNAUg="}},"ZZu0Beaj3eiPn8xytTHwb1ogwrKu/eQvB8iNimrF18M=":{"valueMac":{"type":"Buffer","data":"hxbE79a+VzMTLkgXVjoBPB349bwCrJnkhfKV4LdaBFg="}},"JgMj0PjTjtoYZ/Z8u5Y7uIVCd/IO5whwa2xdPHJu2DU=":{"valueMac":{"type":"Buffer","data":"a4o3cDUjKGShMxdlvZYApNndnPZbWgRs6bDZT/fMNFo="}},"Sdx479Iysjj9TA1Ok4svRCWQ1anCFLE3CuC8qSKmRak=":{"valueMac":{"type":"Buffer","data":"dTAvIIQkmrRWUWjN59ukXgwMgibngzHl50WZZMPnGtU="}},"noGEZpDoesmNHJK9q6VkjjC/BneqApGbm+tDwCjhT0Y=":{"valueMac":{"type":"Buffer","data":"rCfxU0rLlv9h/ffKHQ/SJPOZDuHhzcQIKbmSPDESm2U="}},"Wq6jD0aR6BdyR4ir+VJ9kRXkNlPwRg4DfCqyAZj6Urg=":{"valueMac":{"type":"Buffer","data":"J5aE43BfrtOjpALr3s2YUzyADMIY/WqQouqD8WjBgfA="}},"9LukpIcv47AbRRrjgsKAK24swIcNlYFcIoTJbbMCp3g=":{"valueMac":{"type":"Buffer","data":"Smq3DVHIEMBTZ7aVvbUv3nsQP5OZGOir8v5BQZQsLTw="}},"rpX5Hii4htOIpis9xgKADaMPIoq4BmR2SnXJZkeNfzA=":{"valueMac":{"type":"Buffer","data":"5bPnr8xYGfbZivjqPuwn7QyetNja4uCH6lJ5sKcv4G4="}},"1zLFOgfpuHXvdox9TqeOveMY4p/XHSSYfysZHobwNIQ=":{"valueMac":{"type":"Buffer","data":"rbJBVK39V5uCeVJ3CP+xoWVFvVD4AQOEuu7/SSFrSIs="}},"1nSoxoyNejAt2KZabwA8K1VOvGI+yZEHIDXKeVGg/II=":{"valueMac":{"type":"Buffer","data":"geqtEOkP7/BQJj7EgIiJbK95XFoptE1RABI0ssVVf9w="}},"kv/xRLTq2Bjxved7a17L/OF8z0dPvTuYts2wPNI4ZPc=":{"valueMac":{"type":"Buffer","data":"IUa/3M4Qy+EtYiv/VfrkNliFQFWYohTPJYDSKqXBzFA="}},"uecI9dgorFGcWjhApkWMVgb/jgIIi3AwHd40SjFL1vc=":{"valueMac":{"type":"Buffer","data":"/eV6PxARp93EGnTDw6SCcEjfsxb0YInlgbdG31AHT8k="}},"JhDDtCPiv2uw5RoHIZiKDF+c2QEBPudnOfzHXHx44xo=":{"valueMac":{"type":"Buffer","data":"hgFq1dlA6LM77Y1AjCUA5DDgKAFTgpsuosjLA2S4I1w="}},"nheyn/DAAslqRE81ynAPfNoDkNGMMcBonJfyGbgBzng=":{"valueMac":{"type":"Buffer","data":"PgvhYc/8h4/0jJVOtpuhvuXEx0HlbayIjb5NpcwO+Ao="}},"v5KJRkZXcmnLHLczapw7mNPyOQRlyFblFPtJ6cAYPxc=":{"valueMac":{"type":"Buffer","data":"YyVhk0dT+w+S+VQiPHs/ZAYhbbRiz+UBluMcUU9agVw="}},"LQ0LjAqTZDkPSbrNDwen7Q2cd5JgupRhioaxCbi/jp8=":{"valueMac":{"type":"Buffer","data":"sgDk7hNJmdOB+vGfRu4KAoCMctuPAkmIz0OTbOWsjsI="}},"tuPt6e7Ppxbwnd7bMiy/hrN2MfpHdz4A0UnDtp6PGFs=":{"valueMac":{"type":"Buffer","data":"xuNtWj3uo8w61Wzla4kijSWyHotWQThztMkmMLvH4oE="}},"QiPnETTcrXj4t2l/rkWKaAdtyl+wbyL6vqB1CejWMIw=":{"valueMac":{"type":"Buffer","data":"ULRAknIy+mf9bUR4lHgNsWcfwJ8iRt30+dZtZJc3wlU="}},"OYIQql3GVNKgEBYmMCxLo7RxiPg6Je5ErN5A91ALRbc=":{"valueMac":{"type":"Buffer","data":"3RET2VDtxgCLJCFqEFkeTAu5doOO5GmKeaCkHYo4O0w="}},"xe+1LncA9BF5g5phnZmBdPfLvQeWLZNw9BOXATdLsvE=":{"valueMac":{"type":"Buffer","data":"cZqvmHyTPUhKMQBisVtPGWSTCOAB9PSqMf/piEkJp7U="}},"fOvarhxgN0fCw5DJLKs2mVo91VyQnkFcE6z15fKqISE=":{"valueMac":{"type":"Buffer","data":"1pqtR6jHCEJfQXw+aN6QRO2Z+k+zNTa5HEEpIlWv9uA="}},"9ksEl+ODaF+hDEbg/1KvP1rxzIloDKBBXZw7eIasqME=":{"valueMac":{"type":"Buffer","data":"t/K327o9cl2sugMm018e6wE81T64KL+eOXcGBpk0Ayk="}},"5Ci9NaFq4XNED1YM4vZ2xYfL27vhq8GqhRVIDRweAL0=":{"valueMac":{"type":"Buffer","data":"yDRHAJCb4XXef5bsBEZLs/MBM6usMQHN+D1dwUlIwJI="}},"uMwjyj9ukmu1H2nkNNUsuzAo72gO0iT9qT7oYvCh4DQ=":{"valueMac":{"type":"Buffer","data":"4jvgseRwL/JewY/PggzTzQI1TXu5/gnrgCwDhpOzuUk="}},"7AptxA/UtBu1LA5WkDYUH5POPlxIR7NU5zIUPfW1lo0=":{"valueMac":{"type":"Buffer","data":"8m0lGeJEMjWgWLYlTqUkxsiRMaQ5GQEKYmrQJKSczhk="}},"0ND55UDDOwx/0vcazDRT9l1LE7xQlr85tYi/fyq0/1c=":{"valueMac":{"type":"Buffer","data":"/xT6VShmwNmXFyVPPHyHpJHHPwBh/n7PljxSH7Cw97c="}},"v+djho7A2dLYWDVQ4tcsJaN0tCzPUHeCyg/aVTSuSmU=":{"valueMac":{"type":"Buffer","data":"9PfKC+ee6rmvUrV4vPhA6t2zFzTPxIO6Jzr2FU2IE6E="}},"mFnz6FeB61zR5Sc1G1NlhILle9KuhRKDDLVg+GdnS1w=":{"valueMac":{"type":"Buffer","data":"FgBA4EOw3NA+4PIgxOEseLVrdBg45TULDnC2VgdVt8c="}},"SoHZJdr3NrIhhXl5Y4N51OaQDptruBx9AwJKBA0dr/c=":{"valueMac":{"type":"Buffer","data":"5DL7AH9biRku7N0D4xB1cLxu0szqcPWOnXmRxq1xpzc="}},"UQ55Ivq37jmvCn1CAkHhpYe+ArDZg/WCdFTwhv2+lQA=":{"valueMac":{"type":"Buffer","data":"/h3HhK+X0OeLUzirwCSYRl3SVFbJZANqTBzWEGhlH1k="}},"Bv72ng/H+VSCb5N/cUeSOCzShwSxTYk5TBMIN0r786k=":{"valueMac":{"type":"Buffer","data":"N8zu+l5xnjieHr2MLrj49fsCygwSbqIJzCsCqVuNp/o="}},"ZC5MTvtO+Ez8HnaQ1gsnXHSFbRv9R8hPhSRrRZfUz6o=":{"valueMac":{"type":"Buffer","data":"b4Hgu4zN+Ze7tF14s3UnYWrZPmIjHLHKow4GQd+LA78="}},"z7ex3cVR6eVdCQ3sUEPfU3RNbCPEJTBwUwmVWBtWbNQ=":{"valueMac":{"type":"Buffer","data":"RHqqwoT78y1bp+tZslaOY853ooXxcb5oyl/iV6GbEpU="}},"9T+L0mJ+cVoMBtAr/txT8x178a0d41vivG86P/LrgQE=":{"valueMac":{"type":"Buffer","data":"Vp2nUOXrW2yOPR/EwWdbwJ9DLFqYdJZBTacfALJWtiQ="}},"TUqBDNGw4rVyTNfgwnaclrUznd5KLc9Rbfy5WolRTvs=":{"valueMac":{"type":"Buffer","data":"XO0HoTbg2/Veh3r2vKZepk+nW70q60tSxncEsHMlSD8="}},"g2rG/VaJ8b7fmUgN+Po37h2a/PHZnXsoWTTDWYx/Flo=":{"valueMac":{"type":"Buffer","data":"kTP6uN0kiaWPo/s8YU+F5DTtf/xrxy1+s4h0oZKIToA="}},"N3TUbNCQR8PidQJ+BguBmNgofQXEuLwEhWzD4pJtCU8=":{"valueMac":{"type":"Buffer","data":"3JdwzPVFTLlWsqIpQigbyKYp2SmAOhkQuDjZFXjrouU="}},"Nq0mqDBQbdHsKIOD67OFy0gL9TfcNDtFO6cWagG1eMU=":{"valueMac":{"type":"Buffer","data":"F5zRCq4rpG6pS0m0YMBqbLn4v4TraKqo0QDDpQ14+Tc="}},"e68zyURRp+44DEEg+BNcYdeJgbDJRn4+qPMdWNyRSPs=":{"valueMac":{"type":"Buffer","data":"JQqT+ZNUSNUtgIZtktHK/J8dsHEJ0GwqXVL/ZJCXhqM="}},"YeDTZO5yq7lFF6xEGGTNhCEoPu/CdSZaINljI8jLC2g=":{"valueMac":{"type":"Buffer","data":"eH/AizL2pAJzCF8pU1kI3tDNbyLhX5H5A2IHF88MvKU="}},"9fz5N2KEdbHTySqSna2NPZZD1aLWCMvFzsMGU/c4zX8=":{"valueMac":{"type":"Buffer","data":"6sgxeVVz21Xw0Jo4eHjNmbcQ+qQldlbVK05sv07vefM="}},"vysTH48e0x7vTXcshuVplLV4Wn1B4txYHvotmohVs2Y=":{"valueMac":{"type":"Buffer","data":"WweZ+GnXDU9C665VqZjeZ8fvrqcbh/5aYm/osXGnbtA="}},"embdKrGVvCMgjYh7QBBeFXpKFWlchl6Zbiqq7xbk7RQ=":{"valueMac":{"type":"Buffer","data":"N5098H6ITwH3ByyNDjTd/RKXDuweHI2QVrlFbk/mh9A="}},"JHpHGhSinPFZme6e5N3tpfxQOQ7N6U66C0jjLwSbLGI=":{"valueMac":{"type":"Buffer","data":"LfD8b1Qz9ZpKtbBBwWVRY6/0hoYlcWA+NqDTtJaDPSw="}},"hjo+OuAPmajt3FTT5ymtpwW0/OkvAmuBjmwta9wdEzQ=":{"valueMac":{"type":"Buffer","data":"PGoJGRObuQl9srqmuI3uR5v5D+VmNXYDxT7TC5icp7A="}},"oHVGOTKUWVmUpJn2NjnirehMrNBydEP9n8taV3AIKzU=":{"valueMac":{"type":"Buffer","data":"cB9kf3fGPB7x3+slOUJh1wZhWgKSZloU4Hh68lT6joE="}},"IeuvTATHEnvw2+PsTFV4gUjBgO3qyUTSzEVXkNXi/RM=":{"valueMac":{"type":"Buffer","data":"87qnNnoVfTdKk+cMOAjyr5rOLdQmoCvYMm3ayDw4TVg="}},"Y2LNsc4hDUdcuDJ31b6na2FTYSedHnJ+nOnRferqoAQ=":{"valueMac":{"type":"Buffer","data":"OKE0GsVCm66WTD9nm8HvQLXxUnJ+ydZ4FWkCt0sG72k="}},"Ms3NcMgdBC84QKGCADeJShZVC/zUVsWXDP1NPxhjiKY=":{"valueMac":{"type":"Buffer","data":"d4sGJDPn7Nzd/vCcKpTNRkc+IF3EhBib1LvjZ1Jc0vE="}},"y3ldBOsxqn1xvyRJFSpS5fWO1jvff54cmOxgIOez21s=":{"valueMac":{"type":"Buffer","data":"NKGpg2EUDuRZcpnk+ZlFsFJdDQIRiiLqleD+CEgUV9c="}},"Y/7JHMdNIYhmpteI07VcG4K2s6PKHtDHNrH91+43AdU=":{"valueMac":{"type":"Buffer","data":"ArHY7gltI8OC/rjF4er+C+Zl1H317Vtt3ZCOvbZiA0A="}},"1r9QPRsVn9AzB16m6kRPaGmZliPAXvAl1WW7nUuGsjY=":{"valueMac":{"type":"Buffer","data":"PoW72JPC7XOriEZiIH/VMJoL7JBhui1VtuhK3+Q5Zks="}},"ynhjjNszl08Zgczf4uGII/vM5r5foO/hJaurYmSNTaA=":{"valueMac":{"type":"Buffer","data":"+KNcqrMG72xFspB2dbedT/lR7IZz9/N58tRmiH5ptIw="}},"UTnezqPQpYOTw1AFJDyaGrQbCfv6+2Yri9l94+RjtYM=":{"valueMac":{"type":"Buffer","data":"3XYum/xmy0MnO/HpR+vsE+78q3Pp2X8PyLzisZSG/nU="}},"U3VJ3PVPALnMrCxJYWK9Pj/ZSh0VdUSNXakSRd7a1BU=":{"valueMac":{"type":"Buffer","data":"V2O5VwGDEyarv/HG4R7X0h9mnjwockXGTCEZTFOXBMM="}},"cylfGVZ0kM0F0GyaHKbSOmwod1fh2YG+OeUXtCU+ne4=":{"valueMac":{"type":"Buffer","data":"HH7MYawr8QzDHjKqKMMHPcbXCowxFli9Ca+ylG9ylWs="}},"m/sQeK4dR+8ztrmrbcBhRJT/kYfeTgS/LcMqItwrN+I=":{"valueMac":{"type":"Buffer","data":"Xrwa2qqcAdHo6EAGyZnuJTvbpXl4bVTqgKXbf0ul38s="}},"vNC+5Cr44r9CeguuE0Lozjpor5ZAzJMN7UgdIBFseBM=":{"valueMac":{"type":"Buffer","data":"37lxP7DTYgmqULuGALLgt/LjlhgShCFUqXbZcBSTeCo="}},"58Xl3y/ABNSUTQB17dRoHP2Ai2VVe/kVrTowqLkSOW4=":{"valueMac":{"type":"Buffer","data":"HV6TCRulCRRe8D+M9ClgdxlI3/c7cJP2CF6zITcncNE="}},"vOHR0RIJxQr25sYlS/Y+kkKrKxKBlGJ64PjxdK8Ef94=":{"valueMac":{"type":"Buffer","data":"1REatNal98C0lgvUjMjFaNJ8H5o0DTeCLKtFN2YABu4="}},"xYNtSQZHKzcqS/zWZ50wY16XWBMnrx/TKSZ+YmyFJ1w=":{"valueMac":{"type":"Buffer","data":"gxMZPxVlnCA0JOQyZ4biejA/amYSl4MemVt6JT2Zqxo="}},"FC+mUAAUmBLUNU5etxWunqTsJFUtVH41+gu9a7UE3X0=":{"valueMac":{"type":"Buffer","data":"f+frmPVtx3RIX7/St4t5xfgB8bd7czFjpUA8BlhammE="}},"yWoJNOVJRG4Sk/j1W8AAT0e+BiCF/ti3DPjmTk/zk/0=":{"valueMac":{"type":"Buffer","data":"T4J4GLWKd4aeIHQ2GCU6IlUOOE22+OlZKwIUtUFSpOY="}},"JoU0cOM1IM1oq1Gz3YFqFnSCD0Of2XR17QgDozsIDRg=":{"valueMac":{"type":"Buffer","data":"8kmPPKBFBUGFCjUVQm3QuWcM897FgoDHBBwrhkBNCTk="}},"yMzaFdg2q93ADFxN2C3y+0SBqp3syU/XO2rc/J2SBKA=":{"valueMac":{"type":"Buffer","data":"27rGEdoA0CmWtartFVFlao2xBJbzJDlPbpGrqcgRfHg="}},"nYEqdJaQF+Xd5DlDPuF+EaNuu6b6kGXw9Gm0cXUd2GM=":{"valueMac":{"type":"Buffer","data":"2Zc9X7GEvJDWFibPfVvgt01pdMnQIIvNJyDMrJEBPuQ="}},"yH7WthTZ8K0+4B87j65AZ1sGhVfXJoJ0NI40ZSIrl/c=":{"valueMac":{"type":"Buffer","data":"We4q9Klvd7ccZhcML/br+gTRUHtHSv7VL0zcD9f+Hfs="}},"7fFJD2c4cGH1Nr7qCcGNiZANCRee4xgCsYPoO4Mkeec=":{"valueMac":{"type":"Buffer","data":"H7A0uCudXqrnnETgm78xG4yWfN8oBMLNU+7JZM/AcWA="}},"tHMglgOROhPI+BnxIE8kvNuYaTfejtCn/g0+kaV1Y7k=":{"valueMac":{"type":"Buffer","data":"XBs/hXb1E4Rsejzt1MvXCOvyP3hyhX8Hl8EqYNw8jOs="}},"zEX8T3fn4mukTNfZfWl7LbTC7M/bkcsd2yaJy2xEuus=":{"valueMac":{"type":"Buffer","data":"sHv1xavA71UL5aV2CZczhqvjAP8ai9ktrSV2tXIKrQs="}},"sV9eRzAVItYgT0JgeJQNHuo7ZSL0ZSX4Ykj8lD93Svo=":{"valueMac":{"type":"Buffer","data":"p7jnPk7z2dN68hkIL/ZxwlbC9jtlDR7QYsgsEQeK9yE="}},"wQJjXGVzAE9DRWB0mhhP+s/giW7gYRioTSp2UKKA1H0=":{"valueMac":{"type":"Buffer","data":"QAb771qfmyGXjt7CAqaVJ4E7xkhpbjNS9eTs9BsC6kw="}},"Ug91Q9zf46kxICSTfBMgRL1G8dUn8uEiZWs+g0XeZsU=":{"valueMac":{"type":"Buffer","data":"GztZauuvfz4NZQsoXSshIuwICat1c/Z88USDUhPC89c="}},"ZHsF2lrMZOc6g1I5zzknjnZ6Sr7Rt5M+EgWhWVruvSk=":{"valueMac":{"type":"Buffer","data":"hMReFJsQZylvod3dQcOjQhSd7l8Vf4sxnWSTjcDpyq4="}},"DP++Jw1xnynAB8xSDoss7h5zSDMYO+r3KE9JsHWNsk0=":{"valueMac":{"type":"Buffer","data":"ZlL/5qUp3DsD44CBBXIEMjpUjnobDDCsKHORAzeH5JQ="}},"ntQSXfKRvf3PLsfWtKKAGSPn6VJHP8tQgsHrbT/Gj58=":{"valueMac":{"type":"Buffer","data":"dRBmlXdp1bHFfw+FwD5tN7ll67lcmumzCwu7/081uQo="}},"Ie/oI2qE25Db+7VvWOYbsq5Gb78/lE803X0xBDIj6dE=":{"valueMac":{"type":"Buffer","data":"nUMabvYZYSxLnzzhXPMG00UHUnczDo842wHGx+lHycQ="}},"bmIwSAEUkSBh2548PnqZaHh02PTFoFGwflB+JKgsmm8=":{"valueMac":{"type":"Buffer","data":"pwQbScim7bYFkfpE9mcYLXjP02DNcPVM8K6rnN0GFoQ="}},"AFG74FUy2Byc1MuL/D98r0/l8pJh+13IBAbj6ChxA1g=":{"valueMac":{"type":"Buffer","data":"QdEZKYsfymnuQI0jjuKXs1VYibB4LH5h9A0HxSBFsBs="}},"MuHlXx3OqAyRGk6aKZezgrm1KND/7kUFi/oLic153Ao=":{"valueMac":{"type":"Buffer","data":"m6SevsgGYmQ5jdZpM4O+hOu1WZGkdAfvuu1FOXFttJM="}},"+0ervZiMYN+3OjGsHw6TBWhcij4iI6WZ6M0s48anX0s=":{"valueMac":{"type":"Buffer","data":"lPzgjCdNSkU01IHHGHguSXy/17n1NJawR8RVcxxxSx8="}},"OWnSIu1Cxp1syUufFmso4uqWtY/O9aBFak2RLDIIt78=":{"valueMac":{"type":"Buffer","data":"73q8ysbANvKlYa4m/1oXsrufPqPnUR++hGco1jEUjJs="}},"ddl+xxE3IDTfUKN5qarJnssuSVn5M/3+hKgLW6GnoRk=":{"valueMac":{"type":"Buffer","data":"buooQnmPaCmNdHPw9AlAz+Tidzd0Bjxv5k/KhnCWe3M="}},"Dv7D6B0Wrqwc3pix2+F+/wto0U8YSbfoQatEwLe8pWU=":{"valueMac":{"type":"Buffer","data":"OxU+Gskxn5OcOSp3qjEGI9Pw+lLtTqDelvmD7hr5OMU="}},"JqbLbPRCypqBwE4T0nCt5nV0AfEhBbW1+XCwuYvcR3w=":{"valueMac":{"type":"Buffer","data":"KrRu2azhcBq/QchPg1eLMTy9ONjNEZdkfcVUXuZ8Xq4="}},"wxo+kP7duZVRxEp2FjdnYVL6NZZabmhKHDjwvj4tj54=":{"valueMac":{"type":"Buffer","data":"aRYd9z6xhdNuXER+ZeO99qtLwQN2i6UCInJkyWwzMGU="}},"CKy0xqDSBQEwULzve7rb7b4uL0vo2A/srpSaBujEofI=":{"valueMac":{"type":"Buffer","data":"6GntJlvSr23Vem25J8auYdtf4tFoD5LFFpaSESdPO0g="}},"xUbRXJktrWNCUxWBKmqstS+7+5I4KbBhaiEabjAyVFU=":{"valueMac":{"type":"Buffer","data":"E2UkDLwbPluv6q9BY/oR3zAdBB+PWyl8Ra10QR3kaIM="}},"hys8A0/K90Mu5SkRRXpQrp52jSkRm3o6xYb3EhakVtQ=":{"valueMac":{"type":"Buffer","data":"FxUURT9EptJgjdE3B6RMIkh7BbP8kzQUqcy/s4A3CgA="}},"jPreD3ww+Q3q83uKUaXRJsMKU2Td33drgdOWgkKxRe8=":{"valueMac":{"type":"Buffer","data":"CxGjjsvKXWQTGMuOjljNCeGtTXaZzpMeW1cx9+kh79A="}},"XJHzH9RlIdCzhUOrqXWQbvRIwFGxNG8LecBV8qCMZe0=":{"valueMac":{"type":"Buffer","data":"CnUvvc3JkkXugzpqs6XiKjS7lVvSR8LvAD/wS8YLEbo="}},"lcdKXXJVEbtyA0uKjYBi4j11DQvYgUFTgHFPZXxHwAk=":{"valueMac":{"type":"Buffer","data":"yJ2v7bsK4ZKVlecyIlTVUr54A2lMUwALK3zxMmpUdpY="}},"lXjiC/S/p0Dr6hBRfemT7H9B+rBMFhYNmFcEd7nF0TQ=":{"valueMac":{"type":"Buffer","data":"DRSY/G5+d6Uwr/fol82zBk6xCqUf4w0BHXsZyur2zU8="}},"q8s9tgBjZ7gR+GJwO6G66yxMc7qJQ90m7TiLDNTbYnk=":{"valueMac":{"type":"Buffer","data":"22mmi7nPIm7v1lHvdzOWuZCblxIUYdI1v6UydeYSHGU="}},"wr6KWMMUj9a5i2BCa/G9PeirJTfKbkphPEEpy6vqWpU=":{"valueMac":{"type":"Buffer","data":"dBEvQ2UHdcFBLyef0rEaEigDmJCG+lHFAflmXGMFQ6Y="}},"Necg+NM8mTqGptzCUz+F7Lj0cKIlPN2e9A5n+dT4RbE=":{"valueMac":{"type":"Buffer","data":"ozpLV0EaDOq7jlsXVSM5ifvHAQJsSLOZTs/KrPO1k7s="}},"aLhYNzG91/bq9x9ClD2uyuILGYOkR/BsmSUsEqUUa3M=":{"valueMac":{"type":"Buffer","data":"cTIk6camTWn3wWT4/ZvvpQD+1LpgN1zKoJS9Z5naGVA="}},"VG1l/Vgk2iuUdGPq5DH8fa2IVwzKcbGKgWy+DBAd0Kw=":{"valueMac":{"type":"Buffer","data":"lGSRG4YpFuXhutrXPUB1CZCa0m8x9FBcrn2NV8gzMT0="}},"fktBda5e9mGIj1SVVW8zo9AW68K8Eob0awQ8GUlktfw=":{"valueMac":{"type":"Buffer","data":"+TC3YBa2RV/9QJtHnkTjfs0XtxkTeBhgdCnkDhGJOtc="}},"SVhTqpCzYZz9TSQqD2HCM6ZSlrZCfnIYE89s1FXLpqw=":{"valueMac":{"type":"Buffer","data":"StO9ocV2xhO06yqUzIGtXBa/1ao8k1Tn8MfcQCBk1KI="}},"WxbfstQP64qON/+EDYNNzcTDC7kWTZYh+EOI9UKXSt4=":{"valueMac":{"type":"Buffer","data":"J5IpeXvp+EilhGRXDA48UkydB6gj6avHkOk0PbNWpr0="}},"2Lyzhq+RTEeWGZvy6uT1ewru7p26PQd0ZgNWSOzo6y4=":{"valueMac":{"type":"Buffer","data":"M375UJJEOSrZkzzOCUgYWzS9M1/5JCY3GPkLkX1273E="}},"x5uJ3BCRYbcZpPQdzUvm/zQUTzqYE/x4hqZtr+en5Ps=":{"valueMac":{"type":"Buffer","data":"zyZ2U9XRgOSev2QbV49tLSwDNdE4ZXZjCrEizRwTwHw="}},"wlInEMwlHCxyM1m0Fksk0BtcDMyMkkEB0JzV3eWFzq4=":{"valueMac":{"type":"Buffer","data":"Ve7pzUiFwt9SDd4NmOO2eX3AKJ3EHT7U4nn0p8DVEJE="}},"BDdXLAEG5Z4HD56lj8YTqQDS3Qd5NzxvF7d2SDX0yBI=":{"valueMac":{"type":"Buffer","data":"dQZtfnaMxEcyOLEyXU4YHnykeotZ0a7jI6FfQqRM3M0="}},"cK0vv3SZ+BEeBgH5OC0NXk+C7n8NW7sJCAtd5VugaDI=":{"valueMac":{"type":"Buffer","data":"If1AWXknqppl7BjSVJp4LXg4V9wSl8zuH9VphNKamwA="}},"5xAIpHvtQ0mJuHHi4jlhp6b/ANIrhLSAkeVkYqMEErQ=":{"valueMac":{"type":"Buffer","data":"29SDUitm0mNVqyAXblT2F55EZm3UwvJ4PF9bCsPkJaY="}},"mvoUfJKaJZQ1uzAX9+X8mw71mosfCMbpV/o+zJ18FyQ=":{"valueMac":{"type":"Buffer","data":"3ERoibQc7R7Z63or5KM6K5rrj9V3WPbszSjNUaDLZ9Y="}},"Vat8EwI7n68f7oaFQUJEXyckns5T0hrl2d2IvyWt0/Q=":{"valueMac":{"type":"Buffer","data":"8sBe1Dw2ufcNt0j9iQ6PfewIaPuk1Tptclx5bMsn4Mo="}},"p1GyiA8VKPTO/BVhMmAJ2QyLywVoAtCizIHnUgXmOc8=":{"valueMac":{"type":"Buffer","data":"fCkFGnCOD7jhWyxORBUm+sg+ekCyz+1ggaaxULFb0UA="}},"n5MDEpzi0RNv80zmRYiWbAO2OpB4VwKGrBJ+8mEpcvU=":{"valueMac":{"type":"Buffer","data":"Qh2FWh0b9dCdKwpmwM8cxRbR5A0PPL/JgoTMajzArwQ="}},"i2scXcphp+mR/tYjoFiHomA5piLLKgMvYQ01oN3cha8=":{"valueMac":{"type":"Buffer","data":"bkv3MYFNqvfVXxcT0qylKtgDKvd4mdaJAPGgQ8mjKW0="}},"lS7xJwEbEsrRVhlTn5DYrrgz6GBQRsWVAZxhoxuMzUg=":{"valueMac":{"type":"Buffer","data":"RzdesvkJBBM4C+acaBSEy2dfEKULDfbn9JE8cncBkJw="}},"E1t6ry+UVXVgHoO498DIfbwrzkDi5wVROOtvF+q86Vc=":{"valueMac":{"type":"Buffer","data":"5EuiBWeSQw34WH8/5z/AKr+wh59gq4+T4uFfR4k7D/U="}},"x0/lRSa4Njp5e9WT7AjW3UdnMZDXsytuTWT7ulAp1Kw=":{"valueMac":{"type":"Buffer","data":"Rb5BKlnoiNqeUBmR9HwNu+Jpgf2fk2Ryjdjxs2Pr5yI="}},"epE9ncxqQwWd2VoFEHxkXcerTSreDNZLnro3ekbide0=":{"valueMac":{"type":"Buffer","data":"jpJN5kP30LdQBXnAaypBBSb2W9RcYaIY0Uq559oZxPc="}},"jrlpEJp77wqXpAQBSJVeidpM7NnSDDftpqrL1b5QIaU=":{"valueMac":{"type":"Buffer","data":"hc95pm4/VHoU3EdiIVsuEGTGil101NzkUoZSCZXdp64="}},"0fvNAx+V/v5SlDIrTcurkhsKcFkWXZ6WNW3FyzB6kRw=":{"valueMac":{"type":"Buffer","data":"67Ax4QU4cH2YeB9jzSWwOoypJPju/bA71hnlGXnPQys="}},"1rDbDibsshdDuPlXMwO8RJYYoesF2bEKHWr6BGxtxgg=":{"valueMac":{"type":"Buffer","data":"aiJUYEqMH9KF8t9BJMOC34RDMRF6HKcR/SbqgoMjA4A="}},"0wt7lB2o/SRFiO4Q0xWDKxEczO+wSfV9mkPjGa8fpv8=":{"valueMac":{"type":"Buffer","data":"t1lOGL/R49siT7bbxlL5+2/CBc2uoeypbJr2EC3shnY="}},"cLi+IY+s7+SRxYHkUX7HWNPBO3Eqe9YuZ/6kGy8e29w=":{"valueMac":{"type":"Buffer","data":"NKtbbXgYI3CGebrmEzfx7eeZ5nbUTJOovpbMghZ6UOs="}},"VXDFys1Y69cihB6k+1XGPXplYBxxF4bxsMpfvSKMPWc=":{"valueMac":{"type":"Buffer","data":"+lffvedgpsuedThHBWsc6m/EU8jjdWhcHEfMeDo9g1g="}},"Mhm9UXjC8Xbg/QXORnJS/U+7nGhNSptAWEXEqC1A+24=":{"valueMac":{"type":"Buffer","data":"wzp0S4zlz6gHkWEhjgpuBw5wzh+vPkXS0r/omDDsZWU="}}}}