{"version":6,"hash":{"type":"Buffer","data":"K2D2vdvnnUbaHyKNXoimEn8PI+6cyBiBBl7bLiFxkIjixsP6VSu00Q8UK3OpSz/hZoOYrH6hfQAzJXNMHD2BqWM4VWIHTIygWhV2GKhOtJ3D+GLpvs5dYYoGQkQ00UEMu6c/eF+ZVcihK7VNu+dCTvfgZQsul3dWmAOHPbPucMI="},"indexValueMap":{"ILO7eFcObxqTRtXrvlYyQqfzDCCukAK0gIGAA9zT1Zg=":{"valueMac":{"type":"Buffer","data":"VI/S/9ycd2rJEAkdSHUgE1pQYRRIifq+rinBkV1Jv8I="}},"1e4mT6ZVT6xdYm2cxuQ/wbPRce3ngLBYqhDRGAeLB9o=":{"valueMac":{"type":"Buffer","data":"u0b/jk9nzFTF+W1XJTbbdAZZyEf7MKqZSjymc7GTDIE="}},"GekdHJHs+L56pCO15zLdKo/dz8OPi5nWApFauLK0l68=":{"valueMac":{"type":"Buffer","data":"uVxOEhEYopM7ZK0l2Uv/7qgTT962ze5nvpQ5vdIRhGg="}},"V0WQu00KTMuCSqpUkI1AbXChVbveXxZ58ui0FQQKRc0=":{"valueMac":{"type":"Buffer","data":"IpRFuKbSIwwj2CuyIGlWpOVfYPiuc6OXF+zl3Y5i6cs="}},"EYLPF9LPvIPRso4Ck+tZFWPOMUF5T+LWql3IfJK8b58=":{"valueMac":{"type":"Buffer","data":"S9HOP5SVI+nku/G1o4yGUOXJYQLsPQ1jeTOkZQTy9nw="}},"XLERNO1Btz/zGxJDYE+uFAWx5kIwMcrrIjvXa8PQZak=":{"valueMac":{"type":"Buffer","data":"wXDWrz3PcWojNR6wRysGpvF8xbCwzKz1p/ydnBbFAYY="}},"946YIdEWbHndVulyRqZopmRh9mATURPjtUQ9kjJ4SA0=":{"valueMac":{"type":"Buffer","data":"xwG86w+w4sxeUTl0WDjsOqgsskDxDlo8Mw7C2ppmMuk="}}}}