{"version":4,"hash":{"type":"Buffer","data":"bmbZf4+JMHPHEbGlDL8giDwvJtwNFlImqlVm69symIKCebtTynmFmhLKUbWkZt087qqiO0HowjmMq92sHoZ8a7zuXuv14qaVNKzV+/g/ri596UBtXbnzZ8/2GOg8/27uE/JoBTx8DWB2jOZutdQ73JBI2wU5S7KbGE7jc3D71nI="},"indexValueMap":{"Ve3rfVMkotf2HFivRdKvwzU84X8mUuumy6vWhpWjbjA=":{"valueMac":{"type":"Buffer","data":"ZH3/iP2iKF7RWWSWuE1YwF5jk7O7oQxDGMw0cHdjyYM="}},"0X16rWRiho8yCkQ+oqrHfTQ5LoPsb56KtpMdO2+U9pI=":{"valueMac":{"type":"Buffer","data":"1mbGSM/M/uWgUFOc/J5qqCgGiKH9KZyRa95+jJ/FjwM="}},"qeYihwAwYSErZAYWFMmOxStTmUcSWIQCExJQJODUP34=":{"valueMac":{"type":"Buffer","data":"gie8Xuy7mvF4yaIr316KN9oI8mMc1FttLD0o5mQguk8="}},"oDp2eB0ULZ8hgyM6om713JIcmp4OACOvC1A+STiXz+U=":{"valueMac":{"type":"Buffer","data":"FTkslv8SYVjPKhI1bOnYGZ5awmEIkkTjLGXVVvIKo+w="}},"l4/bRW2PK3vn3z0Zjkxq1Qy/LinI5k9uy3Hs11cm7NU=":{"valueMac":{"type":"Buffer","data":"4Jn7uuyM+nIcd64S2Iz8IpXSubAcWgs71f+hoDySo64="}},"pWBh0QfAuFkxOfG/2/uWKI81U4nrcPuOvRy/afVKYsw=":{"valueMac":{"type":"Buffer","data":"jwOOVPg/oIqpn0mkzzWlQZR2mBJvdDaRI3sYs4UgagM="}},"v7IQ85tjjZvtJUDam/9GCzNhPQydaCQ+c6XBkoszPVI=":{"valueMac":{"type":"Buffer","data":"p0T7IT3iaoas2LH8wR/Yv2pSEqQVcw7T4Z7zhZ49LIY="}},"6ChL4YUqmKuMoxKm16xdFhlxHwd7Sd5XeVl3LIKqTyA=":{"valueMac":{"type":"Buffer","data":"UYxoQ7I5KGf3k9Zt9LU2H5+DHLHwQTK1aNZR9eX0U1M="}},"FBXYIQH1X+OE8W9iOr15YndeZEJpOXcyNCSxYf1mB80=":{"valueMac":{"type":"Buffer","data":"RCQMhrBmcbxF1J8nm3vCxgykVCQPYAY7FMWhWLnESJc="}},"1cUCMUfEY/ZVzHYmA4IFqFHCG/5SRVszy6jsEEFzFvI=":{"valueMac":{"type":"Buffer","data":"htHUlqU3djT/Lb4ujuYDJMVFf6Ay/NEszYM77HgfIJU="}},"c7ZlIwaRsZs9C68wj8fVRSrBafvbeuarWkjuUWWZXG8=":{"valueMac":{"type":"Buffer","data":"zYn6c+sJuhqBTpf1f7d/8BvpDWBtxct9OTIS6RQ5Tfs="}},"t25nnB3gSJO3H6LpwR4SZqJlSyMpk3AkE1HgSpGX/pc=":{"valueMac":{"type":"Buffer","data":"j2Ft5/8Vfkb1hoPZcYLJNjMLrEsMWLzRJMAtc6jc4sM="}},"VgaR/LJPu+iIqqXHxhWSuiE/2Jux6JFJrbaFkOaG1e8=":{"valueMac":{"type":"Buffer","data":"7RC9HMMIRFHVmj8aIXE/f1Q07nFBYF1stinXKUGxqug="}},"SyAB9Bz2utF0m+R1Nxi/q11mLN0BmpgLGb/ZXu3bGeI=":{"valueMac":{"type":"Buffer","data":"OTWOinojReHOS9OcUxSHSKrV+MUBhavM5sOiXhCOLCc="}},"yB8/VXEtUt69RmxiSaLBvkopzLBSvhHP70etXxDmDjE=":{"valueMac":{"type":"Buffer","data":"ovkR/sLTmkzrZXnnLd+IFxaQ7zNNvlb9F+R2EZWXPZQ="}},"3iyXcAIRIi17bhpASAhNBQbiuyI6VKV7vxm4j+2y49I=":{"valueMac":{"type":"Buffer","data":"TAl0oUmV7cwu2OqWDxOuga0s7+AaDYR+kp8XDqK2Ld8="}},"X6tBmDpEJudqc6+VQQRcObluG/iN/8tLw127NXtyktw=":{"valueMac":{"type":"Buffer","data":"Y/16V5ho6dZ6RobLhosx0JWs8TApJFrV4MBeK7ZS3Vo="}},"ZJTcUfj1joGqoBX3jD2pFTH8D/DVkd2bVg8tRX2FaV4=":{"valueMac":{"type":"Buffer","data":"tH8FvO+BNV4ZHJta+mUxnDYDgmP7hRWM3UBG48UyGLE="}},"UwPpEbdrWQZ0y+l3L63JZUEZH4koLpNlg1z1uxL2ARo=":{"valueMac":{"type":"Buffer","data":"BQEu+Kg0UPSmULXsu/2VumsLo7LB0LEsJ+93s2C9DA4="}},"Nb/Wv5zBntgfLkGpL023mJgXf58PoP9rfoD2eGe99j8=":{"valueMac":{"type":"Buffer","data":"SF0rNCudXUNCiqktd5hpTrZvK5Ib2JoV6NR/z51HKbM="}},"uiHokPW2NveBCwM7A2HvdKBeIeCNW2c/hgGZpI+Mjmo=":{"valueMac":{"type":"Buffer","data":"mFQV8i0tJcO9JpBDtzNlDyt9Vkte0PcFAmjTYIVC0vA="}},"akxFLBbWc3a9La4qBIbdHWv2uCV8IwDnYAix3LN+XD4=":{"valueMac":{"type":"Buffer","data":"tQNB1nLl+vw3qdDMC7/MVNyg3tXXeQ9+y1G6zeR+N+U="}},"d4+bDT1ixHJlgt4PrJEvWmn35Z+CgbvgNvHHeu3cK1s=":{"valueMac":{"type":"Buffer","data":"8s+ngEOc/JUVZ0vJTVQkBAKNmmsyvasTGiCfbuz5DJg="}},"eV/Qplx/FgVqpDRYaJ9vWprRkKRa5MpeuxfP3YkjylU=":{"valueMac":{"type":"Buffer","data":"+LUGdzWqVxbcsxutlGeasme4EjQAYiaieD6OojQiGao="}},"sxi9KBRPZ6qV7TXsHYnr+K9VaIG9o1z35DCrRB87z/o=":{"valueMac":{"type":"Buffer","data":"mFrvxMW7wbf6D9Uhr2Hk0A1e/L2Yn3O6ty82zt3k9Fo="}},"2ZY6PK8/VglyCi8FMlhQlj1ri8fw9z4USOPxgGGBKIU=":{"valueMac":{"type":"Buffer","data":"58SpHsAjaJULWxk98u0AI5eADNaj6be8t/LLl/USaX4="}},"uYWRG9PCC5c1e0/ZUFFrHU7A0bfPiP++dNLofTaPjq0=":{"valueMac":{"type":"Buffer","data":"c6mS3JVexZfR5xPDqAXFE33nyoKfohqoctXp65i6zwM="}},"rzyOa3hnlhRUOTHA/97Ox22drfErAr8plG8cx4eBLmI=":{"valueMac":{"type":"Buffer","data":"IgFisIEHJbyaALE5uzYpn4L070vJUQWYSXIIY113G+I="}},"xFeH6tk21YYWyP8+eXvauxps7TXB+6wZPxFZBcfbEeE=":{"valueMac":{"type":"Buffer","data":"QsJv60W7+c3mBTJaTLVzUslDrtVB+7pOII00qVcY5DI="}},"FmR6tMZySDiUdRzrYdXZ7W1Qm5BywbaMcOYjv+HtJgc=":{"valueMac":{"type":"Buffer","data":"43qccqqJ7CY4o27RQBTNBnQWQGir/tSmLW/7fEXqC4Y="}},"5iaTIRaTK5ddg0+GTQLUJPjbnZMj3rrq2GtCje7FCyw=":{"valueMac":{"type":"Buffer","data":"Sar7+XyKyH2p7Cdof5ytRhWH1DOUrMaKsoGvBCk4IFQ="}},"TE5qh+rUpo54I/h/n1qeWDtpf9kZ0NfI0DeW/V/oMaA=":{"valueMac":{"type":"Buffer","data":"zfUvV4E0zFvKkgyNqV3/mbHud9A9OLlbRmglzjBeRko="}},"QzZgd96+nAa76gSVKlEnhZF4HkIHzxJtvCUnYkUKhpY=":{"valueMac":{"type":"Buffer","data":"3/copPJS3sRBbtywCqsjmI19prifUOTmytJ5a3le0Rw="}},"zlKn/eeCQ5SlLIbboi0/tIitErRTXHReFH/fIj5XEDc=":{"valueMac":{"type":"Buffer","data":"HZbxzJEzEH76o+V1CdrBxcEGhuoMvsi3lGuFlyQS7c8="}},"t7sYtozWi2//1Mj3+eSFT3pknZRLKfNl9rENw6QPmH0=":{"valueMac":{"type":"Buffer","data":"Z4+5nFt7g5quXMU2/twGRSV0FhBCVels3+Az5y88yW8="}},"ck01ES481QaZg49k07cIgWT3h6EY1IEik36ZIfFSPFg=":{"valueMac":{"type":"Buffer","data":"lB9BLNBw7OH4cl4kRiSG0QJSrnnho+Ce8AXI5DlZ4qU="}},"TWls69MQumTuT6pzx9wk48gvqek/H0zGY0hINO953qg=":{"valueMac":{"type":"Buffer","data":"mzU0eDCMMXFYLS9YuJ3lvJNNBUj7QXoLWgC+sAn81rA="}},"hNawbPVN7RCvHJIl6u18o6ghvcdanTvN5sl46OJKpjk=":{"valueMac":{"type":"Buffer","data":"xhvep6cWi/lLe82tv1L8JhVEIxn3K2ZTh6aljLsq62o="}},"Mp6SZ6/J49a75Lgz4B0vEjoERAOx0gkNvYn0Bw6y3ao=":{"valueMac":{"type":"Buffer","data":"JXkqIY7gGhjQ37NCHtlAp0yHFyKXF6tlCkM7ZySAawI="}},"JQgrmOlkYA6ElczdeOhYyBUKfkdFSv9rIz9trcH0ZJk=":{"valueMac":{"type":"Buffer","data":"cNu3X/RTvmKvM7cLPO7V8s/XscFaWyCwbBAIajQ7SYM="}},"W+s9BZ4KZycAvczncbdKMWIOgWJQuYU5US800sD7/B0=":{"valueMac":{"type":"Buffer","data":"0CNcD+uhcgx41bFuT3N2xhketOu81n6gLA/1jf3NL3o="}},"giKUqhmtTSUZqTSwJWrmfmEUESki3U1MV4EEQQYvh+I=":{"valueMac":{"type":"Buffer","data":"UJ5lBMfRJ2J+GhiqEm2+dpvqBJdsWClZdg+4IMlxVYc="}},"KYTrjk7NqOQiHhbNWQ5ygzaa8yMEhLKf9/nRlf0gMg4=":{"valueMac":{"type":"Buffer","data":"AjN4DaGcHCGU4erbQvUzs4F43HIPtzM1l5dO0B5SPW0="}},"lQ7jPPQn2ex4p7ukGerKKlO4V9vvM50g3ZZKqhLtMDk=":{"valueMac":{"type":"Buffer","data":"TzXiCnlKTocnNVmXU2LgUEzZw5wHiIY8eIumAZj1isA="}},"Qf9I5+7Yykis1+YrMzrACcrw61FCBoPQhJPz1GOG3jE=":{"valueMac":{"type":"Buffer","data":"n8qVm+J0OibEw45hAUE2RwlU9MBMIfZW2xvGyAFp49A="}},"v4vUqCLlH8Z0Lbc0HDkMcKye8wlB+/TOg9Da0qPxGZ0=":{"valueMac":{"type":"Buffer","data":"xibKBXheAR67WFosQxrRqbQW+6cJOi7I8m4K9Yfcdp4="}},"aiF9P+a5zCo1aw9J/vrcy4+HYXzeiE/2DV8HzBFgSC0=":{"valueMac":{"type":"Buffer","data":"ueIrw6VwxbB8eZoc1vJ+AaNQklb+fEviNDtmCVApGIs="}},"yx5EsOwNCrE+wClgsFT65h+spkpU5MOYKZSGYzFq7W8=":{"valueMac":{"type":"Buffer","data":"4iFHzhtc1cc4v40L4ozA2c4K60aXNvtVnv2Og20fmkM="}},"2BFLDnJau2N26d0XcNeUULB0//BpwCoyP9TTypqHiGw=":{"valueMac":{"type":"Buffer","data":"eFsmwrtdliOTIJ/43lCXZPLyxUPSD/C+y0LhHr8C8Ww="}},"8rsVJLPIYK9d6MRYjYX46oE8tmjBou6bOt82wnMajbk=":{"valueMac":{"type":"Buffer","data":"5hFcb7xxvb7mzUb1OOsQ9kvaW8Y5FssVy/xSxyRR2w8="}},"tzR+sPYRGSkdbgo+08+vapicRB1NIhyH7QuG9baRWxc=":{"valueMac":{"type":"Buffer","data":"WsOnh/PsWPJKjxasoS3zFPsjyXVRMib/AaRSzVk1MuU="}},"3PlocRLYXXfcSkroLJnGSZor7+p0F4QfpIbxIZ4ubh4=":{"valueMac":{"type":"Buffer","data":"9ljROWYSbyV4/GqmgxQSshkZPa0ji9uVhnbZM9fHXEo="}},"s/gjov+0GcN68paPqO+yJ3G9sF5uKsLDKLctGAROOBs=":{"valueMac":{"type":"Buffer","data":"Ydcqxo165TG6gljRVJvW9GZgY943RvkBcm2YRGx3LbI="}},"0DcANsWW+GH/DltxgPYQeIrX5f+aUt4IkFVKHLZ/Eyo=":{"valueMac":{"type":"Buffer","data":"K54NbuaIco3apZpoTKhOI3FqFhNdhiViq0/WqQT/oGY="}},"huYvsRseYgETLJXYgRzh//DmKz54iPzvDr+Scv7sQJI=":{"valueMac":{"type":"Buffer","data":"ttbrT0cNPFbDoFHMKTSCVYRHqFGniLJt4f4BT7Fo5mQ="}},"8iPB/+EXObpwrCqV1OncphAyGTJjgpAHpQJ42qyZf2Q=":{"valueMac":{"type":"Buffer","data":"6pNsKbhJqnYYlA6FVN04o2rw99+m4UK3yL+GF8SiaiM="}},"qB7giglCmpBInFblQsX1gdbrXxTaha6l87g/mIpyF/8=":{"valueMac":{"type":"Buffer","data":"HGvR1rk3L+7Por6ywihJAfMcBC/xL3WMYCfB/b+mQbk="}},"Vup2yktogNMxwXrRnnJP7GAxEhgWjEVSlztXO4MeJlY=":{"valueMac":{"type":"Buffer","data":"ZdOwvlqQHPQjVHD6f6oOfmHPr3Vr4rxsBuwJ6K7X4u4="}},"fVNjF8yVPXPLgVhembQ6l0Ot3VoLxeoQg5bakJg+9tI=":{"valueMac":{"type":"Buffer","data":"/o+wrlD0MYSJYW2OmWYkxp6eAaGCzvOLqLsiGZLdNtQ="}},"hjAfabdZDGABA2tQd0TS9iHRVOp1K0S6t498qgdYH2M=":{"valueMac":{"type":"Buffer","data":"FT+p1zehGhCeQnYeTH6NYvqt4YFM0hmpXxDMyBZm19E="}},"j7xRtn2kD4tPkL1z6GIx4DL9b0yXVBS9eaJODvExEks=":{"valueMac":{"type":"Buffer","data":"Qr/1pgvTVjzChvbZluZoSmKYkIrs/J8reCFCV3l1arU="}},"Qc8IsebZFMFkilHcR00KGJx3MRjaK2q7mle/n4b8qVw=":{"valueMac":{"type":"Buffer","data":"fQjblZDBidPhhc4DgYKVlIyIjihZ2I6qYwd1VfFCOOw="}},"L6N1Jwe5n5WxHzgRSc2cGMKPwJkzKtbJ+k8qQtAiEwY=":{"valueMac":{"type":"Buffer","data":"nNlSu5dW2MDU9fphBTXgybZGdwvswZtJ8QZ9UkOy9AA="}},"QUjGSJu2v5aY6cxefr+/8Xw7jWn29z2fGO7oRlznoq0=":{"valueMac":{"type":"Buffer","data":"ECw+nMOGW5LSghIKvkMkOwVBat3jBMNSLmIWhMZkiD0="}},"NJZYYIjwRaap6SDVvf5GfdRjla/CJGFdaHcrvdtlye0=":{"valueMac":{"type":"Buffer","data":"TKYnf/ZIY6Cp0jU9moVlAnZuG45QQjw9APXtiVr6EtY="}},"0zGw0oTjA8KH+rikFg8vworDDSyzzpd7jtK8eOEbAw0=":{"valueMac":{"type":"Buffer","data":"bRS+80K0gdQf5cUF8Edymy79tBdvuCbB/ySBVAKAfZU="}},"orG2z8Jz81nMVHlKi/HnJpjWROPJC3lC4jAsQ+YCwsc=":{"valueMac":{"type":"Buffer","data":"XzHd88HA6RihBGPZVOZeZDQtH6nrsCHg6F7E/rLdv+s="}},"gsSQLlkcgi6hJtBOPLN5U48mLuuxQWhN7xIWfSAos50=":{"valueMac":{"type":"Buffer","data":"4wNTpMff2r6XDLgba0OQOKbVXFvKivSyTS5lfZLghKo="}},"egWGTLkwww+Hq20z0APEZor7rOaI+ihwMp2NtUym/cA=":{"valueMac":{"type":"Buffer","data":"VjjpH29Dp88RvueCY4tlUZ3IpAMlQtWIfC7UIP6pFpY="}},"4UbrO/XSV1Q5Pkcs577rZJPsPON0F7Rr5Y3dNIIEquw=":{"valueMac":{"type":"Buffer","data":"+w/bssgBDAxZLICMI8dmw9UMuVRWMf4aDBiwRt2J9j0="}},"/RJBzOMWvSXQ5fFnvMHvNM/97V6MctBTl5puFwGcA9M=":{"valueMac":{"type":"Buffer","data":"6ukbpgGpWVGoB6pliFjD5nOX/20O3PSnEGfPWdpH9Nc="}},"N/+ghYUujvQKEZ8rX0y0Vj8HwaCvsV89qltP6vWwYVg=":{"valueMac":{"type":"Buffer","data":"L8Cxw5sKrrD+D3laq6bjsaf3TvVP7P8eFErJVeoXgIw="}},"LVpvyJjt+5S1f0qLX3RCaEQh47mNBfyqcdsfCNbJzdM=":{"valueMac":{"type":"Buffer","data":"4R0SSBu0TxNIBYc4iNB5QlRQV6toPdtBHYQoXn/a0dc="}},"LG3Sxl5IaPE2R5mKculNdfw+YOhYY9RdKfYtI4/oK2I=":{"valueMac":{"type":"Buffer","data":"Js4lFy6ZajMfANFN85o/mzLepOUIplV+2kiwt/RPFdY="}},"qD+91sTey/k9pO+iGgFBdugcQqvmr8Yp7LABbVfHjWk=":{"valueMac":{"type":"Buffer","data":"WP5L4zl/P/+IbooRoOgp01c4Dj/qOywLVoYKtr10Js8="}},"a4CtgYrcbBqtCPQdbe2oSZ7fRlPhrbQc1t5xL2MX/n0=":{"valueMac":{"type":"Buffer","data":"wfnnaok2LHBX30W2xkv67Ue4v+342+cgsPXlDvMpVL0="}},"qNMRjX714s+Sy01iqp4wAh+MwCdqjxngnPfBHgZqfgQ=":{"valueMac":{"type":"Buffer","data":"500LJDqOndrsHP6h2iQ1QuNKVIHij0KcilP6tkE84Rw="}},"udStxGRy2uEIhGaS2Rc+KiKs5Phu8wAm3g3ShhKYIrg=":{"valueMac":{"type":"Buffer","data":"+oLGUWvIChKA7OHkMsJym0Ff1eWdt1oEHqpAp8/QCUs="}},"+KMtouP81VuDLGA21gSKtle27jicg6GHYhWxiItnzZ0=":{"valueMac":{"type":"Buffer","data":"NjlHUFe00CzrrHKskd6IbYAygADykyzL/ARx8+tLbTU="}},"+lpQd/a7lBQjEsrQWOSqYQOKLumwQxtIWWMGHwstkzk=":{"valueMac":{"type":"Buffer","data":"OtESTKoboHxAmS4HQQ0RAvHI8P+GmDiPHVTR1iXvq8o="}},"10I9Zl62ufbcxUyMTg5mdHeTutrxUVvmL5oeQ58+h/4=":{"valueMac":{"type":"Buffer","data":"ZBf5QyfTC2qrFj2tZyJBZtftsw+8pcWmg2k+RAgh74Y="}},"6J1cbNblA5bJBatb8vU0diB7+WngC2tlsBWl36TsCNs=":{"valueMac":{"type":"Buffer","data":"Sgfm+E0SviixThKZiB3qVK54QvSkYKYVGN0p0Uw3xZw="}},"PV3xjn7Z0Ht4ju/E1Ai2xHxYzy3i50jJrwwBQcKr95g=":{"valueMac":{"type":"Buffer","data":"VSWoTmEoTtGaaW4u8i+oO/PIyoOidXUqpFMO0sqSEkc="}},"jcFtGAgNyoK93qLTWMc/z7jFqvhQVHBdtt2FTpi12bc=":{"valueMac":{"type":"Buffer","data":"smylekFs4iBjyID9lOc5ZU5H1vFVgiHizKZexvq2p0w="}},"s/wJCMMpL6kKOyR5R9lewj/iQLLKHJ1inhQr+0iiIV0=":{"valueMac":{"type":"Buffer","data":"KBKhEEdQuQG19OiHiSYkyzxwlTIkRDU22IVNJJB+YCw="}},"4wpDl+vCXdlw5z3Ttv41QDqRcULLKJHx8Qt5juzrBXw=":{"valueMac":{"type":"Buffer","data":"dLgybwn2xOYsyJgvnnEUWQ5C6voZLFAKKeQQj9KFcAg="}},"pZYjuWtxLPUyG6f36CloJW4oF4L564Q+0myn0XYPuzI=":{"valueMac":{"type":"Buffer","data":"ZCWymrOmxFUrYT8x46xrVb7k2wXLRNjkdJgbvs+SZ+g="}},"TVbDcridgKnm+3A61dTLRWfja1owdC5vPwpypnswOiw=":{"valueMac":{"type":"Buffer","data":"+OaRqXLDdN5YR4Dm8YJv50ejTGMPjFoJ9EoViSeZDrU="}},"fIpYj2lXSa7W1jB5IXUuqP13ob1gHe4fiy7cn5aVG7A=":{"valueMac":{"type":"Buffer","data":"X4nY4xshP+5vitFiicE85IA05ZxyBV5LKskRe6OT+xE="}},"hutiGXb1xHuei6fdpcK9adKgfcnsVWT0TbQk4jVoIsM=":{"valueMac":{"type":"Buffer","data":"g3EV9OpXYwzgBEW6vUItNrasstY6RN6wISOUs/1QFKY="}},"xHZJWpI5Vizrh/Et0+lYAJpC/I1ATVhnGKSfmkT7luw=":{"valueMac":{"type":"Buffer","data":"4RorREkAEb9TjeANrpx/0mLHx1z8RXXXfSDrDKIUAOk="}},"7CS6yjivtdgdKqwmecDupO5gDmsr9/AXoM24fpvZtz0=":{"valueMac":{"type":"Buffer","data":"io5ZxIdTPdL+gJZIkYgz1gyn7vTzvpS8p2qE3cmQPOI="}},"eEDmR0dyqif1WFwLTwgQQIhaFGF2LTOxAF4uRQUvJQY=":{"valueMac":{"type":"Buffer","data":"24hfGaxNIkrtzzmMXum99TcMGW2g1Sx+TX4pRdM65Xk="}},"CUtMgapKFLA2tvyrxx9mIkbRoVhD+9t0CBpijUhFVIM=":{"valueMac":{"type":"Buffer","data":"TKCtuefyCLhvCh+T97lWHGUBTQVeznGfeTF+PxqWKII="}},"3aqSEeBmf+dA1p6wrjaikrQWWELLsQg032/taHeiv+A=":{"valueMac":{"type":"Buffer","data":"nFpeev1OMis3vimkor9u+y1K3j80Ixb0deVAusA+4YQ="}},"gj9Ov3OGY/VmwCo/ujsdnhMirh8hNKP2pvJZa7wuZTA=":{"valueMac":{"type":"Buffer","data":"Zqjb+g6ZWR0sOrtpWDNudQ+uNfwYpWwweSsLjxcqFU4="}},"j4fuTMPUYEQHQvmMrmnbRA/5337OFfTNN++eHCmjVQk=":{"valueMac":{"type":"Buffer","data":"JjF2VUGK6zB9OB2ho/kJCNmxp4FCuysa4PWe0/srphA="}},"wX1bPTKPN00+fIgFx30d1IVaXB2uq9AXgNnKl1uEQ5w=":{"valueMac":{"type":"Buffer","data":"DvE0MU0SaA/vnJyItdK8ve1uPgIAsOKsMn7ITsqQYnI="}},"J4TrpCKgEehGsvAz5JK/jTdHNAZ5u9dsFPLRcyrQ8yk=":{"valueMac":{"type":"Buffer","data":"jjX6dx0IQnqRmJtOW3dOzXmEMdf8TLgO3Rb9eqsb5hY="}},"fmgGawboDjvF/v0+WLJ1HmilHdyPrt2bZGtLunewqng=":{"valueMac":{"type":"Buffer","data":"ULm4WHvn9URXCMWzah0uglQTUejdhWnqI0aXCUagKsM="}},"Tt80ROKuO6KvUBlNRcChLxRZ+JMGa3lUCArMWV2f9g0=":{"valueMac":{"type":"Buffer","data":"sWpV7HBuu7CEySNK7Ky6Z7k2ZpNvJ8TY3xIzZ9nxpZU="}},"SVNuca1ZYBXTfqDYFcazkByuqTuZyVxGCqMUEB1dQvc=":{"valueMac":{"type":"Buffer","data":"wpLKZi+EcAFJ97QW3XQa+bd1u4LXNjDmfNpuwDHIgyE="}},"vO6UN9hS+gYw9hfE+lfP/nLy3lmSYDW2abBBcT9JIWc=":{"valueMac":{"type":"Buffer","data":"ufJEJ3aSH51dxhUcLi4sqnuuijd0114a1Am9mJQmlv4="}},"pl9VJ1CAkUznA0gRjjvTvjoWROJ99qStOY8ijurBO7E=":{"valueMac":{"type":"Buffer","data":"rRvpnTO8VNF+IbClWMWE+ke0AdHk74qpFrCIMK2q8To="}},"HsubOA3HnKS95OhciSDIFCsQj5xQq1yJ7ykgZ0R/zVc=":{"valueMac":{"type":"Buffer","data":"lQ772Rrqc9i86mzXeNqrBZOSCqWehhP7ZQzGpaETPx4="}},"FpsGz7/DPaChE2DykNj2Q71deSn1NSwviPkUvlJgzDU=":{"valueMac":{"type":"Buffer","data":"gm91BYiipcF6hWzUtZUVys9awh/ZO7goSDUyMLRu04o="}},"zoHzaEpNFEPhZFy4pccxfIgMh2OZHZ7EXhWf6VWnjyY=":{"valueMac":{"type":"Buffer","data":"tgDkKuSjsY0LMqb5HdKP0G3dP38IYHhBku7LCZI0nyo="}},"kp179XjUb8YMNfrkmYhSdwlSTIEsqXIr9KF4SmgfJpU=":{"valueMac":{"type":"Buffer","data":"0doOlG5SRbfE3WSIshhVlrjOl5oZ5B5zcrNGsEsdU0g="}},"HA5fk8VZaYqvAozw5spTp3YMS4BDABccN7vb9Hi4eCc=":{"valueMac":{"type":"Buffer","data":"6noEUfsUVNel8Nm0Fm9LAw13AQfzuAsnsRpLw44t/JY="}},"rbC4CHiOCcimRXnX/q40gDI/AKb4nx1Wp161uv1ft0I=":{"valueMac":{"type":"Buffer","data":"AuyjwJCMD8qlC2M5+rycH/gXDJrNqyth53AERvk5oic="}},"mpN2ULQQC9Fw/D1nGBOCjN91cOFc0Z3L/lD9bYKrQAM=":{"valueMac":{"type":"Buffer","data":"cDA2OfvRHwAXb6lpVYR3nNnSXFC+COIESA/P/t8E6Vs="}},"D3lRiUtsXPvEnt3h7nyqEECJOuJkEyzpAZKb3CaVmAs=":{"valueMac":{"type":"Buffer","data":"jNVMIWOT/GFeba9xjqrxWNpRAMy4thx8rAUg6XKdITI="}},"fiAWtex19tuzfpssW7D+9pUPl3Wb7O184cp2qL+8ia4=":{"valueMac":{"type":"Buffer","data":"bF3ZHQtWXeASkYdKPffJ2eBXJkdkBXN9sr1VzZMimQk="}},"1teJdNFNEVgx8AEdQqlx40UDf42+vChiSDno+ARc5sc=":{"valueMac":{"type":"Buffer","data":"c186O1oeCnk7oL8fehDvc8hQKz0g3Boh737Ry8NHa78="}},"CLcZlSw10ch0/Fm/d+q4UoO9odb1WfD1Yu5x9tg49h4=":{"valueMac":{"type":"Buffer","data":"jnFfOv+E82cydJqVH1+ZMtZr434cq6pC59XT9Oq/GzE="}},"V3KD05P0g5H9oaV4iN28uWsBiwY0v9CDpaJq+K/rGMo=":{"valueMac":{"type":"Buffer","data":"YlGZTs49tNunc+KJItyRZfYKrDm9ed3ImFO6J3UAIh4="}},"AFG97KNz6uIUhvANTPRfkyRu4Uhe95wpEyxmzJ6Xo6s=":{"valueMac":{"type":"Buffer","data":"vBqeofIuh3EmvDSjw6QPleI6pvyDr5PPfxPeEUhgW2w="}},"uZNBS/z5sLOunLETQhG0SxiAHIcD/CQ5+CNZTzhGDq4=":{"valueMac":{"type":"Buffer","data":"CQT9QEImq4y5NcC89wm5veq8jgm+5dCPtSkcjdhI2Hk="}},"xh7utj4oyLMpPEkklHAVl5C8qXlidNPXUC/ZNSBKQZM=":{"valueMac":{"type":"Buffer","data":"S6fLsYfTVYHAGes3gFLmO51GkWLHZu9g5EI7bmOJf/Q="}},"wO5hkFeYvhyfj2xijAFoJ/CI2idFWf6FRnLbC3X+8xo=":{"valueMac":{"type":"Buffer","data":"/3d7/UkPfmEzS0BZdZCG64r53I/Gtyo+MvsNDOaJPqw="}},"Qtaqbb8DiYFrnEWYpIc1y0a/1+EA1Ds8fbkdg9mmfjI=":{"valueMac":{"type":"Buffer","data":"G56GH7X4iWh2UQrzFoXG92LoIXD4P0OOz20uIrnGfSg="}},"bisZFeBpVVktqtwa+9hnptwrYgecI3p4MLbEDdpcIpI=":{"valueMac":{"type":"Buffer","data":"BY6MXBS+XvXHXkP3uMKDX0yQbaGhm5H3twRJ2eeQyaI="}},"kmeeA/nMUFi1Y/42n/3Pmi/CViWzNQo8Dzn4utZr0DE=":{"valueMac":{"type":"Buffer","data":"caWW/zD3mHgqhFTTafK/DOzf4MhDnPH/ZjYCwo72dIA="}},"gOh5TRcKXe2gsGqwJkjBCQguWTlyypI6ftDZaiHtXEM=":{"valueMac":{"type":"Buffer","data":"210xpgMvdtt5LlP6h5i3ybn9Dsph8FB3lnZwhsXATy8="}},"WwQcsPPzt/35oEgs63o1LvGwFo/6OuN1zl11mG9a/HI=":{"valueMac":{"type":"Buffer","data":"QlTD+TZn46KLkRfaLy9rfL2+mAIIDknLxjT62wRkfXY="}},"znRfZnZvL7J1tVHzDm+TElFJB6nsQd59T4ff4Xx1Wng=":{"valueMac":{"type":"Buffer","data":"xO6Gi2jlpff+UXdCDX1mCQCValTyv1NYX5vegtB/9/M="}},"Z5kpYaP9+Er06WMmCAEwfGN1XTOElKiU0HLI6uD89YQ=":{"valueMac":{"type":"Buffer","data":"uaA+Qhz+8z5hlAmuBDDMz8yj34bS4g9IPDOFid0usD8="}},"1ctb0NlBe58q3LvQ61f803D629Yor24TpuGToa2P8h4=":{"valueMac":{"type":"Buffer","data":"XYTcMjuyGyN4KCo3hnybtLgdtoABDTdnwTCcqizPUwI="}},"ZnZpouj7TdjHqQfLCftFhVLKCVUFxt4wEJcSjmyg7Ws=":{"valueMac":{"type":"Buffer","data":"jmIyncihaU/J9Ofpf80FoDM6vMyfuWLmQXeM4LWzC5c="}},"HFdqjXrLYGBUDX4rpavOa6lCkBd02XxAlanhPdlF1hg=":{"valueMac":{"type":"Buffer","data":"0B6lULPFxe5f/cW3I9HgLoCDWuNvJU81D0rUIjlizzU="}},"54PiTrVXEB9cPqr67pQIgg8oFycrHRg4DwkFgEWKw2Q=":{"valueMac":{"type":"Buffer","data":"A5wgYB1LqP6anURSpVUt8vIh4FypAnnzcpBf0tkGoew="}},"XMcASf9dvRLLwLzgN9pst7sBWLPFVBtVI87Ysusql0Y=":{"valueMac":{"type":"Buffer","data":"hGbKMMz62QEuml4mIUssbmNDXDBtAT8qZHDNgMyKNYQ="}},"F0DaB96rnKOo9T6RjeaWr+m4//96HCZPnUn0P94Y61w=":{"valueMac":{"type":"Buffer","data":"z8fHn1fCPepI0dIChlrZTYjNx/OSGcllzA2hgA1YCN0="}},"jaZ+acpMJXJgfHfAPKc2Vg/PsljibRcE5OtC7fOSM6o=":{"valueMac":{"type":"Buffer","data":"lg/Ef8TfyLb7CHcxgDL4ASKGas4apQqx/ClsnG8K4Js="}},"h5XoG8UjaSMA1aNx4/mqvu4oq1v2KiSt2QryZlQgHwU=":{"valueMac":{"type":"Buffer","data":"maYbxuBsQeWEyKHxkSdms1bvwkYtPVCONyYwOjqqWxs="}},"tmeods4qtnUz7BmMLrfFI9PUMWeWkVXJOZTziroN3BU=":{"valueMac":{"type":"Buffer","data":"3/uO9gzzCnAdVPQ9lKoaPO9b9isc47iBqmaVsH/hcdE="}},"uun8vhDap9NpRC5nr/bms/reoP7CYimYJxvZsiaO3/4=":{"valueMac":{"type":"Buffer","data":"Bv2FiBGZ2BvRyM2JKGrxHDyZBZddvQNeizXzEd95qxk="}},"dW/TaBO3325uUchU67BTMTxirJs/TtUY4JGYp/iAAbQ=":{"valueMac":{"type":"Buffer","data":"5+Bj0F2jybxSgu6C8ATsaq6m/jXhdlf2EfoT8YVaAUo="}},"gJYpRxD11JKtdVW74AGz6AcyD7x0YyXqhFR1AcbtYqE=":{"valueMac":{"type":"Buffer","data":"ypBkt9JQvkMOnGCnr9jOq6en6+prr2UxFQxxqirhwA8="}},"YLRPc7OBQtObaEQ434fMrLxhGJEGKfbN/ED+7YQa2As=":{"valueMac":{"type":"Buffer","data":"M+dvxxrasfO/y6U4ryGclTFzQrUUfjbyNlbhM2P8NH8="}},"x6mLp/c0GzhS5+J9ew9lHypd0y8xquNvSRBeT4jsHDY=":{"valueMac":{"type":"Buffer","data":"ra/OetUEbHtvpvbYPLDCAAAWmdaflo2+1WVOm4EUMz4="}},"5o9Iz0mUdj0SbPL2n4w9vCpI1WjTxFywNbZOSiYc90o=":{"valueMac":{"type":"Buffer","data":"mluaR7OwnteGZbzsihO7iOa66yxqE5zXNyUCnxh54B4="}},"sB4i8QERvweY4g0M0DpmDIoETkT0wBhikN6mw2l3mzA=":{"valueMac":{"type":"Buffer","data":"oElRp5CIir2UcnswRGHuFoT2NrcSTcO7EJL8kP6g2A8="}},"ZuedLnGBZxmv6VlnXVq0da+6Ha8j5+8TNpI7IVS+Weg=":{"valueMac":{"type":"Buffer","data":"JWl8XxIk5tCMv6gWOMk2nz68JYrGZ6fJrm7kOoCUsH8="}},"vZoYAlBcAR8ZUqhPuEcCWDUZGFzoTwZsYmkKaH9hrNc=":{"valueMac":{"type":"Buffer","data":"45f4hpZLDjXNBZ6ZpnxMo7z9U4825EkhjelSjKuzNOM="}},"oiiQkGUv5cVK0fpHkhV4xt/KSGuP4hBl2w4YO9QOYZE=":{"valueMac":{"type":"Buffer","data":"nom5YgpYGePzD3XlFYdw+XZi+Kz0gPCSuKQKqGNUHbk="}},"7d9pmvAY9u1QLz36r6x5DkQQBatofyeI3LQcyl418a0=":{"valueMac":{"type":"Buffer","data":"WS0b5yyovJqEWd2w75czeQcqENGtK3lBKHBBK7AMJzs="}},"FUSJIs5isN3hLqK6T+V+ZdWLWSSLfqZZWLcbbBMPnFQ=":{"valueMac":{"type":"Buffer","data":"06jyvI+hrN/wkashUdOdLPdkDfJyNaVf9Q4D+T+Fee0="}},"cZcbyxSi9abFJV6BxIcwniPID7cR1erB+GF1r8OMpeY=":{"valueMac":{"type":"Buffer","data":"oHVR7B2Mbwh4dAtUsJt+GAjN5Tjkt3cxfx6Yy4VdOQA="}},"TlJYgo5pHGarXxtY4EUxlTfKPqDcZYoOi6lB0jlClm4=":{"valueMac":{"type":"Buffer","data":"rqjkp6l17fhHjm6C580ViK2ah7NHCDGNErhJsaaxOpY="}},"E3wAzSX7e5X0BxQQmWYfgBVpXoE4NWvOXsKOLcew9K0=":{"valueMac":{"type":"Buffer","data":"zeQ2QAWDguF5Kv937p1iICQWh6jMbmR+uJWn8UpjqZo="}},"Ze9zyOSHyHGugF6Ln8qoRxnV4T/iApg/u9E/1FZU3l4=":{"valueMac":{"type":"Buffer","data":"MdZFCQX7uS1XDmJ9IGbgpgYGzuTZ3blFCHIrYrVq4ts="}},"ttTzbRN+dIS+45jkELVx5GyF88FP5hh8NhpJW2Vv3PQ=":{"valueMac":{"type":"Buffer","data":"iUEbl9Sx3EgHQZpwgwFmp6WlqSoHDCt2OL0avsiGiiE="}},"AWThJCJCyti/6rwpFKgagn5LGKraJxLI7dM6fIYcjqI=":{"valueMac":{"type":"Buffer","data":"6ak3begTOsvMkzYDSJvoJCjlWkxQFlmfVNUejEmFeLA="}},"8714u0XeUOlbH1+x6wdnf9TrExUhd0fEKG36SQgYR38=":{"valueMac":{"type":"Buffer","data":"6DDG4wo7AHsG1Y81F656HSdtCCjEfhnjeC5BYN0bKE8="}},"v5D0nzJ1CSMGjwyWnffA5kjWP6amOjJd46DD8PZmAF4=":{"valueMac":{"type":"Buffer","data":"81hzDmXPqwoIjestBylzk3rmhumK6K8RufSgaJJG18s="}},"BoXEEsfqako8Mx9GVRvOi8m7Ta+rki3q2Mxa0vhyPPo=":{"valueMac":{"type":"Buffer","data":"WqrCQtBqXfoXCUCDMn9wFJnM4Qd79Dcj5RO6Y0DPRCs="}},"Nk+lHogpgH26qzL39F9GP8oAHcSgU7I1gM46haKO0+g=":{"valueMac":{"type":"Buffer","data":"li71+O7l4Lb0PQ6+ReQruo13Fu01bpcsZMmtjfpKJp8="}},"3hcnHAJnqQUPt6FuWnsO3flriQojHeJ05pGBQBE7guc=":{"valueMac":{"type":"Buffer","data":"n5uk0RgDwZzYRGTjdpiRPPj8cZGgO32NWW4nc/rn+vE="}},"UYDjzcEzoW/G0vT3FhEJpgL3PWzkENyEusv8J8qmQsM=":{"valueMac":{"type":"Buffer","data":"JaarkJrWMxouv6KAbgbBGoY4E0Bnkh9dFBeu1NsuZik="}},"Bt60FK34OqFtEqF3Xe6N3x/NaziuzGQx0TEl2ajyH1s=":{"valueMac":{"type":"Buffer","data":"HbmIm1cQuS0MoU+YjBKYaPcGW4eApuxc6VmW+zMOxsU="}},"FDLA1GdUSx54nejGMkzdpubPiwP3UNaztzSJa+P2tLQ=":{"valueMac":{"type":"Buffer","data":"LP0g0U1RbXSSuD5iwqgM8Dc+eWQfGkLyjjQYi8LVZ7s="}},"zPjhy0aHpekd+8hCb1WaoJq5WisJpjGLJkzSTgpHCHM=":{"valueMac":{"type":"Buffer","data":"+fvcwcPbS9HvG5aWC3Lb0x6mXlZMNUJ/i06+qUwADug="}},"gr3rbfmMRqhSnLSx3eQ362iK6etoXGGy+KGcLyAMlps=":{"valueMac":{"type":"Buffer","data":"kpeCleYYPnntfsyifaIFt0CJsHk52UJV7GBsbInQQLg="}},"7Vc1ClbhlHslwgA9xFGpWvlUmWqlHLwh+2/L9cxmYa8=":{"valueMac":{"type":"Buffer","data":"330cZDIMXe1UCGEzK+wffhtlsVUQSPzEaoSfN7K0RVE="}},"GiuIwkuABzOrthbkPoOJsrZlP5Hl2/LO+lq9lEiHJtM=":{"valueMac":{"type":"Buffer","data":"65q5basdWI2126cvUaKQSTKjAA6ThD1jPy2w2rZtwpw="}},"zKR28Ofd2wm6hVvMRLnHbOyUWxrcZOYhjghLVfsH7RA=":{"valueMac":{"type":"Buffer","data":"nhIcJTyauj43D2c34sPTLSkoqPcXnluooKg4VLnbtU0="}},"kFp94Xl7pGLhsFtR65AeNipzpXzpK3EcTrorA2T2ECQ=":{"valueMac":{"type":"Buffer","data":"YcVmq4Nqk/QcouxquMarDj5IJenpeysCWCj8wf671hU="}},"tUlaLDNGvS1u3fJwGSFu+/TQ3uuFNcRmamfAG9m156s=":{"valueMac":{"type":"Buffer","data":"aIPsYsX7/Ex6wqR69UsUse5EnL6Z0yB6Zcexd/8gBJw="}},"V/S64ADS57amgANqvhOdS22H+ZbQNLiegqhD3M6WvxM=":{"valueMac":{"type":"Buffer","data":"fJWXu3r7E23j6SXFBmQMKTUskBSvLlzC/KSvpbLaSxc="}},"4b69GC8bujujpCfVwchuuofiyxJYA6Xil9PpIy8Nh8I=":{"valueMac":{"type":"Buffer","data":"kVtGX6ZKcNKWvKnw1W3xPWifQuv09XoeaxR6H3mTWKA="}},"iB3/oSyIGPWkAc1UkJpbmKDajFvtdr8GmMSTvB3qm9s=":{"valueMac":{"type":"Buffer","data":"rFiN9JB+lMaLfQQ6/Ohps4vEbvZqQ1kIrOdqoNzui/Q="}},"7SBQZmA8F73n55R1jvwVoL+BQ4JvU+H6nlh8GJkIH/I=":{"valueMac":{"type":"Buffer","data":"YUtfz8QsUhCjj+qNrt8wvUl7dZVVtxqGitLMRrBmqKc="}},"SFAWjtbJFqqoqsZ2pfsslLN846CdU9CH/SA5WH2Vh1s=":{"valueMac":{"type":"Buffer","data":"jzXR/PVfVWjYv/CasXWpG3pfNc6ef6r34OMDBxEH+50="}},"IgdfePI03bEqhr4CiM3J55vtrFJ6pMoSFFMqy4TiP4o=":{"valueMac":{"type":"Buffer","data":"FO6ZpGrEilY6ZlbChDKbqtKSuuJwzoMz1Zt3BI6uO0E="}},"G605TJBsVhxlfNTFLDz9wIbzGgGNb/mfUOZ6GsY6QBM=":{"valueMac":{"type":"Buffer","data":"f8MOuMtWSvE3JiFQVXtFpf3QGKZpKLibtl4+koR725c="}},"JUiv4hglAMZA360vq8bXzgOsUaIs61GaKnjFS+egJ04=":{"valueMac":{"type":"Buffer","data":"jy01YGr6Sv0VaAn1JM8p+gnytZUQJwqb8BVE+C6K8Ik="}},"ARsSh7P8hslKbofElUjbTX7UoXv222IS2NumKgiE3rk=":{"valueMac":{"type":"Buffer","data":"yvvJwswW/YqQdGplEFEd2fAw1pWDzDVXkF7zWqyZiOQ="}},"SehnyfylLXwAGO6Ide0QHFclWZu8zjOnGT5SXs7frGw=":{"valueMac":{"type":"Buffer","data":"sFwULbjCqLmE4u/zeT9VqqYXRVrmMnIJ2AFw0gtDawo="}},"nXsANv3XVZFHot0QP7jd6/j+z/PC8V+iztfMkXUwXQg=":{"valueMac":{"type":"Buffer","data":"Z5Y/vPAQ3hztFyDa/RYKXCHN+nFIckMLQeokjWcqcKY="}},"tEItzh9jeH1P3Lqi8KF++2W4S9l8gwDkEF2lQ2Y86TQ=":{"valueMac":{"type":"Buffer","data":"lyrQfHZjQ4SXtiTVovDPnbr+fGPG/+zGlb5XqQ6SklE="}},"H4w8PwHcS+1gEu4iKiMxAjtzJoQX2UgjelsfVRZx1n0=":{"valueMac":{"type":"Buffer","data":"yXcqqAoUTtoeTzKsNIeEQWxmK+cPJn7YXnRAdq3ctME="}},"WQWp2iNDkMIdkkj01oOcWw3qfn/Cn3PlxlWB1fqDZdQ=":{"valueMac":{"type":"Buffer","data":"7JQw9breaMdS2WeIvOKp2eQFT9ACkfpeHWXAT6+D72Q="}},"wwX1v7+cDR9u/dj4mudKU8lfnJwv2gLT0z+6UIGNpFg=":{"valueMac":{"type":"Buffer","data":"GNrhRLKvXCwK5mZnZJQRPnQR9c0vfXq1Nn3+uC3dmfw="}},"iI4x9Dfku/GrilMzVGNQepwm7sWg5TPnf55N5WnO0W0=":{"valueMac":{"type":"Buffer","data":"Sjn6IDkM3UMBiQx/3Byebp17JoCs9ybWnNVLjSCSlLI="}},"qoQEpyJeRewiG5E2UbhyJ87s8axPUpwK5VZ5mnKWSHQ=":{"valueMac":{"type":"Buffer","data":"G1vnCswIcilzDaKHuF+n6+SXh6jNluke9O9pdm5NIHI="}},"suRHky+K/5nQc831gGh2fDtOY8eZemGU8dk0xboaECU=":{"valueMac":{"type":"Buffer","data":"dXIe8NX9Nnzy6S2T/psJWgNxPhcWtxBjSElJKik8z+g="}},"04F1lf6vCGitqQc6NBqcIaZUf8eTIUwpS97t12OKHnU=":{"valueMac":{"type":"Buffer","data":"RJd9yN6rNZdCX8V84EdlULINNa8JsuUfPmj21ZaizIQ="}},"i+NWgu1tbtPMwJr3e3YlVOv/ImH+az4ZzG32ZcOUUzM=":{"valueMac":{"type":"Buffer","data":"F4gDeLtLf/tup6kAzKqMTlHN7GykjA9RTkNiVPHDrRA="}},"O7C1TF+ra+DYc0NIuDGVFQ949FS+xUFgR6wMJO8+3oU=":{"valueMac":{"type":"Buffer","data":"u0AbtofBjKHS8VWtT7orN+X10GgMgNHw2zAFsggujp8="}},"rgUtaFYKM0Bwh1ylTEDXw7Oer/WHtYnQqBr9hQd2qZU=":{"valueMac":{"type":"Buffer","data":"wjjguJwqkScZNzpQXjxlVxiknUXTVPsQ+gbw2Vlbd2A="}},"QEF0lFPoSi8cpZ6P8dVwCS1GSFmntrvPlX0uChuFCho=":{"valueMac":{"type":"Buffer","data":"zS5dTRDw0Y0Mw3iuluL8SG7McRk6u70Az3cFhUiQli8="}},"kG4YY1QRuskaGy19H8ocNSrbxoIWFwD1h2KHCBwOFU0=":{"valueMac":{"type":"Buffer","data":"Vol5bOjbE3a5bFVNlabDQSTuq9uPnR01Gm5cnGSC3h4="}},"enzADqjwEpXn1wxSoKxDmOeMeYR8YBlYjXGvBf/VVWw=":{"valueMac":{"type":"Buffer","data":"zJlo4l8FAJdgVwAU2ScoSL535tEBqHlTMtqoAZgt5N4="}},"FGR3oA3OzOPiQ54onPtM4X8AcnglncB2XowNavZk93g=":{"valueMac":{"type":"Buffer","data":"XEDGX4YfyIZJqC7nc3bT8DUOJZVEJTZj6CDNQYlyOb0="}},"jE0C8i2w2TtPzBH4Ntl/A7kHcK6FptdzLZ7PmnEiV9U=":{"valueMac":{"type":"Buffer","data":"3NcAtvdXxVqjbTM36o/5w/PwLB0nUFHSQo7Tm2rtP+4="}},"/3jM20zlJC9pS9ATb1qfVkhJn548kCpkiAayV3L7sfk=":{"valueMac":{"type":"Buffer","data":"/xcEh/Wyn/4lAhjozvYOR+FUhT7UVst/iLTed0IkRvg="}},"EL5uCkXIVR4LhyhS4+8Ep8eNleQAunBnNqpvMWbSrc8=":{"valueMac":{"type":"Buffer","data":"il3yQXAL0/EHPxfqhUOa+iPTrn3hG86nzBaiYe+5beY="}},"odu8BoN9i7eg4ES6oDDZalaeV1Qc/b7oWQn+zscnO2A=":{"valueMac":{"type":"Buffer","data":"AGAQsDm98PZeDUARX4XtO9dorQ0sJUTL8AaNRLNbMQg="}},"mVwpHu65QL7NBL638rnq/IZU4b0bcvKXCEIF4tcnmkw=":{"valueMac":{"type":"Buffer","data":"OZ9hU5aUX7y31wt704OvqxMyxhAydQpAfhU8VyHqTiY="}},"vU4Q9RXbRVaiQF4a/elXuGTNVtnNlg1Jy2MamtASdXs=":{"valueMac":{"type":"Buffer","data":"nqtXeOzelrV/D/2sPcH1PAbG82sh6ojZMBEy1ZQ+FPA="}},"KkR8sCr3GNsoRNONvjb8wU8zcaBCvzuNbi6tby0Lj0g=":{"valueMac":{"type":"Buffer","data":"EF7MbWs3obrPq04Mq0OUyiBtjwf450otRGuRB4d88h0="}},"qFS5WCdKA9+ALKyM05WkTTvuRPfMkn9aMkZDL+HjZJg=":{"valueMac":{"type":"Buffer","data":"bqbOTBpNwzZIuakLfcnO1nY+g/pjdvwtp1ppjIFaIQU="}},"FH9140g163tDa7NtTFwJGHBcRpVotYU7V9jBzOrw9MI=":{"valueMac":{"type":"Buffer","data":"PiL9a6kEmi76nKb2mLc3lJQchF09XMdbZT/OD3bOtMY="}},"K1u9NBW8qHzG6j/WIGDvJ/yaF1xbOPj9ANx47QAd/OU=":{"valueMac":{"type":"Buffer","data":"pOJ2Mif2fu8QevVffFXPJPeejeRrMGVnG/TNNRAP5zA="}},"qIvu0JThBvE4zTrtr2D2U+EU3guQ2W1sBc2zP/vkWBw=":{"valueMac":{"type":"Buffer","data":"9r+8gF/RJ8t3CLsefV4Z9y6s3YlZ3GJmUlRr/sHemj4="}},"+pjeosmxCBW2695+lbhaLkkJ8jUmwwlJIPlqD3srvxc=":{"valueMac":{"type":"Buffer","data":"S1o295BaIUEYcVsZuCRn7mrX2KRCoUgvbVF+gcwn1Po="}},"GE5eOov2ZGelhnqTvVkkY3Ct+N8XFN6Kcgv57+qiuMU=":{"valueMac":{"type":"Buffer","data":"1Sz/IyHqcWJ5S9m8RUbomv2YQ9mOAPI0YxNXNFCOkf4="}},"xLxdaRuXxpcpxWvN0y8N9k2WIKziP58VBSHOdKdEbm4=":{"valueMac":{"type":"Buffer","data":"UuEBm8/CCed68D/zm2zAR1rpVjirmnPmA1i0JjogBwM="}},"2nf+Os2t80GYIfe1y6rWxyadWO5X6zLcYpPeI5lK090=":{"valueMac":{"type":"Buffer","data":"CAOqZk6kcsUVf5H3hN6+DEA0yld1Fv8ZhZqHKDzMsjQ="}},"pIxC9LZIxNX7SOQLmApAa36gikBQWrMuV87GXpYWnwU=":{"valueMac":{"type":"Buffer","data":"oU5mew8ismL1YdZFJcTVbKPLyYBZJDPAcD2OtXscJ/c="}},"X3WYF8I7KaXB7sJcxXrK8HuNAEQUuhG56i3xa6Otwr4=":{"valueMac":{"type":"Buffer","data":"4+lWIBKgwSUtFe259DmcL5SHa3g2eunk+iKlrBwvhvk="}},"gijm723sOjFYuLIKmiCUUFtmAvRtsZOMDQLOOubGVTI=":{"valueMac":{"type":"Buffer","data":"DMUgoyudVHTLlDRqAOZEbMjx7JOKRpvjDP4bGdTq6cU="}},"jC2PjdBJA2ULtLg9XfzENSUoTQcwPwKL8+JNcRvB8d4=":{"valueMac":{"type":"Buffer","data":"6q2DThupudUE1vlGVp0RGZNNMEoYYg1gWmcQaoC9KVU="}},"qk7rxMoatpvY18D7ZwRM9xCsFRJuBkKAkkIBZJtYKA0=":{"valueMac":{"type":"Buffer","data":"5MX57Z191wZhpOkEncH8+dZaKvhTuLRmwfT9UlwZWQk="}},"HWlbWPThK6B5C1rrqvN6Vmsc0v1v1AasaU+sal2PdwE=":{"valueMac":{"type":"Buffer","data":"PXTZpq33sAqIxTcMYNygP002Fgb5OvhvuyFZMP+dDDE="}},"qgrSE0Xb8YmwL9duGY8aZFto2Iq3cnYWR6WK94ekMEA=":{"valueMac":{"type":"Buffer","data":"yr1AQIYRP8iBKmGMhhARfsv9JXU9wDHuv6fM9/AXIEs="}},"gBlBLwTg1hFXfwQSVdgF3HTFpLz6NEc2gs12IqcqHd8=":{"valueMac":{"type":"Buffer","data":"vvEXExkyJqCwqTSOsTQUzppwYYfIb0CmIrlXJekvn4c="}},"q7OgSNF47ExL4i/ppINj9CQF0jgeypsvdpvp2+J+KzM=":{"valueMac":{"type":"Buffer","data":"28cU44czqTdPmIqZnYidU3Zxw7CfC7sSZJmK0OWjxl0="}},"CVEwjMIBZk69r2zSE1T8bj5WzJavgI5MvKcH9FNbvqk=":{"valueMac":{"type":"Buffer","data":"SgtgLCtXAwrdP+NGmc3MaCi/fqbMQirvuS3GcDqLM/U="}},"yej+xno/1mDwscS+3k//153Wc3J1x261Rb3/IXuKVYw=":{"valueMac":{"type":"Buffer","data":"Hc1FqECUp8v6h9xtHe9ICM8OkWVRovkFDYR8DLqODhI="}},"/I7JpTKP3UXT+7eH+mf2A907sphP46Mc0Yy+etziVHg=":{"valueMac":{"type":"Buffer","data":"ZUDl6oGdC3GBNlVvF+TzVd0WknUrJmzVGFIeeM1d0Xc="}},"sYOitM+Lb34sh3Wsgxq7iqbzQle8Vq8DQxN+uyKZ2G4=":{"valueMac":{"type":"Buffer","data":"QR4adK+JivFaFSY02gDJFF+dgjCBumS7rbgV9p48/V0="}},"HOD5SHLsRma7S9ZYhzK/jCsRoYTVuasJkfQ4PChBAbc=":{"valueMac":{"type":"Buffer","data":"HeQ6I9AcWacwL6T0d+0V9xGnc9wNDevpeUw8O37jlbk="}},"wPmBjGWGgHzU+cfqotewgj2DoRSj7ggUu1CXhz3fTbA=":{"valueMac":{"type":"Buffer","data":"TDkZDyxSQC9/mMaO4rJWVRSflC9X5n/hcmGaNopjwOE="}},"Ikn+QokPi/8Vx91HP4Pg9L/JU/nOuU8sSlmEXAMlWQI=":{"valueMac":{"type":"Buffer","data":"JwJ1sovi/u9irc5bPonhaiMMZXsSVtLb/WN8M3HM+To="}},"QmRS/uiPgMyDzoawu0jHK8XjxQxbaP/5x1/BeYpAOJQ=":{"valueMac":{"type":"Buffer","data":"uw2Kxk21bqVpZt2RspYk4c/31EVDseUcPya+ISDC1bM="}},"aIQKL99Wet6RlCNreWD4DQaO6NPYJEVR0pnuuNvLn5o=":{"valueMac":{"type":"Buffer","data":"qkoMPbl9DE/GffJ+IRtK0bNHJjjlWdXzizuA5htRlas="}},"KZpRcaJh41KclSxo6ClpsmNBo5wEkvf0MEusr3HrOg0=":{"valueMac":{"type":"Buffer","data":"IAD98eWNkSqReJOL/gxDK9c8UjFStGb0GJ7CiNE+1as="}},"Xow6uk63j7FFm1xNl77s80OEOyXxEe0fAW9+x/7JRjw=":{"valueMac":{"type":"Buffer","data":"PkoPXaTaHdGk6bHtW1ZQk5qdqfh5fYN+aaXw41j6GPk="}},"jlX0f/3dUHR4xrk16h6r5H50BRT3dYc+Y4zZ2V7fqLY=":{"valueMac":{"type":"Buffer","data":"xCGgQZQSOpjFlVNEao+8f+x+DnMdxIEP/0DJ90pEryI="}},"H8BK9EIsJFMrJ+B8B8GC7ClH++o0uQ28b4qfOI523m0=":{"valueMac":{"type":"Buffer","data":"PdwPQNipfcZyfozuei2z+O3VtnDF2fUpWmzvknbJnD8="}},"qOjd+IUlWxEMfr2mJ7NdtmhkYGTUpHH53dgblPwQ3P0=":{"valueMac":{"type":"Buffer","data":"vD8V1h7gsCaDLkYbWiLz8J89j21GwruSyGPOOWfCUyM="}},"AvlWQZFRzeIE0IucgzgH2CspdTgVi2B5gwKj5J9efAc=":{"valueMac":{"type":"Buffer","data":"CgHXJgjyv8fEKPlK7p7F5JJyDtIzagF7XUhlb4gjlm4="}},"4UvA9HY2+xo7znP5Ia3+8qHDcQSyNceqEeVRgYYbZ4E=":{"valueMac":{"type":"Buffer","data":"xsKg3jtUh9MjxYhQvOEL/u0mSdQVNIDmwUq6d0PEim0="}},"X+DJ0lCQfDn6+cbmYoRHhVWL3QiFHnlJJjR0+J5sVNs=":{"valueMac":{"type":"Buffer","data":"eL+w+c00K0BqHQruN2kBtpkgrJ7EQ2/04IK5FmkMfy8="}},"cVSEgWyaUEhy8Wm6DmZMQ4zSF2+c5F7GxOGBww7IpWI=":{"valueMac":{"type":"Buffer","data":"TnVVXG5wDR5hHQTziWgz8xm2IgVAljsdxYQR616TS1s="}},"T9/VRi6pUesiYmahFbOJfGgPlkpzXl1EzW1jh9KPWKs=":{"valueMac":{"type":"Buffer","data":"XbcSCy7La0EM9Q90uSzanmZ11yUX4B1px2lFbGUPL58="}},"s9D5YtDpcDzTDhhIIXBZNJID3tDWN0RH0LJh9Mmz9dw=":{"valueMac":{"type":"Buffer","data":"XQ4acgxMFQjMfPhVCAz+EKabBjzw+oPIVtzm4kSafn8="}},"FXoOeS4CYsQBvPj3HeXYY/B+z9ID+zTcktSWbuGgGDc=":{"valueMac":{"type":"Buffer","data":"iR8wpx8N72iJxbPLLMEean9Ca6G6U5cWDD8bujbVznc="}},"2kp8GHsWSJ2jnp4doMhdKHyRdGTauBs93cjqzaFczes=":{"valueMac":{"type":"Buffer","data":"IofpAlmSTM2Ey7RjrztlNHnJkbeuklbiSI+1TPbqKws="}},"aOiqzaYg/31U0eLjEenjmG9G97mYwlbhtlNkLKha060=":{"valueMac":{"type":"Buffer","data":"2v+6O8rq10hR//QHGX4h94tXAcDTFMAMQVakvGXiz8w="}},"yt1nEowQFC9CFFU8XLrTy0O7r/eieFCMXcLRuiuTzrg=":{"valueMac":{"type":"Buffer","data":"7d5+p6/2Z/wNZ5O961ACT03cEzAkIa+Z/kdmJJanejo="}},"AC+MU1EIs6rlld5qbqX4U5+3/i40UWyhPr6dMcJjs5A=":{"valueMac":{"type":"Buffer","data":"norbqDFzOkrdt/BfNKZF7OSGujnRMzyT0wT4xbJJpgw="}},"05iR/lVlA95HKz1nEHx/PjRAbEmXSbByQ6InopzOBd0=":{"valueMac":{"type":"Buffer","data":"7/HBDBkgmA46rAjK3NU6m2irCXqomVp397RAoWTf4vU="}},"E/5lx5ry2B6liQpe1yptcM/rC+UVocyEf2ewebMnxRM=":{"valueMac":{"type":"Buffer","data":"+PoyqXS0IAPiyw2ui0OTCsipq/esKcUHRhFF1fBfjhI="}},"tzDUE6TBG+lz0vc7Fm7EtQHTRQ+8+8kHnA92SqxeK8g=":{"valueMac":{"type":"Buffer","data":"GEI9SnprmUAh3D9k7NpIQhtRtpxqdKUw9Q1s9+eTZFw="}},"L3O+ECb0O8IwXd6mPoyOnxUHZ12D2nAmfjuAe0r9DOo=":{"valueMac":{"type":"Buffer","data":"Y0rHAad0LVyl6aczvufPw1qKLs70QC+7AdLfmD5EKxk="}}}}