{"version":9,"hash":{"type":"Buffer","data":"UqlVBy8MhKpdPedze6DDF98xEEFkXFloWKH667Zt//2+5Fu7WItg/YkhYYE8lK5CFnSSwPkVCYoEQY5ERLKBQT3+Ur3WGF7+cQq6mAOcnfbSzaqpXpYCvNnEsDPMJZieHoSjHmkfYbOon9RH5/PBU/29MaeEBxAgarZLolT96pc="},"indexValueMap":{"2EvPJDXefH8m3hDmCRgNRHFnGyGrlsIl7j5o04NSvmg=":{"valueMac":{"type":"Buffer","data":"7A/DnMk64jkVtF0cBSQU+wgZH6dgY0hLztofdY7NgTM="}},"HJeKl1ht7Bp1Plz0yeOhXLnwdahHQEZTOR2wT75RM4o=":{"valueMac":{"type":"Buffer","data":"ajqJ6Z4UojiDLzznKnURVdk9EK/kka7Ab6KwSgBKgPw="}},"be6VjC3esfhDIj2qSakKWA1R6VyJjMZdM1Gg2u9/A3k=":{"valueMac":{"type":"Buffer","data":"y9nF1JGByYJzGZPAFf+G3CBErpGUeAFREauxfVmM9VQ="}},"HTf3j/Mh7pqDoGSi4OkZiNtBtWi2glTMwZypZWlnp7E=":{"valueMac":{"type":"Buffer","data":"HoD/OfONlTKSreOW08L5IfwTyiUZtWd/9WPe1u7M8YA="}},"yqvph2a8MoDvu8cGhfZHG5w+lbVoXyyCwCrW/aLL1Cw=":{"valueMac":{"type":"Buffer","data":"w/Z+vAnGSd0dUzoZfivpw95Nm994KNQlE33x0zUzFnM="}},"hWbro+h9bEY5TkIQag4I7VBUDpveuyXP6UTCzsxp+M4=":{"valueMac":{"type":"Buffer","data":"nfRU2ySGCgBuO6lozoICShp25PSO3PZuwBHpXkLNtTU="}},"+6CAGWsYL2uKg5Rf8/0x1WoZnXjqLCSJA1qA4etTKiM=":{"valueMac":{"type":"Buffer","data":"zFoquMc7HQ+3u+F053bsn7gzfdvmHb4C+ejlYFtpqE4="}},"nV8IefdIjYho5EPVSXqBPkLA63sFRT5iMhLjm1UqHCI=":{"valueMac":{"type":"Buffer","data":"Rb2MN2YyZzEIBevOn/LojzqWSx/4ieqz01ojCYFLJxw="}},"zR4cjPCr4U5EF1mOcfphH/1UQca51JdD1mb2Yb+ntgI=":{"valueMac":{"type":"Buffer","data":"l1IXdJ5j+sGyG/Q50/CXfEcG3N9sRK1eEQxsa0LxHTM="}},"soi2WVMH1oJMHFo66fVWtFGeqobltm/eb/14HJlmFwM=":{"valueMac":{"type":"Buffer","data":"RraARLWbQM23EZPEcqOs2WxVFTR0MnMz4IdsUy1MXMk="}},"+R0nkVa76rfcwgZDDodjArTphfQLDMBWI+yeLVJ7r2U=":{"valueMac":{"type":"Buffer","data":"FKd1HW6W6fHDvRulJX7iUzc8AsZQv2oi2XONit6XmmM="}},"OGdrH40uYgHpE3Sq/nQMtJBT8IIrMXapzEDPyyhyX+E=":{"valueMac":{"type":"Buffer","data":"fxd0h4m6IkwY9Z7OoLpcZB1Gu6B/8VjCshjOOr8CDKc="}},"R/HsenUzP9TDSTvUPeq6J8BoSwba31ejhyDCquJCUBE=":{"valueMac":{"type":"Buffer","data":"0EwmEm1UYJ2ZMk5e+C0AeOn/rCbnRJp83Sc4mCQEmCM="}},"20JwEnVUe0tSe/Dy8FA6vZ741KGOmy2KAsQodeHnDFU=":{"valueMac":{"type":"Buffer","data":"oVszjZf6S8D8MPiwyJUuXXp9nUxOv64PohTaIo3CY/U="}},"zXXbe5EC+5xLvGtKRX11azq7sClSyDctPV+szD1UxhY=":{"valueMac":{"type":"Buffer","data":"ElQJUh5uqN03hU4NY5CQCNYry41YA5u6/yW6WrdXhe8="}},"DAjLlQN3utMfxn28MtQks4P318IBlAKsgCSDIKbh+WQ=":{"valueMac":{"type":"Buffer","data":"3XZCtUOK67CHBq/v0DRYDTgG6vaK6MxL97cVH6E1tvg="}},"fWJTQfAFA7AGzjKgv5Pws1doF8wOdWobiGFJ46cFkCc=":{"valueMac":{"type":"Buffer","data":"r7H3E6q7w2K3bsIzx6/VTidZKt/35QwJ5BjiAjYpMZE="}},"B4K/SsPrEjFzTmv8usZ/qRcD8jhAjqEDagGseugm4Bc=":{"valueMac":{"type":"Buffer","data":"x5m3sL7eKLmRhqKy+/V7n90CwChbCGe2SGj5ypFP9F4="}},"fDYHSnEmbnPeOUwMuIUmeqrQCB8JhQ852KKBxvl0WZ8=":{"valueMac":{"type":"Buffer","data":"QM1pktRaURutJOQ6XzwhfZvlSI0ys5OTZhaUc7yACj4="}},"rGwd8dGrukDLugI+iWcCrBTmsBSS1fmIWyWxtADzcX8=":{"valueMac":{"type":"Buffer","data":"ddXygCysK+yVaWEGd9/2xOxV3wyOaOA9X647jKXlhe0="}},"Qi3lR3PjvHAHXlgwZYHpda4iybmEwXtBgUUJjEaXH6w=":{"valueMac":{"type":"Buffer","data":"5qhh+M08b4EWZz5OBLY+rbpJ2JQArcJ3vVtR9F7ELVU="}},"x2UpOIl7/R0xGfk/xsp3QK7UA3+8j1oes6P+CXyQ8mQ=":{"valueMac":{"type":"Buffer","data":"9vCRR6HggivqsTqJD8Y8buVTpXkARCzYLOEt5f5vqPQ="}},"RzlDoLYWXWOqn0Hbh9BkOYUYwSPzB/tDO/pde0bA/Hk=":{"valueMac":{"type":"Buffer","data":"xlElubjzE96OlrCLI9NESfaFzCLcOTJm08mlA3WKqR8="}},"EQfuEbFbE6Ak3jxdHa2zCNKsU+9SKskgpwLCYo2q1Z8=":{"valueMac":{"type":"Buffer","data":"UtWAm1JHRImZSQBlKANYDAJcdOI2jkrHWUkR39vxmJw="}},"ee42V1BtuvYLNwMDZhHJbt0M8Yd2aME1c1PJ3wQR7j0=":{"valueMac":{"type":"Buffer","data":"HyoKof7cOCt5HcvnxcTtarcM34Fg3hspLMIhzn2U1V8="}},"8TqtVjBvy0YVJplMz21vgDxaxIaGsVAAaECgzbZ/4Mk=":{"valueMac":{"type":"Buffer","data":"pDDVSlUIEP96SBp06CjtwAmCp+0YfY7bi0yJyryROPo="}},"DQo6LVrvL2z94qfwMbeBYQ+mDjtwW8+zMgas08lhTjA=":{"valueMac":{"type":"Buffer","data":"co3ny9YLt2/WUt1e5LJgChOAxqTN2NM/j362atFOnAo="}},"jSRiIQOGltdS7DDLLPJ1HkNQEcfXmtaEqOw/1ByFef4=":{"valueMac":{"type":"Buffer","data":"woBSmuyrtbIZaw9GkGn7M4oKZ5RlR6jhG9dyxg6yURk="}},"kNN1TbrMAW4bhaFYzA6rHOyZvfstcvJGUcgUHcxbfAw=":{"valueMac":{"type":"Buffer","data":"nVmnK9hL2TwRdIccr8px0MmUq3Q/Grn1H/OoAp70cE8="}},"VIWe1RmcaLiAAG1rnmFoJhhdiIFa6fpSourL3viz3Ng=":{"valueMac":{"type":"Buffer","data":"i0jn1FPieabTBA0cmlD8A6Qp/GYtOGpr1HikEzp+C+w="}},"1dI+Jtm6LudomkuZjQSsUTTpPsTcb85Ya9p35L4B4YM=":{"valueMac":{"type":"Buffer","data":"s8bclSh5alwFiw60vAttz2vfD4+00PNX1shumI6NYU8="}},"jewCVVp7vfCswZ1Z6WYW9uG71ilXuaN7HkigZRb6maY=":{"valueMac":{"type":"Buffer","data":"QC1JQT+iCrVDzm5JYpH8+1Wm+LQG65jzTvDqhtOY6p4="}},"NXrPCPgIoCV+mAqKjHmgbv4Q2Fl0oQ5yYkJ0UaF8rrg=":{"valueMac":{"type":"Buffer","data":"0durbVZa1DrbWMDnZ/aEY+44POAzRbi5ybvVSNRQ5VE="}},"rRaPW0zNSx99OQQOeIfq4Vn7M8nqsPU33ZSHWFSR/mw=":{"valueMac":{"type":"Buffer","data":"deEMS2JdaxK88ATJXSzKK8fqGtDD+dsfjnTlkXl/DIU="}}}}