{"noiseKey":{"private":{"type":"Buffer","data":"IM3Eb0M5DtPRuyKgnf5vDE/4+LwXSN5VGSRIqr5eik8="},"public":{"type":"Buffer","data":"eRY2iDJeau8ZkLYvgaIDB3CfC6XZi4togYpzNWjCEm8="}},"pairingEphemeralKeyPair":{"private":{"type":"Buffer","data":"MEMJImcrRF/euTpacHKhgIqsjHjvOBfVrmOkrjleLl4="},"public":{"type":"Buffer","data":"6eLb7qzrcBrEtsXlFmIMEg30fG/TBk5TDeq9aYHB5jU="}},"signedIdentityKey":{"private":{"type":"Buffer","data":"sGnrYmHwS+6RvuHL5F2AWNdOipbhPfDCABrVcsdae24="},"public":{"type":"Buffer","data":"B6HxOl3mYttkzHkbiiWjz21jKekfYInG4xz03ppeRgU="}},"signedPreKey":{"keyPair":{"private":{"type":"Buffer","data":"OEkXqhATb6ZYDbYX3Z64hjKT61cdkxTEE7hLLT7102w="},"public":{"type":"Buffer","data":"ZWtwJmaE/TCXmX6FZBseKOjOevrkD9A1l7LKFfBoxUg="}},"signature":{"type":"Buffer","data":"/quXCaxoMHBRiJfOPh8d56ac/rTokW2sN1W4+G7T93kUaUpfA04KPlsFGkdH7XUBZ/8nz3UjZbkP3zXXSgkkDw=="},"keyId":1},"registrationId":205,"advSecretKey":"rcMRSK9L3SPnrIXVTqjgE0RiTX6rCn9liGnBdzdkjWg=","processedHistoryMessages":[{"key":{"remoteJid":"5511999101943@s.whatsapp.net","fromMe":true,"id":"374F3183FEAF8B3EB802F41A4FD71237"},"messageTimestamp":1753167950},{"key":{"remoteJid":"5511999101943@s.whatsapp.net","fromMe":true,"id":"6BA485B318C19F68DFFD03412B3ECE5B"},"messageTimestamp":1753167951},{"key":{"remoteJid":"5511999101943@s.whatsapp.net","fromMe":true,"id":"ECDBB0E82693B799616A4F3878266700"},"messageTimestamp":1753167961},{"key":{"remoteJid":"5511999101943@s.whatsapp.net","fromMe":true,"id":"63A2277A079AC066EE08B0200F082ED6"},"messageTimestamp":1753167967},{"key":{"remoteJid":"5511999101943@s.whatsapp.net","fromMe":true,"id":"8B3891D5D62117E46FC729AB5CE80A42"},"messageTimestamp":1753167974},{"key":{"remoteJid":"5511999101943@s.whatsapp.net","fromMe":true,"id":"C39ED0E9B89EAFBA90F63489E8789547"},"messageTimestamp":1753167980},{"key":{"remoteJid":"5511999101943@s.whatsapp.net","fromMe":true,"id":"C98B3AF18ACCE48B20E44637519CE3FC"},"messageTimestamp":1753167986},{"key":{"remoteJid":"5511999101943@s.whatsapp.net","fromMe":true,"id":"384FAB9C4271CC6E227546DDF9C17AAB"},"messageTimestamp":1753167992},{"key":{"remoteJid":"5511999101943@s.whatsapp.net","fromMe":true,"id":"345FDA0BBB26C6EECA67902ED96E5B38"},"messageTimestamp":1753167997},{"key":{"remoteJid":"5511999101943@s.whatsapp.net","fromMe":true,"id":"CA00FD9099A10C701D6BE7DB8A22B4BD"},"messageTimestamp":1753168003},{"key":{"remoteJid":"5511999101943@s.whatsapp.net","fromMe":true,"id":"9DF084132BDFEEE972F25F1DAE06AD43"},"messageTimestamp":1753168008},{"key":{"remoteJid":"5511999101943@s.whatsapp.net","fromMe":true,"id":"B197EDE5DBF197CF17BB867DBB646D50"},"messageTimestamp":1753168014}],"nextPreKeyId":138,"firstUnuploadedPreKeyId":138,"accountSyncCounter":1,"accountSettings":{"unarchiveChats":false},"deviceId":"1hbM3EE2Qv2ZdnfEuHJFfQ","phoneId":"1080f649-10bb-4c33-bbb0-448ae5d10297","identityId":{"type":"Buffer","data":"Jhv8zxvZZ60LyQyAW+GRtwpgKUE="},"registered":true,"backupToken":{"type":"Buffer","data":"6EtafAydNBvJ1dOLC27GQZufpuU="},"registration":{},"pairingCode":"5DB1Y8QX","me":{"id":"5511999101943:11@s.whatsapp.net","name":"Dan wdws #watussi"},"account":{"details":"CN61qIUFEMnw/MMGGAIgACgA","accountSignatureKey":"aE3xKPTNtiYbU9KQh5+eqiJvqJnSMR360GvEnCNPTRs=","accountSignature":"iqluMpfOweWIEag77V7LhTHCL2hzTQkrMNHb64O8OqG+6OiZaRiOLhf46RvmdloVQkPKwBvfweGNX9Ozqki7Bg==","deviceSignature":"5k3v4UBC6CZobuXry/0rbpzJCePhPFL//nG1ydmCzzDhSdy0bEudGTqtsNvP7etNK2uXyFD8Vv/Kh9g8trUPDQ=="},"signalIdentities":[{"identifier":{"name":"5511999101943:11@s.whatsapp.net","deviceId":0},"identifierKey":{"type":"Buffer","data":"BWhN8Sj0zbYmG1PSkIefnqoib6iZ0jEd+tBrxJwjT00b"}}],"platform":"smba","lastAccountSyncTimestamp":1753169165,"myAppStateKeyId":"AAAAAB8K"}