[{"senderKeyId":88138390,"senderChainKey":{"iteration":17,"seed":"CYOkVtx4ADnQALJTUYGrW0X75RBuB8gXeiMKN6kewPc="},"senderSigningKey":{"public":"BeQpIGPqx7AmSz2z6qaoy4e3CoK//8yZ7BRaV2eN1IZ8","private":"EEaVUrQQK3ZEqfA/C2LV7saNewTuVw/GcqHrTqWdTGo="},"senderMessageKeys":[{"iteration":1,"seed":"ioOWlJnFh+YVhg51RP9ixqz1bSA2+7eoSsgelz8ay4U="},{"iteration":3,"seed":"fLpUhdZ/ICsR9/5T+I+e/I/XGeAAw8bmJZFB+efieGc="},{"iteration":5,"seed":"MVl9qSEJLliB+/yaj/aW9HeCEa3rKigHwcDnaiRv7yw="},{"iteration":7,"seed":"HKc8HWMySnovwlp/kBoFujtXB/DMgoOmCRqhXcLuN8M="},{"iteration":9,"seed":"fCsWPOZBfjmXfB8p3zJSv3Hvb9zD+es4nW0pKQVwKn8="},{"iteration":11,"seed":"OqaQKXDaap/sjseF0MHPrEEzLfdmY+zzzcAHjRCUOn8="},{"iteration":13,"seed":"h7I9/Lj5S1FtD79WDzwkfhqa4skdEg199LzFVZHvirY="},{}]}]