[{"senderKeyId":498701962,"senderChainKey":{"iteration":11,"seed":"pwjxFBy+aTNxHiEc4Yz2v2NtlNciq8r07nyU3fxEaZo="},"senderSigningKey":{"public":"BdH6RhurFsBssYBmIT9+i8LaAI5BKyzpoEARYl2TrcJ/"},"senderMessageKeys":[{"iteration":5,"seed":"TJpquwBqaUrrlQp8t9uIPXKX7IRIDcw8ZNrz3oEJs/8="},{"iteration":7,"seed":"98KGDo8hRf5dQ/MWPxNT8YqqQVB+gAlx+H+j1jBD1IY="},{"iteration":9,"seed":"VeZoxCc8Q3wZJTkZBGpsV6uf3ghsv3i0vqBUi/nfmiU="}]},{"senderKeyId":498701962,"senderChainKey":{"iteration":5,"seed":"VpfSRd+vsnIVHXORauGJzgVY8oHCjFoJdW5AhDa+MR0="},"senderSigningKey":{"public":"BdH6RhurFsBssYBmIT9+i8LaAI5BKyzpoEARYl2TrcJ/"}}]