[{"senderKeyId":1116305138,"senderChainKey":{"iteration":1,"seed":"ECm3Ix4YGplFwSzVukuhyn6xU9I4JUFrcoMLh+VOjdg="},"senderSigningKey":{"public":"BZt5uPlDzcKBJNbY4Q4nNlG7tyOSRF6tnx8nV5N+w/IC"},"senderMessageKeys":[]},{"senderKeyId":1315840011,"senderChainKey":{"iteration":21,"seed":"BK2vB4zWhxI5DRHVAps9oBy+fTJUK8rY2R1G7eeM6WI="},"senderSigningKey":{"public":"BVB+lRxR/kwjlHHljzcbfFm2qc/hJuEp1c6E6D1KaW8s"},"senderMessageKeys":[]},{"senderKeyId":888219029,"senderChainKey":{"iteration":1,"seed":"dmY1NmcyntXHxy/X8sThQ3/o/jDmPpfOZwEMTCvO71E="},"senderSigningKey":{"public":"BZDelCn5AAAABtFEP1h2sEGyEyaMQe7EcnkJ7n8aMqYl"}}]