{"_sessions":{"BT/yze/x22kabMTOTRWDszTIyDJyMvf38UdQ0f8COxt3":{"registrationId":1490128806,"currentRatchet":{"ephemeralKeyPair":{"pubKey":"Bfb0wFbBnEFGLoNmvkNk61qhLlFAuhYM08dGpFMTrBw6","privKey":"kKhmW9eAuNhrLneNjOuCEIXRNBzJ8UWEoQB2wra6e2c="},"lastRemoteEphemeralKey":"BfJyLEy7E0qnH7YJFmEK1Vl7rULhV6SgXpIbFnk4cuob","previousCounter":0,"rootKey":"neu5SWE+CCIOYqaHXPFabRaOwdEnZLKu3p6gnsJuA1o="},"indexInfo":{"baseKey":"BT/yze/x22kabMTOTRWDszTIyDJyMvf38UdQ0f8COxt3","baseKeyType":1,"closed":-1,"used":1753170896585,"created":1753170896585,"remoteIdentityKey":"BU/vVEveUArw7IWIzmcJy+jvhtFMmEFELKeR2KuXzDhL"},"_chains":{"Bfb0wFbBnEFGLoNmvkNk61qhLlFAuhYM08dGpFMTrBw6":{"chainKey":{"counter":0,"key":"ABkvuqSMvebSDL4YuN45V+yANtpedUZWE8VQsTFQ5A8="},"chainType":1,"messageKeys":{}}},"pendingPreKey":{"signedKeyId":2,"baseKey":"BT/yze/x22kabMTOTRWDszTIyDJyMvf38UdQ0f8COxt3","preKeyId":6989391}}},"version":"v1"}