{"_sessions":{"BfZM0BQ+S7H9AkkpxHndPpY13V/PgTxd0SgD0MyObB17":{"registrationId":148,"currentRatchet":{"ephemeralKeyPair":{"pubKey":"BbeuPcVobtbnvPpsn0vCASqcCsQ6AH24FldR9JHcP1F1","privKey":"4GXJjkkrkngxQ8+Ihl1mZYA68rzRVqwzQZxL8SJeD2E="},"lastRemoteEphemeralKey":"BWGnbISrab3zd+HnTaapMUq29DdePTlQBOqKSXOIRTYA","previousCounter":0,"rootKey":"+v4q/XUdJvjR7cS7KdfboiDDmExTRbYEqQ1tq3yIKlM="},"indexInfo":{"baseKey":"BfZM0BQ+S7H9AkkpxHndPpY13V/PgTxd0SgD0MyObB17","baseKeyType":1,"closed":-1,"used":1753174282112,"created":1753174282112,"remoteIdentityKey":"BX7VeBUXIP/LnbaVWc6t4LDHBjXu+41b4ngGNLAS3qgR"},"_chains":{"BbeuPcVobtbnvPpsn0vCASqcCsQ6AH24FldR9JHcP1F1":{"chainKey":{"counter":0,"key":"St3IafFfF42SsRTXfe0jugm9PBsAeGAiOThyFEklZe4="},"chainType":1,"messageKeys":{}}},"pendingPreKey":{"signedKeyId":1,"baseKey":"BfZM0BQ+S7H9AkkpxHndPpY13V/PgTxd0SgD0MyObB17"}}},"version":"v1"}