{"_sessions":{"BY6mMQVWdMPvpN8v4Yv5VBcayRCBi4BBIFQ172XMpAsS":{"registrationId":42971189,"currentRatchet":{"ephemeralKeyPair":{"pubKey":"BRnqMFHLTnmaa6bkmX6PA4qW0DfaEOVNIb86/azmlGR5","privKey":"eEwYNMR7DJNR3/vUo/puhk/s+5YG3bVKk/yYZjrlBlg="},"lastRemoteEphemeralKey":"BQ6rGRAaQaKPDH7em2pbrGWP4RC3LBxHvXVUjL8M2bo5","previousCounter":0,"rootKey":"4sYQfEWsOTIpXZPqSs5Q7JUUeaOuNJNC1Gg4zoFb6t4="},"indexInfo":{"baseKey":"BY6mMQVWdMPvpN8v4Yv5VBcayRCBi4BBIFQ172XMpAsS","baseKeyType":1,"closed":-1,"used":1753174282178,"created":1753174282178,"remoteIdentityKey":"BQJw2EzIub5ttUNAuDPxWQQ30F4qBUCl1aEPrL2dzcNs"},"_chains":{"BRnqMFHLTnmaa6bkmX6PA4qW0DfaEOVNIb86/azmlGR5":{"chainKey":{"counter":0,"key":"A/TkDzOH73kZ9P/FRBTVVJATH0y43AeZEkin3lUIzq4="},"chainType":1,"messageKeys":{}}},"pendingPreKey":{"signedKeyId":1,"baseKey":"BY6mMQVWdMPvpN8v4Yv5VBcayRCBi4BBIFQ172XMpAsS","preKeyId":3312446}}},"version":"v1"}