{"_sessions":{"BdaPYyfMWpw4gVxLSYolMP4f1FgGm/KwhIq63p0CYbso":{"registrationId":66,"currentRatchet":{"ephemeralKeyPair":{"pubKey":"Be0ixQ29BIe7tbkFz5EUgExZqBWmTVZCjOSccsvYvP9v","privKey":"QKp5ecO/wVABwZPn7ZrjICl50A3IbcQuW4e39AHkBkE="},"lastRemoteEphemeralKey":"BZqM5T/OCT6ydU4kQ6jZlj+BfuM1eSCGJZtj3okUF7EF","previousCounter":0,"rootKey":"3q1OoBz4pC9AwDIhEoxx9LcQCiO+GNcQ/rPqoNphanE="},"indexInfo":{"baseKey":"BdaPYyfMWpw4gVxLSYolMP4f1FgGm/KwhIq63p0CYbso","baseKeyType":1,"closed":-1,"used":1753170896282,"created":1753170896282,"remoteIdentityKey":"BUBLFiegmxeF/ld30qAx+Xz4kQmAUF3LK668x0z2Ut9q"},"_chains":{"Be0ixQ29BIe7tbkFz5EUgExZqBWmTVZCjOSccsvYvP9v":{"chainKey":{"counter":0,"key":"sEZdeogZmCzKjRB+OctnnTg8xFzZuoBHWPjnaKj7028="},"chainType":1,"messageKeys":{}}},"pendingPreKey":{"signedKeyId":1,"baseKey":"BdaPYyfMWpw4gVxLSYolMP4f1FgGm/KwhIq63p0CYbso"}}},"version":"v1"}