{"_sessions":{"BRSTAlCncDArDf4xA6noniETpAmzixUCvZDpqbEc3XYO":{"registrationId":1042110583,"currentRatchet":{"ephemeralKeyPair":{"pubKey":"BZl/JdA4/DRnO9CVE09qwsWHxMWaZWBhcR1bqFpxmv87","privKey":"qCgjgPSThRF25hbqxMC/Cue7/i1J0TcGXdh9I5wRRGw="},"lastRemoteEphemeralKey":"BTbOY3jqraAZ6OEyHWHcRr1xQuPXDXB9d9zsxzxEymlT","previousCounter":0,"rootKey":"AirCMxJYhbRMAcNLUXsCr96hdXChUW0IHFt3oqz6JgI="},"indexInfo":{"baseKey":"BRSTAlCncDArDf4xA6noniETpAmzixUCvZDpqbEc3XYO","baseKeyType":1,"closed":-1,"used":1753170896223,"created":1753170896223,"remoteIdentityKey":"BUkbrHANzqHaT3paprA5UevlSeDj8+1r++QlYTzcRmEm"},"_chains":{"BZl/JdA4/DRnO9CVE09qwsWHxMWaZWBhcR1bqFpxmv87":{"chainKey":{"counter":0,"key":"qx+mionXcaBag56LJ4fq8QYG/n4yQH/qBwbIYqPya+w="},"chainType":1,"messageKeys":{}}},"pendingPreKey":{"signedKeyId":0,"baseKey":"BRSTAlCncDArDf4xA6noniETpAmzixUCvZDpqbEc3XYO","preKeyId":16480090}}},"version":"v1"}