{"_sessions":{"BZ6Qwt+QpvvH/qQBavhbUwu0OZVJkDW2Ye9FvdJOGZxV":{"registrationId":1177252170,"currentRatchet":{"ephemeralKeyPair":{"pubKey":"BUT8+cwkkwwiWGmYaK/BsrToHgGOtm9z1HHSq7poY0sR","privKey":"MJdXySULOGZaRpwdhPLYN5d01R571cZBH6DUT251bG0="},"lastRemoteEphemeralKey":"BTZuKsOQfJgJ8xhCCKgVdJJmzsnfxXAWqkNlCx8zeQg2","previousCounter":0,"rootKey":"KflqARfwpghbkfsXe3CeHDEqLRY7mYg5NHTxzP2Vhvo="},"indexInfo":{"baseKey":"BZ6Qwt+QpvvH/qQBavhbUwu0OZVJkDW2Ye9FvdJOGZxV","baseKeyType":2,"closed":-1,"used":1753168426963,"created":1753168426963,"remoteIdentityKey":"BZE7QqF74Lc2QKBItYauXcMkbduLEv4OMc31afpZIKNy"},"_chains":{"BTZuKsOQfJgJ8xhCCKgVdJJmzsnfxXAWqkNlCx8zeQg2":{"chainKey":{"counter":0,"key":"gAzKf588jl2fkONTiXFU7HpqlpZR7QVhLwKdyibjj0Y="},"chainType":2,"messageKeys":{}},"BUT8+cwkkwwiWGmYaK/BsrToHgGOtm9z1HHSq7poY0sR":{"chainKey":{"counter":0,"key":"afA6phG+fc2++jOHKrIIv20e05UCG3i0T0S3g3aWdqE="},"chainType":1,"messageKeys":{}}}}},"version":"v1"}