{"_sessions":{"BRckvB9A7hNn6m7nHfx3coP7byOSEheRqN6ycTiPjktY":{"registrationId":1005338449,"currentRatchet":{"ephemeralKeyPair":{"pubKey":"BYGdNTixR95Lyq+pn60OzZgAvYoU3C4OsjKXJ94fPXJ0","privKey":"sM3bYm89BkRwztKdZOzhCCXTV1/SY+F3J2nWIsZjq2I="},"lastRemoteEphemeralKey":"BW5uFZmexkmtkzh60mlOTTyu4JKPaf32tYScPP69mccl","previousCounter":0,"rootKey":"ulbwdJyuLc2h0n3nitx9aWdvw7JLbQUtPGEqXME/p30="},"indexInfo":{"baseKey":"BRckvB9A7hNn6m7nHfx3coP7byOSEheRqN6ycTiPjktY","baseKeyType":1,"closed":-1,"used":1753170896669,"created":1753170896669,"remoteIdentityKey":"BZsvGJwnDVhL/WwbBK8m8r5qnHTh13R+fsjdljm9+80X"},"_chains":{"BYGdNTixR95Lyq+pn60OzZgAvYoU3C4OsjKXJ94fPXJ0":{"chainKey":{"counter":0,"key":"wMCwrj64pGEyVLQrqTNrZgWtzUELFW4XAnDbrs+WV1I="},"chainType":1,"messageKeys":{}}},"pendingPreKey":{"signedKeyId":0,"baseKey":"BRckvB9A7hNn6m7nHfx3coP7byOSEheRqN6ycTiPjktY"}}},"version":"v1"}