{"_sessions":{"BcaLUULE+6V8caJBmRUYbkDSDLZnGisA1gMj8tZfGHUZ":{"registrationId":1066889255,"currentRatchet":{"ephemeralKeyPair":{"pubKey":"BQwiRxO/61i0WKuIhxVEGGcTibhgsUEjK7sTNqFY2jgN","privKey":"YC/tW1XTlOy31mnVoQWOVlTWzAEF6SuD3nfDEEWsRHw="},"lastRemoteEphemeralKey":"BbPqULrB0pb/umXmzcC9ADc8v1XaW99voSGUlGkAGNBd","previousCounter":0,"rootKey":"J4vhaMhG6uEdVkOGSAnfIrNjzJC3DMzt+wz8OATIzMA="},"indexInfo":{"baseKey":"BcaLUULE+6V8caJBmRUYbkDSDLZnGisA1gMj8tZfGHUZ","baseKeyType":1,"closed":-1,"used":1753170896521,"created":1753170896521,"remoteIdentityKey":"BdX9eoQMEVg59w5AK/VDouKUotmL6aSgEaw3PHB9v0l5"},"_chains":{"BQwiRxO/61i0WKuIhxVEGGcTibhgsUEjK7sTNqFY2jgN":{"chainKey":{"counter":0,"key":"IFqNAcgBIo63v1Gi3LEG02WTucW1jb1BL4SLkvuZhys="},"chainType":1,"messageKeys":{}}},"pendingPreKey":{"signedKeyId":12342557,"baseKey":"BcaLUULE+6V8caJBmRUYbkDSDLZnGisA1gMj8tZfGHUZ","preKeyId":3932}}},"version":"v1"}