{"_sessions":{"BVs7sEJFe0T6GRghQKxO81tqJOsejQ7IQNbZ0dOOgDt/":{"registrationId":197,"currentRatchet":{"ephemeralKeyPair":{"pubKey":"BVMdZF+1ROub7d6eefqbFdSJI00wgHSleawmiQ/41toJ","privKey":"0Edxva2apnMelmIpEXKmSt8v6eLWFTnpo6CLHJ0Vuko="},"lastRemoteEphemeralKey":"BbpZcy/LyxNowWbfbaBCo4Y1qHGeLl+3YjOHhlSSc+c/","previousCounter":0,"rootKey":"ddY9ybV/3xLp3vLahyXR39GlKR1WFJkOT4KMvY4qie0="},"indexInfo":{"baseKey":"BVs7sEJFe0T6GRghQKxO81tqJOsejQ7IQNbZ0dOOgDt/","baseKeyType":1,"closed":-1,"used":1753170896206,"created":1753170896206,"remoteIdentityKey":"BVHj5Sf1T6w/t5rd9mQ+TjkUFwYOEqnIavUERZ5Dk1Q7"},"_chains":{"BVMdZF+1ROub7d6eefqbFdSJI00wgHSleawmiQ/41toJ":{"chainKey":{"counter":0,"key":"dsOLBhufajfG1cD3ENFgSGbfAkLwG6BNnzV1ua5vzT0="},"chainType":1,"messageKeys":{}}},"pendingPreKey":{"signedKeyId":1,"baseKey":"BVs7sEJFe0T6GRghQKxO81tqJOsejQ7IQNbZ0dOOgDt/"}}},"version":"v1"}