{"_sessions":{"BeCDyyd311XWMMBYsGNqHqnbMLw2tl61XkDqHyOUPwQ5":{"registrationId":1291226910,"currentRatchet":{"ephemeralKeyPair":{"pubKey":"Bcxl/0IPMCLMnITBPIABXP06VIaWS8hT7OsEP5Ry/N8w","privKey":"IECcmgTfbSjSddxc3qlnedRmk6nLEE1Asb5PrgL/B0o="},"lastRemoteEphemeralKey":"BbC2JYwdlbP0x5BeG4NRozvlS3/77p0pn5J3A6n76vET","previousCounter":0,"rootKey":"JAVkx9AasXs1B/D2qIzfdgjmTsQUU96CAzZwDOwE/Z0="},"indexInfo":{"baseKey":"BeCDyyd311XWMMBYsGNqHqnbMLw2tl61XkDqHyOUPwQ5","baseKeyType":1,"closed":-1,"used":1753170896414,"created":1753170896414,"remoteIdentityKey":"BUfzAq422vNiuJ+nmejnVbXku60W67HoA8wvASr44jhj"},"_chains":{"Bcxl/0IPMCLMnITBPIABXP06VIaWS8hT7OsEP5Ry/N8w":{"chainKey":{"counter":0,"key":"F0xlDdgGLmjrAzXQgwrOyTy3EnwWBJGKVooCFwtFHtc="},"chainType":1,"messageKeys":{}}},"pendingPreKey":{"signedKeyId":1,"baseKey":"BeCDyyd311XWMMBYsGNqHqnbMLw2tl61XkDqHyOUPwQ5","preKeyId":3219717}}},"version":"v1"}