{"_sessions":{"BaxoDf3EXH9w1EGFmpdE0x+VO7q+V6jno22h5jjAx9IR":{"registrationId":244,"currentRatchet":{"ephemeralKeyPair":{"pubKey":"BYMJSTOvYuqOB/zr7I6qac5u+ialqE+fJejHyEydPB5s","privKey":"2Lh33SFzE37eNb97hNINL1DhUApRShdzJamkPrJJ0Xs="},"lastRemoteEphemeralKey":"BWNRPLX3IuGs6+8ZOyou32JtN2cWhQEMKuhWYDRBhFck","previousCounter":0,"rootKey":"6LNA2aUQCz3nSG+tQuuRiOiUQa9pwZ2mZagZ4UDZgnw="},"indexInfo":{"baseKey":"BaxoDf3EXH9w1EGFmpdE0x+VO7q+V6jno22h5jjAx9IR","baseKeyType":1,"closed":-1,"used":1753174330813,"created":1753168406685,"remoteIdentityKey":"BXlVhZcBw4wp2R2TxqcczAJ5fqoZp3oNzAAGWYoh+l1N"},"_chains":{"BXS0JVCBjX1cowtxZmwVxtPqpTkwLs87IUqRgZeynQMs":{"chainKey":{"counter":1},"chainType":2,"messageKeys":{}},"BWNRPLX3IuGs6+8ZOyou32JtN2cWhQEMKuhWYDRBhFck":{"chainKey":{"counter":1,"key":"dvBY7sLs2b3Vvmj0+OZtmzvYNmwZIjenWQ7jDUdUtXM="},"chainType":2,"messageKeys":{}},"BYMJSTOvYuqOB/zr7I6qac5u+ialqE+fJejHyEydPB5s":{"chainKey":{"counter":-1,"key":"i7O4mcGTScKz82wawxpgGaBSe+2NmNLYfnOMvtkh4T0="},"chainType":1,"messageKeys":{}}}}},"version":"v1"}