{"_sessions":{"BUCDFu/qwo5U5BA1MB6yP+37WwO9vJBT9fQPcazKhbwo":{"registrationId":83653482,"currentRatchet":{"ephemeralKeyPair":{"pubKey":"BYiB1A6gkBFIH2DJEtrrjJD9boJk+kqxREIh5+n/lilv","privKey":"YBpQxuutdTftU3h0cBP10OmPtZqAtd+ofOKL5m7vnkI="},"lastRemoteEphemeralKey":"BcOvAwjv9VCcjU6+Xuq+/yCsPTOTzaNTFmvQbK2Y++t5","previousCounter":0,"rootKey":"9DeMvogycfXNT1pfeWgNQ6vdpjnJoqYPKGW9O49fuCg="},"indexInfo":{"baseKey":"BUCDFu/qwo5U5BA1MB6yP+37WwO9vJBT9fQPcazKhbwo","baseKeyType":1,"closed":-1,"used":1753174282134,"created":1753174282134,"remoteIdentityKey":"BbXLV2TXHp1HE5go5fwybqis4fZ1Rqvohh7Zi8phBQE7"},"_chains":{"BYiB1A6gkBFIH2DJEtrrjJD9boJk+kqxREIh5+n/lilv":{"chainKey":{"counter":0,"key":"xx6fSDhHsEJQg9b9DpJrIplhyyMf/QyKYjIZjrDEGWE="},"chainType":1,"messageKeys":{}}},"pendingPreKey":{"signedKeyId":1,"baseKey":"BUCDFu/qwo5U5BA1MB6yP+37WwO9vJBT9fQPcazKhbwo","preKeyId":13689663}}},"version":"v1"}