{"_sessions":{"BROwJ/2LE4q8LUFhdApBzSRMqleNje7dYlQX5ox8cJMY":{"registrationId":393800221,"currentRatchet":{"ephemeralKeyPair":{"pubKey":"BQhYsLWYVB8Z0XfY9U+yhkjZ02PiVBtHeLNG/C59M8ou","privKey":"yEzrLMrgYgivEWXjXSwhmbJaye6KQiYeNutl21ly0E4="},"lastRemoteEphemeralKey":"BWpYAdCw2bnfu1bM6XtE0vP+SVyox2aXyA19RYi+moMW","previousCounter":0,"rootKey":"d1cA0Lcr/WnP6OVj/q2R3gZOU4D+khIr1sZM3n/smRg="},"indexInfo":{"baseKey":"BROwJ/2LE4q8LUFhdApBzSRMqleNje7dYlQX5ox8cJMY","baseKeyType":2,"closed":-1,"used":1753169983407,"created":1753169983407,"remoteIdentityKey":"BaImplQyt1FojREJAJaBKbIa86wCvLgtZpKGXocwL31w"},"_chains":{"BWpYAdCw2bnfu1bM6XtE0vP+SVyox2aXyA19RYi+moMW":{"chainKey":{"counter":1,"key":"bFuCD7J0y8oLQbrugBh8l3l7TnyTNlLW8mHCGdPqMrY="},"chainType":2,"messageKeys":{}},"BQhYsLWYVB8Z0XfY9U+yhkjZ02PiVBtHeLNG/C59M8ou":{"chainKey":{"counter":-1,"key":"yg75Y1I5k33sf2mk40SNA9UFabSRxurXV1T0WPLR7VY="},"chainType":1,"messageKeys":{}}}}},"version":"v1"}