{"_sessions":{"BQcwNhksbk1f8BFXZ6arojk+WdAuiokUNvWLgznYQAAf":{"registrationId":1226958355,"currentRatchet":{"ephemeralKeyPair":{"pubKey":"BXKz5bwf1IjR2kfKXfAFmRtAaP6Zq6+WTZPeZOMd6lgz","privKey":"CFZYY+h9Y87z08AZ762wjAnfHSDy5VGlCZkLqCkWbms="},"lastRemoteEphemeralKey":"BW600/M9q+vOPuDnyz+krWInX0dGGqu8pz5mxDczsYc+","previousCounter":0,"rootKey":"4FnprQOlpnCBQltEt3GopBNmdR0dyvscRvEZEqgWDtc="},"indexInfo":{"baseKey":"BQcwNhksbk1f8BFXZ6arojk+WdAuiokUNvWLgznYQAAf","baseKeyType":1,"closed":-1,"used":1753170896363,"created":1753170896363,"remoteIdentityKey":"BfLx93bqLgS3GdAfM1721SOexfv5JxHMNPqbic1WwLBt"},"_chains":{"BXKz5bwf1IjR2kfKXfAFmRtAaP6Zq6+WTZPeZOMd6lgz":{"chainKey":{"counter":0,"key":"hieF47opbvvHZ7QZda+I2jK33SPD7c5GvPQ4NVhobaA="},"chainType":1,"messageKeys":{}}},"pendingPreKey":{"signedKeyId":1,"baseKey":"BQcwNhksbk1f8BFXZ6arojk+WdAuiokUNvWLgznYQAAf","preKeyId":12814350}}},"version":"v1"}