{"_sessions":{"BdO17bMvgFeq4G2TW4xnYZJI7sARB+DzNzZOSsAfU+op":{"registrationId":971022755,"currentRatchet":{"ephemeralKeyPair":{"pubKey":"BfQ5uzr66Sg4thV6KUYhkF3AtLH+s0rer2UOFH2SntJY","privKey":"uFsh5Px+abD2WNrsODxXiLUEy1IxR+3VlWu/Asmzglk="},"lastRemoteEphemeralKey":"BTrObb7bWfsdqtX99OUKItDy2XuHs6X+rQKdwdIraz4I","previousCounter":0,"rootKey":"oSY+ZOdX0v+xfn950EPBeAigqYJGQrh4SIlivXWOagc="},"indexInfo":{"baseKey":"BdO17bMvgFeq4G2TW4xnYZJI7sARB+DzNzZOSsAfU+op","baseKeyType":1,"closed":-1,"used":1753170896627,"created":1753170896627,"remoteIdentityKey":"Ba4T6YBmsvHeq7MiVxsJatpnseXhSnr7BYzz5loSgLpG"},"_chains":{"BfQ5uzr66Sg4thV6KUYhkF3AtLH+s0rer2UOFH2SntJY":{"chainKey":{"counter":0,"key":"5Of0rTArLRalbyQQGw7UoIy/zyqEP3s5NHzbwOXNnsE="},"chainType":1,"messageKeys":{}}},"pendingPreKey":{"signedKeyId":8371691,"baseKey":"BdO17bMvgFeq4G2TW4xnYZJI7sARB+DzNzZOSsAfU+op","preKeyId":8134}}},"version":"v1"}