{"_sessions":{"BY3XTqTEvNaoESaAW2ZgcPCbCfF3Qr9bs2o9XvuEYaAe":{"registrationId":345409639,"currentRatchet":{"ephemeralKeyPair":{"pubKey":"BdsXFeBDy6YPWo41d4zizsVcACtk/bTP1yCXu9/Ba0Nf","privKey":"qKTfuTHJpeiIVnpSYJPKsrDb5qSjXM5nMTvWbnl60ns="},"lastRemoteEphemeralKey":"BYdz2fzsOdF8YAkW8hIIB+1MjjvfhUQnKnoJekQcUyJl","previousCounter":0,"rootKey":"mutt3phLjTBGZipCMgvuiLMgAt53IRIaF2Ocgz05l20="},"indexInfo":{"baseKey":"BY3XTqTEvNaoESaAW2ZgcPCbCfF3Qr9bs2o9XvuEYaAe","baseKeyType":1,"closed":-1,"used":1753170896694,"created":1753170896694,"remoteIdentityKey":"BQnwCMOw/9iPOpP98eym0u0tXtBTEz97hj+Rj4DcfMcW"},"_chains":{"BdsXFeBDy6YPWo41d4zizsVcACtk/bTP1yCXu9/Ba0Nf":{"chainKey":{"counter":0,"key":"vZf6b6CNFymYRt0HjregTZszJ5f/6FXojTxWHKMI3zs="},"chainType":1,"messageKeys":{}}},"pendingPreKey":{"signedKeyId":0,"baseKey":"BY3XTqTEvNaoESaAW2ZgcPCbCfF3Qr9bs2o9XvuEYaAe"}}},"version":"v1"}