{"_sessions":{"BYGCTUqpbjMFOaX2lZ632691glyxycZQ/LaH05az8Xwn":{"registrationId":1046964026,"currentRatchet":{"ephemeralKeyPair":{"pubKey":"BYYHdDX/dDMYyp3yTWz3GcrLC1IzQp88OMByMm5OvWBz","privKey":"EJ1mYShQ1UQASGaqSoVGmH8rlZ6fEiucSEIaScnn7Vs="},"lastRemoteEphemeralKey":"BaDpDZ8+aIOQ3JHciKOVRhmh295PwSUGPPKPR8llfRxw","previousCounter":0,"rootKey":"kAglm2joXwEOdiZ2PHgEIrWQrTE95ZenD/zjRTvZBEs="},"indexInfo":{"baseKey":"BYGCTUqpbjMFOaX2lZ632691glyxycZQ/LaH05az8Xwn","baseKeyType":1,"closed":-1,"used":1753170896484,"created":1753170896484,"remoteIdentityKey":"BdkbxGo7tXkWYNCnQias2p2+bOfOlb6Yh9MLVhRl0hQa"},"_chains":{"BYYHdDX/dDMYyp3yTWz3GcrLC1IzQp88OMByMm5OvWBz":{"chainKey":{"counter":0,"key":"/B/rmetfw+naL6p8MoQbTGZma8ZHMI0t3C6KlqbXQD0="},"chainType":1,"messageKeys":{}}},"pendingPreKey":{"signedKeyId":0,"baseKey":"BYGCTUqpbjMFOaX2lZ632691glyxycZQ/LaH05az8Xwn","preKeyId":9633714}}},"version":"v1"}