{"_sessions":{"BezgRDEsSUDwDerMsvKOL+aJAvoBC7Dc/jyC/JOrUCtq":{"registrationId":25,"currentRatchet":{"ephemeralKeyPair":{"pubKey":"BavBJ2GqpM0nLLcuZ5cLV8RZF3EiFF0AEZLK3j3RhMMM","privKey":"0ICbQ+jWSjFYhYpBSeLW6MrDDPmG8b/HM99HXaelvUs="},"lastRemoteEphemeralKey":"Bff4MtmrIpoSpOwfbFR7iGraqd9YEo1oX4yz1EDHB3gc","previousCounter":0,"rootKey":"YcMPg23jzmt1SKBBwFGAlmp3/6N7RQdlFBqY+24WTIQ="},"indexInfo":{"baseKey":"BezgRDEsSUDwDerMsvKOL+aJAvoBC7Dc/jyC/JOrUCtq","baseKeyType":1,"closed":-1,"used":1753170896269,"created":1753170896269,"remoteIdentityKey":"BXq8qDYfsYq+MgKzB92lHVln5zGsKYSA3VnkYuJBMm9F"},"_chains":{"BavBJ2GqpM0nLLcuZ5cLV8RZF3EiFF0AEZLK3j3RhMMM":{"chainKey":{"counter":0,"key":"KhuV/xYl1zeXW2l/qWJ0qY36OG2GnAC58DhRoQYcb8s="},"chainType":1,"messageKeys":{}}},"pendingPreKey":{"signedKeyId":1,"baseKey":"BezgRDEsSUDwDerMsvKOL+aJAvoBC7Dc/jyC/JOrUCtq"}}},"version":"v1"}