{"_sessions":{"BTCbMFwEXDYjw6cgzgy6IDKfsqXrCu/rP6TNoskFIuF0":{"registrationId":1451348785,"currentRatchet":{"ephemeralKeyPair":{"pubKey":"BdwovaS47EdSsThRPQrZ/ZSV2Z9eardfo4xfU5CpZhwg","privKey":"sAXDe8USNecvSbkwnsKekf0Q8K3U07reux3SQrMZVHM="},"lastRemoteEphemeralKey":"BUOJZOW33aywGbphTT4kp22xAY3DP9QXU8H0fJeub08r","previousCounter":0,"rootKey":"pNv2v02yPvbYg92HPf/+EG04x1VkjhcYT3OSPxhXcb4="},"indexInfo":{"baseKey":"BTCbMFwEXDYjw6cgzgy6IDKfsqXrCu/rP6TNoskFIuF0","baseKeyType":1,"closed":-1,"used":1753170896314,"created":1753170896314,"remoteIdentityKey":"BT3+vOXt4wkb1THpVrYKKJnWtFq9Qno9co1og4AaGjlX"},"_chains":{"BdwovaS47EdSsThRPQrZ/ZSV2Z9eardfo4xfU5CpZhwg":{"chainKey":{"counter":0,"key":"vnFcdsOTUjdkTVTBFAH/IprIa+hTgCDEW7SKUXJyHx0="},"chainType":1,"messageKeys":{}}},"pendingPreKey":{"signedKeyId":2,"baseKey":"BTCbMFwEXDYjw6cgzgy6IDKfsqXrCu/rP6TNoskFIuF0","preKeyId":6413873}}},"version":"v1"}