{"_sessions":{"BXdeqlwyOp2uWFmUfUFmI61Re6+YjkW/HGZYmM4G6Vk2":{"registrationId":4085,"currentRatchet":{"ephemeralKeyPair":{"pubKey":"BdRyJrtN45nVo4ovwpuG01oKOaR8nAzj+Xw6MZQM0ro7","privKey":"gEi2S64zfKAwe0qeqdEYPh448SaEusdzqEElXjXPyFM="},"lastRemoteEphemeralKey":"BQTEAjIQf5whRw/33rp25SwlmM/pApBSICQrszK3i+US","previousCounter":0,"rootKey":"WnsUFdBuxQIftcUtGZwv61ugVJyJeGbMMvtrpQugLf0="},"indexInfo":{"baseKey":"BXdeqlwyOp2uWFmUfUFmI61Re6+YjkW/HGZYmM4G6Vk2","baseKeyType":1,"closed":-1,"used":1753170896256,"created":1753170896256,"remoteIdentityKey":"BfqzG8PmBxCJL7fXVoaz3PSO2nhNHTE7/Zr1+9lL9Mdy"},"_chains":{"BdRyJrtN45nVo4ovwpuG01oKOaR8nAzj+Xw6MZQM0ro7":{"chainKey":{"counter":0,"key":"6+mJ6oJo5e6pWppIwmRW/o/nL2TrenCmaA3Tejpg4YU="},"chainType":1,"messageKeys":{}}},"pendingPreKey":{"signedKeyId":1,"baseKey":"BXdeqlwyOp2uWFmUfUFmI61Re6+YjkW/HGZYmM4G6Vk2","preKeyId":12}}},"version":"v1"}