{"_sessions":{"Bd5FMc/YTr7yjK4Ex0Ar/HbAXujlb5fmkqaoA27g4a59":{"registrationId":1769019553,"currentRatchet":{"ephemeralKeyPair":{"pubKey":"BTtDaVI1rFC3VwT1zHEjqB1wxxcFuxfa1XvsoZAf6UcC","privKey":"kKasGP2FoEsDOQ3y3zOtRjALZ03Lf5GsK/F1xm2FpG0="},"lastRemoteEphemeralKey":"BUjIruv9O2k8a+cGErS5Ebxi/iZopJGiFQ2WL7b1SqcI","previousCounter":0,"rootKey":"YfEccoPeOhV+W+JaWj/iRe9+I+Rq6uD/ULT3FmH+pJM="},"indexInfo":{"baseKey":"Bd5FMc/YTr7yjK4Ex0Ar/HbAXujlb5fmkqaoA27g4a59","baseKeyType":1,"closed":-1,"used":1753170896473,"created":1753170896473,"remoteIdentityKey":"BQT0DFxaM8MfTTxvkJZhdgp4+0Z0blFeU6pHci+OMbgi"},"_chains":{"BTtDaVI1rFC3VwT1zHEjqB1wxxcFuxfa1XvsoZAf6UcC":{"chainKey":{"counter":0,"key":"GA4MdnbfboPcpgNX4a3/3T8oakUs/cLesldt4d3Usac="},"chainType":1,"messageKeys":{}}},"pendingPreKey":{"signedKeyId":0,"baseKey":"Bd5FMc/YTr7yjK4Ex0Ar/HbAXujlb5fmkqaoA27g4a59","preKeyId":11812576}}},"version":"v1"}