{"_sessions":{"BZK9gMmAPe5fCUWH0u92kAO3XIFZ2HOwZcf0HyvYPCgs":{"registrationId":79,"currentRatchet":{"ephemeralKeyPair":{"pubKey":"BXtTr8tq8h8NR64V+q7Q4RNcCPMCRs/1ZvTFAQ+WXWl9","privKey":"GGSvMso3NT3QKILu2TEj02Qjm3SDQzXAeBb69nRIfHc="},"lastRemoteEphemeralKey":"BVpl5qQkd4Xs0w+hEe8HPZtMLSxDLPX3GQozFI4XUudE","previousCounter":0,"rootKey":"OK8UoRX9aOXH+ZSJNeuyvSxR6x9pnwPP52o2DR0M1Cg="},"indexInfo":{"baseKey":"BZK9gMmAPe5fCUWH0u92kAO3XIFZ2HOwZcf0HyvYPCgs","baseKeyType":1,"closed":-1,"used":1753170896198,"created":1753170896198,"remoteIdentityKey":"BYn9aOTy9exSqGXdyD24nwzRZ5EGoQgjfXomRC0lDLFw"},"_chains":{"BXtTr8tq8h8NR64V+q7Q4RNcCPMCRs/1ZvTFAQ+WXWl9":{"chainKey":{"counter":0,"key":"ondsFbRFkbHv+g9OwS1JB4dhjLEzEsafOre51Gg2luI="},"chainType":1,"messageKeys":{}}},"pendingPreKey":{"signedKeyId":1,"baseKey":"BZK9gMmAPe5fCUWH0u92kAO3XIFZ2HOwZcf0HyvYPCgs"}}},"version":"v1"}