{"_sessions":{"BYLZT2f4R/IJ37rWK1j12wknhHU8T0E/vVdqahkn2VRl":{"registrationId":2054690229,"currentRatchet":{"ephemeralKeyPair":{"pubKey":"BRCVsFmL5/vBV+3TZomBa3RKN8YJwx+OlNUJg7ehfBoM","privKey":"UJfDNyJOupCMeXiVjGf83kPMP8IDXsYQJcMEj3xh33Y="},"lastRemoteEphemeralKey":"BR33B/yd7Ep3E37jM22L9Nb8KmRGrbr465kooZEs9jgm","previousCounter":0,"rootKey":"AKONJkPTk/YQMgacss+dBz/41o15MH71vtGSqiYWDYs="},"indexInfo":{"baseKey":"BYLZT2f4R/IJ37rWK1j12wknhHU8T0E/vVdqahkn2VRl","baseKeyType":2,"closed":-1,"used":1753168188033,"created":1753168188033,"remoteIdentityKey":"BYQsSAM98FJTqzuNdusohq+UMSUVmJzljBOr11y0zMFM"},"_chains":{"BR33B/yd7Ep3E37jM22L9Nb8KmRGrbr465kooZEs9jgm":{"chainKey":{"counter":0,"key":"6wILxl692ozXhQDHiD6IMll0Bvz2CypVDyGKmXmdvnw="},"chainType":2,"messageKeys":{}},"BRCVsFmL5/vBV+3TZomBa3RKN8YJwx+OlNUJg7ehfBoM":{"chainKey":{"counter":-1,"key":"aFZFoR3Mr/r+gAL7j0lhiytmNo2dfuEIGPvDWGjZ4Mg="},"chainType":1,"messageKeys":{}}}}},"version":"v1"}