{"_sessions":{"BdD+JyJzFrpGuTo0AWcBUPZN0Y5++7sVMdaxYrkm5l9b":{"registrationId":1553340246,"currentRatchet":{"ephemeralKeyPair":{"pubKey":"BS4p3zZrInD9x4vmM7FxwfbeZXmVrAptkK/VWajA2xNF","privKey":"AOsAzultGAzIg9DJNr8HcgfIYA4hjC9Qw8MLBIDDpWs="},"lastRemoteEphemeralKey":"BZ/PGS/WKA9+gF4xHiypTKDJyfGgtQ6eIPpd6dx0podx","previousCounter":0,"rootKey":"UwWQsYFEMPdqVPDLe7/gvtmaa7qbIcz9NPR0d165wFo="},"indexInfo":{"baseKey":"BdD+JyJzFrpGuTo0AWcBUPZN0Y5++7sVMdaxYrkm5l9b","baseKeyType":1,"closed":-1,"used":1753170896511,"created":1753170896511,"remoteIdentityKey":"BQEuWhByrrbH/PmnCQVbMcEeykOAWneaQl6FX4fd61QY"},"_chains":{"BS4p3zZrInD9x4vmM7FxwfbeZXmVrAptkK/VWajA2xNF":{"chainKey":{"counter":0,"key":"efszbqiUwI9z3wdBaxj3fz8Rcp36q0uJFuSARTPEK6U="},"chainType":1,"messageKeys":{}}},"pendingPreKey":{"signedKeyId":2,"baseKey":"BdD+JyJzFrpGuTo0AWcBUPZN0Y5++7sVMdaxYrkm5l9b","preKeyId":3583341}}},"version":"v1"}