{"_sessions":{"Bbh/Ybb/Pem+eEXtHGQgJUM3EiDS5RXkIzhF7w4SH00B":{"registrationId":1267313563,"currentRatchet":{"ephemeralKeyPair":{"pubKey":"BevanUGtRuG34VdDA1kr+F44a8V12c0ooLZKDcQvEKlU","privKey":"QPx/lqwnWVHIIpft7WWSMwvNhHJlwIUnnwstoUeTNHw="},"lastRemoteEphemeralKey":"BV/O2HMvWfRj7zQsYBX/nOvmIVFmvtk5pt/vupjPglwK","previousCounter":0,"rootKey":"gi3fEYbytVuDCwx/hJw8lN7vOnR4qnIwWATDG7JkwM4="},"indexInfo":{"baseKey":"Bbh/Ybb/Pem+eEXtHGQgJUM3EiDS5RXkIzhF7w4SH00B","baseKeyType":1,"closed":-1,"used":1753170896338,"created":1753170896338,"remoteIdentityKey":"BUjSNRdUzxZulWuQrWyVhOiVLAYubHCkuaWJiPv0AKJD"},"_chains":{"BevanUGtRuG34VdDA1kr+F44a8V12c0ooLZKDcQvEKlU":{"chainKey":{"counter":0,"key":"+nw+hMX28j+qwge/dOPgbqqKxzDLF2HPEsdcqdKtbbo="},"chainType":1,"messageKeys":{}}},"pendingPreKey":{"signedKeyId":2,"baseKey":"Bbh/Ybb/Pem+eEXtHGQgJUM3EiDS5RXkIzhF7w4SH00B","preKeyId":8688643}}},"version":"v1"}