{"_sessions":{"BTFaKKvkTnpgGvpEaDxXpQRz+8K6HX2itWree1WsKJkK":{"registrationId":1429105000,"currentRatchet":{"ephemeralKeyPair":{"pubKey":"BQ4JyMDKz6GLNsP8xW1Wq48Gn5oek776NLuRbyS9kJkU","privKey":"eDTt5jy3HbWjaxtqCAbRzBRfoV0hSq+ZZ3h056ZsEUk="},"lastRemoteEphemeralKey":"BY3LWjMnfN2GEs8o1bqVWCy9LVDmArbv69eE5ngOk/xL","previousCounter":0,"rootKey":"bHbMcbMS0Yo8tQodV++0pzcPJVLgZ9AYftU1m6zbaok="},"indexInfo":{"baseKey":"BTFaKKvkTnpgGvpEaDxXpQRz+8K6HX2itWree1WsKJkK","baseKeyType":1,"closed":-1,"used":1753170896608,"created":1753170896608,"remoteIdentityKey":"BWzvGKMu8YAsymP0alXqtIQaO3ql8sz5ZF1lA5+vDUZ+"},"_chains":{"BQ4JyMDKz6GLNsP8xW1Wq48Gn5oek776NLuRbyS9kJkU":{"chainKey":{"counter":0,"key":"aHA8+KBCGRHiNaUfHstbSVPGrGzXDbXBKbao4TvMoA0="},"chainType":1,"messageKeys":{}}},"pendingPreKey":{"signedKeyId":6018131,"baseKey":"BTFaKKvkTnpgGvpEaDxXpQRz+8K6HX2itWree1WsKJkK","preKeyId":10468}}},"version":"v1"}