{"_sessions":{"BX+yThvx9bpl/iWlAI62M9WBCsZSncDdF5HZShu+dgZa":{"registrationId":115,"currentRatchet":{"ephemeralKeyPair":{"pubKey":"BRjHt/b3VTaWHN6UHqiTOc7JTds7A5O7AGuqiyI/n+gE","privKey":"mKQepR+shhD2YZNRZU8TuNAxPxadmWEuNpN0lAK4zkI="},"lastRemoteEphemeralKey":"BXLp02aJSlw3VNH2HSy/NQTIVld0QDYw5aac94lCFj16","previousCounter":0,"rootKey":"tXr+ylnGkHLFYW1Y2+WXuz8h0LMP7cZr+U96GuDi0aM="},"indexInfo":{"baseKey":"BX+yThvx9bpl/iWlAI62M9WBCsZSncDdF5HZShu+dgZa","baseKeyType":1,"closed":-1,"used":1753168406700,"created":1753168406700,"remoteIdentityKey":"BQXPDoDZqXyDCMGTU1P3lGgFm2nWZGmSjFS/KXiSFTlJ"},"_chains":{"BRjHt/b3VTaWHN6UHqiTOc7JTds7A5O7AGuqiyI/n+gE":{"chainKey":{"counter":0,"key":"iFtAh1w0sf2pIAjAfX7+iqetTo6uk+giry4Z6b8BEUQ="},"chainType":1,"messageKeys":{}}},"pendingPreKey":{"signedKeyId":1,"baseKey":"BX+yThvx9bpl/iWlAI62M9WBCsZSncDdF5HZShu+dgZa"}}},"version":"v1"}