{"_sessions":{"BbFL3DS4R+uaVPhLDhdLjHk56LYfSNVbkub4nCIfZRVI":{"registrationId":909574923,"currentRatchet":{"ephemeralKeyPair":{"pubKey":"BaETpKOrcOq87EsU3dbKw6S+FzSyIQV4TTKu2K0pFWBi","privKey":"2OIeUWH4vt3rK2FfJQbUlR04jlFAHgXvDMhdaZdY6XE="},"lastRemoteEphemeralKey":"BUtPLbxg/fCVohpijB+yUkTd0MrCme/y3+oyVIpeN7VB","previousCounter":0,"rootKey":"XCvMh+wKQWHVO/pLZaWBHoLLh2nErNy8sr4S1UyF3lo="},"indexInfo":{"baseKey":"BbFL3DS4R+uaVPhLDhdLjHk56LYfSNVbkub4nCIfZRVI","baseKeyType":1,"closed":-1,"used":1753170896265,"created":1753170896265,"remoteIdentityKey":"BeBCXMwApPUc6QfGCz9vgpbUy/LuPy1gCi0uLXcnKzNJ"},"_chains":{"BaETpKOrcOq87EsU3dbKw6S+FzSyIQV4TTKu2K0pFWBi":{"chainKey":{"counter":0,"key":"atw3R+9zL2q7WYLJ2iz+9XTVzj2NBwMpbpG1N2qLVQc="},"chainType":1,"messageKeys":{}}},"pendingPreKey":{"signedKeyId":1,"baseKey":"BbFL3DS4R+uaVPhLDhdLjHk56LYfSNVbkub4nCIfZRVI"}}},"version":"v1"}