{"_sessions":{"BRZhrPICnTEQc/NKCVnd6Zik6FOYwPov/9eShEl5M702":{"registrationId":56398117,"currentRatchet":{"ephemeralKeyPair":{"pubKey":"BRxPGDyDu7YApBJ1qwEU8mRee68oN7MxIiokd/3b/0kK","privKey":"GNfKoq+ucLdQWmvcOiakfj2v7ebf6gnVCwxzlVft+mQ="},"lastRemoteEphemeralKey":"BfXNP5eEleU60Z8/698QO5Fvo0HjD73/OmpxqiMJFiFN","previousCounter":0,"rootKey":"BNyR+zRYa4H5t5oXJqrKSIWCPwzTiS7t9DVvLucFpKw="},"indexInfo":{"baseKey":"BRZhrPICnTEQc/NKCVnd6Zik6FOYwPov/9eShEl5M702","baseKeyType":2,"closed":-1,"used":1753168040355,"created":1753168040355,"remoteIdentityKey":"BWRX5kV/QIF0789L+mXgnlQrGo1tfBvwKTsSvzG4MvJ2"},"_chains":{"BfXNP5eEleU60Z8/698QO5Fvo0HjD73/OmpxqiMJFiFN":{"chainKey":{"counter":0,"key":"yy6T6f2TexNXbT5BGkfms5k5ane8HwKfJfP5a6sd+oo="},"chainType":2,"messageKeys":{}},"BRxPGDyDu7YApBJ1qwEU8mRee68oN7MxIiokd/3b/0kK":{"chainKey":{"counter":-1,"key":"3OWCP4Uxh5wM6tB0hjJO0Gph4sv7dU8DW2Cw4NGq+TU="},"chainType":1,"messageKeys":{}}}}},"version":"v1"}