{"_sessions":{"BXeLGi9iVwDEo89oKgSdWGJCkCa6VeGtAT5Qqbj72Esg":{"registrationId":1577378234,"currentRatchet":{"ephemeralKeyPair":{"pubKey":"BbG351TlAu9VFj6q27Ss4+gH8dZqAXSpzWc97TmzQLZy","privKey":"2K07Pc6rJUFk5lIyZlt0WuFl4n3YrgL2g+E2MfEU8Ec="},"lastRemoteEphemeralKey":"BZ4UQQ8/KevQEvJGswB2GHUJTOlXWmjOCC7SJroCX4lm","previousCounter":0,"rootKey":"ihu/o0o6fuS/UBUKqbs0Pt1l9s64TeCcd2NfbRyRt/o="},"indexInfo":{"baseKey":"BXeLGi9iVwDEo89oKgSdWGJCkCa6VeGtAT5Qqbj72Esg","baseKeyType":1,"closed":-1,"used":1753170896429,"created":1753170896429,"remoteIdentityKey":"BfLGm53bJEmgr8TgT48EFgdeYoFdrr/XZvvJFRaqBJpO"},"_chains":{"BbG351TlAu9VFj6q27Ss4+gH8dZqAXSpzWc97TmzQLZy":{"chainKey":{"counter":0,"key":"iwTx6ZlykNHJ6I4RxhUrNVxlS475M+s1VHyw75o05uk="},"chainType":1,"messageKeys":{}}},"pendingPreKey":{"signedKeyId":0,"baseKey":"BXeLGi9iVwDEo89oKgSdWGJCkCa6VeGtAT5Qqbj72Esg","preKeyId":757155}}},"version":"v1"}