{"_sessions":{"BRBjGGxvHQCogHWaoiZTrtzH4pFolIfxko6vUn5NnwdM":{"registrationId":9824,"currentRatchet":{"ephemeralKeyPair":{"pubKey":"BUs/qmPytJo63WCQNJihDunQ2dW4lanIVTKZ10oe2Nwq","privKey":"WDosPDAQjDPzXBJRbEAM2JHtottpAcxGmqe6Iz9q4UA="},"lastRemoteEphemeralKey":"BdoOWlJk3q0tdNekHkZt6t6+njtNRahwA+HBww4KezgS","previousCounter":0,"rootKey":"n3MuHRWbYABRDo37fXxj+HPjxeqBefCyH64/D5NUF8w="},"indexInfo":{"baseKey":"BRBjGGxvHQCogHWaoiZTrtzH4pFolIfxko6vUn5NnwdM","baseKeyType":1,"closed":-1,"used":1753170896175,"created":1753170896175,"remoteIdentityKey":"BW98wI5gj3Xsh9VSXiKh/iBM7pE8lDB44+iO0Lx9Felt"},"_chains":{"BUs/qmPytJo63WCQNJihDunQ2dW4lanIVTKZ10oe2Nwq":{"chainKey":{"counter":0,"key":"unS7IV2zWPJckEQ7W9H6yCjO+BQEu4/Y05H4PJw7ECY="},"chainType":1,"messageKeys":{}}},"pendingPreKey":{"signedKeyId":1,"baseKey":"BRBjGGxvHQCogHWaoiZTrtzH4pFolIfxko6vUn5NnwdM"}}},"version":"v1"}