{"_sessions":{"Bb0BGuZZpX2/7uv+7P4GjdF+qCzItninO4cnA23IAN1B":{"registrationId":618755519,"currentRatchet":{"ephemeralKeyPair":{"pubKey":"BU5qE9M2/bjmr1E+LIgTPT3aLt83UD11APh9zwOyDIEX","privKey":"iNa0LpZtcqkmz6mpEOOa+OZTAl+oZoupbvVnRGLt33E="},"lastRemoteEphemeralKey":"BWCWQsINNfS8T1lyQbpkoPa3Wshrn/aAMnNHwPio2wkz","previousCounter":0,"rootKey":"mMJeVPJHvkJrOV6N6KTkmQg7/bQdXyELJOxy3J0Fz5o="},"indexInfo":{"baseKey":"Bb0BGuZZpX2/7uv+7P4GjdF+qCzItninO4cnA23IAN1B","baseKeyType":1,"closed":-1,"used":1753170896494,"created":1753170896494,"remoteIdentityKey":"BUv91N+lewCf7Rev+Jh17GdmWlbEBMo8rYz2PwYKp7s3"},"_chains":{"BU5qE9M2/bjmr1E+LIgTPT3aLt83UD11APh9zwOyDIEX":{"chainKey":{"counter":0,"key":"6zYG5/PZHp89Ije0F3iCO4Y1u1lURLjynbG56yNrG8U="},"chainType":1,"messageKeys":{}}},"pendingPreKey":{"signedKeyId":2,"baseKey":"Bb0BGuZZpX2/7uv+7P4GjdF+qCzItninO4cnA23IAN1B","preKeyId":9372689}}},"version":"v1"}