{"_sessions":{"BRwgYPWqS4eGYAhIWZlbbj/wS0wXMnR98AdHZmqCiyRY":{"registrationId":245837150,"currentRatchet":{"ephemeralKeyPair":{"pubKey":"BSN2AEOtbaWPsfN6ZzVNs6RJTy3qxUzpwBcHEf257Ex7","privKey":"OM6eNcrd3r9Hx/8ScAnYo1iJci7vcJI+uNIHtgWE+2c="},"lastRemoteEphemeralKey":"BR/ARHQQkLDK5NuHVFuvS0x/iJk9YFHHMaYu+25xTcZV","previousCounter":0,"rootKey":"eWnXV0PBAtXBVhl3AFiBtTzcsfk8XJRVMzWC+LCalEE="},"indexInfo":{"baseKey":"BRwgYPWqS4eGYAhIWZlbbj/wS0wXMnR98AdHZmqCiyRY","baseKeyType":1,"closed":-1,"used":1753174282152,"created":1753174282152,"remoteIdentityKey":"BWdreGrUkYZMzBk6Nl+TaahA13Iu3P6ikUzMAK+tyFZ3"},"_chains":{"BSN2AEOtbaWPsfN6ZzVNs6RJTy3qxUzpwBcHEf257Ex7":{"chainKey":{"counter":0,"key":"lYXfsy3SF/D1rqPV26b+LNRrCtK0uA71hgfkv0Hyczk="},"chainType":1,"messageKeys":{}}},"pendingPreKey":{"signedKeyId":12925216,"baseKey":"BRwgYPWqS4eGYAhIWZlbbj/wS0wXMnR98AdHZmqCiyRY","preKeyId":18466}}},"version":"v1"}