{"_sessions":{"BQ//3cWkBh+tTWDAppXoLtNIMBf4YEWjdkD5IB1riEQk":{"registrationId":89,"currentRatchet":{"ephemeralKeyPair":{"pubKey":"BTqLbAWRkmtCgDcqneIntbukPR83isLptrI0JKWKGRkY","privKey":"8JG7puYKfnGWXvZZYsnmcJRsLiy/Q7HPxgJvIvTtv3g="},"lastRemoteEphemeralKey":"BZaXEZlGEHMbDupOKnWTD3JaU9XtIgaDXuXbgP+ntitF","previousCounter":0,"rootKey":"DzUp3/SRgr73DOJyBcwsDjNA1utIGHT4+ckzLNqZQCk="},"indexInfo":{"baseKey":"BQ//3cWkBh+tTWDAppXoLtNIMBf4YEWjdkD5IB1riEQk","baseKeyType":1,"closed":-1,"used":1753174282105,"created":1753174282105,"remoteIdentityKey":"BaP94abKzJZSn+EX/TGJWrZQWvfXoyMFdXvC5nkg1CA7"},"_chains":{"BTqLbAWRkmtCgDcqneIntbukPR83isLptrI0JKWKGRkY":{"chainKey":{"counter":0,"key":"Lox9wVyDMyZR7A5I6F8pkMKNOQf/b9SFXelS9m5CAIY="},"chainType":1,"messageKeys":{}}},"pendingPreKey":{"signedKeyId":1,"baseKey":"BQ//3cWkBh+tTWDAppXoLtNIMBf4YEWjdkD5IB1riEQk"}}},"version":"v1"}