{"_sessions":{"BX5apPD4lknxEe94VZ2R0nGLwDROWmJT+o1U1cZT5BIM":{"registrationId":228,"currentRatchet":{"ephemeralKeyPair":{"pubKey":"BW2zhTKj1PclepYr+cxssqdphrgdwTY8JJ0mJdNMNOFd","privKey":"MI+TCmveD3dIvXbBm5L1VzMBwVDuzFFW2gVtmbeJrEY="},"lastRemoteEphemeralKey":"BT5uKjH5UEcWpvP9gBotTlyey5Wn9WNIDEobrRSniK0/","previousCounter":0,"rootKey":"3FGpZoL83ALugzCeMtQr2jJBReiad+WFMzDuBrl6uls="},"indexInfo":{"baseKey":"BX5apPD4lknxEe94VZ2R0nGLwDROWmJT+o1U1cZT5BIM","baseKeyType":1,"closed":-1,"used":1753170896170,"created":1753170896170,"remoteIdentityKey":"BbMTGLcUDGzakzL0yadSRXZ+vH6/7YwCL1mT9F7smM0T"},"_chains":{"BW2zhTKj1PclepYr+cxssqdphrgdwTY8JJ0mJdNMNOFd":{"chainKey":{"counter":0,"key":"FPX2l15brWo/YA9cRscJHMO4vEd1K+VGWyXjOvxjpsg="},"chainType":1,"messageKeys":{}}},"pendingPreKey":{"signedKeyId":1,"baseKey":"BX5apPD4lknxEe94VZ2R0nGLwDROWmJT+o1U1cZT5BIM"}}},"version":"v1"}