{"_sessions":{"BYwwyZBmilPZvsfDJ8sbv2jCzjWNPsKS004rSVA0tJU2":{"registrationId":60,"currentRatchet":{"ephemeralKeyPair":{"pubKey":"BRcPzbrPKFygnyU47Mclb+REhAlCCNUtX8madivSKGpR","privKey":"SNdmzWkilaUKBQ2V9+VnIKi0VUaqWj5ZqFugpUZMoF4="},"lastRemoteEphemeralKey":"BaElRElu0jiyIrnUMqN2/aA6Nf4qWWXU7juLJNHQ2/Aq","previousCounter":0,"rootKey":"a0cFKgT3CxunaSYhXWKS4Lb2dL0cKYK/9fAeRnw57z8="},"indexInfo":{"baseKey":"BYwwyZBmilPZvsfDJ8sbv2jCzjWNPsKS004rSVA0tJU2","baseKeyType":1,"closed":-1,"used":1753168406725,"created":1753168406725,"remoteIdentityKey":"BZm5G6yuORHPZHOTp0QP0YLf344dZyMSIEUIARTr/LRL"},"_chains":{"BRcPzbrPKFygnyU47Mclb+REhAlCCNUtX8madivSKGpR":{"chainKey":{"counter":1,"key":"bXXf1eoHmU/G0PV1se2CsoxJmwmyMYHngyVoEfamDQg="},"chainType":1,"messageKeys":{}}},"pendingPreKey":{"signedKeyId":1,"baseKey":"BYwwyZBmilPZvsfDJ8sbv2jCzjWNPsKS004rSVA0tJU2","preKeyId":27}}},"version":"v1"}