{"_sessions":{"BZivx7X0Ohyrcqv80yP4cQIHSzysGwYFVzBdNj/g+aMB":{"registrationId":2112202242,"currentRatchet":{"ephemeralKeyPair":{"pubKey":"BSZrX4nh1JI7hJWVtLYoj/jN+dTfL1FU3vJQ/68LQ9Nl","privKey":"YHV5X7pPknlYziQdITankyycD3lATXtKoTsLjZSEwH0="},"lastRemoteEphemeralKey":"Bc7I7FnD49lF0hU6P817RFfjR817w/A4J8kukDMDUZIW","previousCounter":0,"rootKey":"QCi3yuLLPMgPgSg1/Z3VS6fuuqAQuXsVp18jKd4MNYg="},"indexInfo":{"baseKey":"BZivx7X0Ohyrcqv80yP4cQIHSzysGwYFVzBdNj/g+aMB","baseKeyType":1,"closed":-1,"used":1753170896563,"created":1753170896563,"remoteIdentityKey":"Bffcxcr7j+5Ni6+mrMXwTpiNZHV0ntovO+v2xqByQFtu"},"_chains":{"BSZrX4nh1JI7hJWVtLYoj/jN+dTfL1FU3vJQ/68LQ9Nl":{"chainKey":{"counter":0,"key":"aHfn59zq4VZLdPHbMdjcRkv0BVLL1vjG8GJEuP+TFlY="},"chainType":1,"messageKeys":{}}},"pendingPreKey":{"signedKeyId":919674,"baseKey":"BZivx7X0Ohyrcqv80yP4cQIHSzysGwYFVzBdNj/g+aMB","preKeyId":3086}}},"version":"v1"}