{"_sessions":{"BU7SUX7AO/fSze9+21yW0/P6a2VI5SvS2f3kEd4cw+dX":{"registrationId":1077286403,"currentRatchet":{"ephemeralKeyPair":{"pubKey":"BaAETcDgpoHBGmlfmQmmjZaick9uYNSYaI35W4qeJlNx","privKey":"iEPrz3M9tM5U+Tt+9tq2KzCESTS+v6CsZ70plbrPxXM="},"lastRemoteEphemeralKey":"BS8kKdNlL4dVmDoQRJyTm4VZkCxpR+A00RgnK3hOS+JC","previousCounter":0,"rootKey":"bdZVcO0L/0K0ogWD+Yf4FPOs1BgVlc3E47xd5n4g9kw="},"indexInfo":{"baseKey":"BU7SUX7AO/fSze9+21yW0/P6a2VI5SvS2f3kEd4cw+dX","baseKeyType":1,"closed":-1,"used":1753170896418,"created":1753170896418,"remoteIdentityKey":"BYzkb5n0iF4/KvGSIHXaKFCSA18FbZoSi/t2VnMqUOkS"},"_chains":{"BaAETcDgpoHBGmlfmQmmjZaick9uYNSYaI35W4qeJlNx":{"chainKey":{"counter":0,"key":"rese2dcRWCmbRs12uUOBQ9m4h6XkoI/FWDw7pQ7/q2A="},"chainType":1,"messageKeys":{}}},"pendingPreKey":{"signedKeyId":5,"baseKey":"BU7SUX7AO/fSze9+21yW0/P6a2VI5SvS2f3kEd4cw+dX","preKeyId":11780190}}},"version":"v1"}