{"_sessions":{"Beq230oOS2+jZQKZqjsubmFz87BLYmjg1aBmc4gHtH1g":{"registrationId":1018271732,"currentRatchet":{"ephemeralKeyPair":{"pubKey":"BZAeL7u8ZLRaS46PbkaPA9XK4+ixiq9Ig85Oxe6/j3Ab","privKey":"UF7lDQiQOVPx+Z/KQzjFd9BFQPgAifD/TSFT9V1151g="},"lastRemoteEphemeralKey":"BR05wMUH35gFLyWH63zMclugD5BmWKzxinVSokHH9aEE","previousCounter":0,"rootKey":"e/5EfcHcflpOwjHGLE9N1Ow+JlXM3QDQiFSfpO7AEos="},"indexInfo":{"baseKey":"Beq230oOS2+jZQKZqjsubmFz87BLYmjg1aBmc4gHtH1g","baseKeyType":1,"closed":-1,"used":1753174282171,"created":1753174282171,"remoteIdentityKey":"BZj8egh+l3jOieJz2cZfXcNk85yr7/E2Zh5udPHMUxV8"},"_chains":{"BZAeL7u8ZLRaS46PbkaPA9XK4+ixiq9Ig85Oxe6/j3Ab":{"chainKey":{"counter":0,"key":"Pj3u5S3Gl41I2etEQ2TxoSIABJuFZmkxQQge+/a3Xks="},"chainType":1,"messageKeys":{}}},"pendingPreKey":{"signedKeyId":0,"baseKey":"Beq230oOS2+jZQKZqjsubmFz87BLYmjg1aBmc4gHtH1g","preKeyId":4991806}}},"version":"v1"}