{"_sessions":{"BbB5FldK/8ujWCw7I98+I7nqva1JlROgBRdu1V7L9YFx":{"registrationId":2146615148,"currentRatchet":{"ephemeralKeyPair":{"pubKey":"BfmVG0o1Ne/g1plY5DkLEWxEzKBp+6h6tVF4rdSE/wJe","privKey":"kMawtzGJGniQz9jzfs8gTlXaHTGkcgW8qEbKy4tVdGk="},"lastRemoteEphemeralKey":"BeiFw2/QQfxQ/n3xwc6s4/KIhwcx5tLxHBn3NSyIm9Rt","previousCounter":0,"rootKey":"+WRA1QPtIlP4Xllfv6+oRuMUt4dM4wcL3nOyGk6kOiA="},"indexInfo":{"baseKey":"BbB5FldK/8ujWCw7I98+I7nqva1JlROgBRdu1V7L9YFx","baseKeyType":1,"closed":-1,"used":1753170896500,"created":1753170896500,"remoteIdentityKey":"BdKBsBgbTKXiXCLfoo6nPhpSGyMD8h4J2UaFCLBJueFF"},"_chains":{"BfmVG0o1Ne/g1plY5DkLEWxEzKBp+6h6tVF4rdSE/wJe":{"chainKey":{"counter":0,"key":"pluLdUTZZnboGxeVgvhEEaE+6CMqUSYSfE817xjTvUU="},"chainType":1,"messageKeys":{}}},"pendingPreKey":{"signedKeyId":1,"baseKey":"BbB5FldK/8ujWCw7I98+I7nqva1JlROgBRdu1V7L9YFx","preKeyId":5949005}}},"version":"v1"}