{"_sessions":{"BZR5X9wFEjxlDU7oS1C5sbtxpuCSda2eBenKDYurKrkZ":{"registrationId":334208312,"currentRatchet":{"ephemeralKeyPair":{"pubKey":"BYVDdEyNmz/rwjsxVbiD+KTdAYjgOwdqS12Wuof2n7Mg","privKey":"UChImIDYlt+GSHpaoQDW5ezl4baH8ojjmKWENuE7cFo="},"lastRemoteEphemeralKey":"BSU0V6bg7thVynovL6/WkdGIqL4yHQxL8hYya7vg/3Jl","previousCounter":0,"rootKey":"eFibnTlSeslpdve4Vz81zY2SwFGNVeINi6k+JnSdIVk="},"indexInfo":{"baseKey":"BZR5X9wFEjxlDU7oS1C5sbtxpuCSda2eBenKDYurKrkZ","baseKeyType":2,"closed":-1,"used":1753173876349,"created":1753169793817,"remoteIdentityKey":"BQMQ1RnC/cx6ZtapVU45+sl1qOPPcqw8UJ7kADV1W4Bv"},"_chains":{"BSiHvBfItID/+KaoGrBPiOk/jdyPhzDFae/pQRoEQbBN":{"chainKey":{"counter":1},"chainType":2,"messageKeys":{"0":"PNi5P5s3eHlYE+Rv+afAhGAXWNku41qL2VWOSvc2Ldg="}},"BSU0V6bg7thVynovL6/WkdGIqL4yHQxL8hYya7vg/3Jl":{"chainKey":{"counter":1,"key":"+XoxCulXCsOpCXtKz/banWfL0epC9eEQec5IryF6eBY="},"chainType":2,"messageKeys":{}},"BYVDdEyNmz/rwjsxVbiD+KTdAYjgOwdqS12Wuof2n7Mg":{"chainKey":{"counter":-1,"key":"KJ7h7LlIqpMsYfmKgIFeWn5oQM6JIx8/Rl3FoeTf3YA="},"chainType":1,"messageKeys":{}}}}},"version":"v1"}