{"_sessions":{"Bd0y54F6f+1lQGkD8RqbG9i/cqSV0qsLICX5NU1QzKp6":{"registrationId":1543091204,"currentRatchet":{"ephemeralKeyPair":{"pubKey":"BcIkHPmywJAYt5Cl1Yi58auBCgPusMUB7OEI9eV/eHxv","privKey":"8MYbOErZh1cDtuC4As9ZBYv8wVkEbhQImWSa7JWFYGU="},"lastRemoteEphemeralKey":"BYOv2JJ7n2P4WpZalxsHekhmmkPPrCp88YVGnE9jSHYp","previousCounter":0,"rootKey":"AukyH1Rvja/+cAU7H05naUmoTHK405v91eyR3mhXkws="},"indexInfo":{"baseKey":"Bd0y54F6f+1lQGkD8RqbG9i/cqSV0qsLICX5NU1QzKp6","baseKeyType":1,"closed":-1,"used":1753174282130,"created":1753174282130,"remoteIdentityKey":"BSiQ6YWrNasnx3rc1zZysZRuUMHrqxtegjdB9zm2Fv1u"},"_chains":{"BcIkHPmywJAYt5Cl1Yi58auBCgPusMUB7OEI9eV/eHxv":{"chainKey":{"counter":0,"key":"mcOPmGwPKoAybTXpkhs5bfbznPuSpM/glipiLK4/u40="},"chainType":1,"messageKeys":{}}},"pendingPreKey":{"signedKeyId":11,"baseKey":"Bd0y54F6f+1lQGkD8RqbG9i/cqSV0qsLICX5NU1QzKp6","preKeyId":8678349}}},"version":"v1"}