{"_sessions":{"BeR0q0niYN4TsWhd1O9gpL5HZWo/DD2JyJ+8UrnzSOxD":{"registrationId":36617250,"currentRatchet":{"ephemeralKeyPair":{"pubKey":"BbWOWCVrM2yg6Wg1ml1MJ8qpHdSD6l5Kht7S3qsRJaEZ","privKey":"YOOhoqBpdoIi98WMSapgK1jVH99zAFZwcZRDsLf0LF8="},"lastRemoteEphemeralKey":"Bevx0pDnm20pxfN3qyhlhTSnk60Je7A4B5jaL+7AaB8A","previousCounter":0,"rootKey":"JgE6hrkfX1T9lW/pTUjx+/3InGlTW/WRDva9Ty8xixM="},"indexInfo":{"baseKey":"BeR0q0niYN4TsWhd1O9gpL5HZWo/DD2JyJ+8UrnzSOxD","baseKeyType":1,"closed":-1,"used":1753170896673,"created":1753170896673,"remoteIdentityKey":"BQvDxd6LfVC3NcP59GtBoMe/DPA9nxhvsj9WbGwdH9N2"},"_chains":{"BbWOWCVrM2yg6Wg1ml1MJ8qpHdSD6l5Kht7S3qsRJaEZ":{"chainKey":{"counter":0,"key":"xgrWNq5bDsOwQSvChvqJaDXV9UBi5h5yN/nfY7PpdGc="},"chainType":1,"messageKeys":{}}},"pendingPreKey":{"signedKeyId":16,"baseKey":"BeR0q0niYN4TsWhd1O9gpL5HZWo/DD2JyJ+8UrnzSOxD","preKeyId":6737764}}},"version":"v1"}