{"_sessions":{"BcpfraIAaiNcqW+rHobjlyGD41s1EC2VobkhqKiZ5FxW":{"registrationId":584696773,"currentRatchet":{"ephemeralKeyPair":{"pubKey":"Bfjz47Eu1mSdFKUBbkaYd+BfXCXPdh8FkopEb9WVdjdR","privKey":"iKrH/iNQ/TZvQGWAHiJnia/CHR0DQWWfd05Y6vN3aVI="},"lastRemoteEphemeralKey":"BR7icAy0JrKuNhETCFRsaYsIQzjTtpJYrmpNeXvmiIpZ","previousCounter":0,"rootKey":"MPV8J0mrOGZh6dVtc6hvZzNSo+TKy1a/eNzf8pEGrHc="},"indexInfo":{"baseKey":"BcpfraIAaiNcqW+rHobjlyGD41s1EC2VobkhqKiZ5FxW","baseKeyType":1,"closed":-1,"used":1753170896575,"created":1753170896575,"remoteIdentityKey":"BVy55J56xLIsP12vQC/Y5SyQHPD1iJUD+ddyqk6YR7pW"},"_chains":{"Bfjz47Eu1mSdFKUBbkaYd+BfXCXPdh8FkopEb9WVdjdR":{"chainKey":{"counter":0,"key":"9LjnIwkyolxJSO7RAcnnZj0mmOdCKvOS5DT0dwvw378="},"chainType":1,"messageKeys":{}}},"pendingPreKey":{"signedKeyId":31,"baseKey":"BcpfraIAaiNcqW+rHobjlyGD41s1EC2VobkhqKiZ5FxW"}}},"version":"v1"}