{"_sessions":{"BRec9HTJYwomSI265+xqdqj0bYVDZ4nABadRhGEf0+AP":{"registrationId":253,"currentRatchet":{"ephemeralKeyPair":{"pubKey":"BYpXfPTFCNanhLa5QcEgRC3KAGqYk8iCFE7QqgytU6NJ","privKey":"2HNeoj6zscDow+hdWAz9LU97LRiFuxqUHldFjia5WnQ="},"lastRemoteEphemeralKey":"BXCALSLjFDC0ocIwmdpY9WdF3eNUZET12BAil1AP1rlR","previousCounter":0,"rootKey":"Px8v+cDiDKm/6xA/UY3o5Jjz4vhWSS017uC175fHKAI="},"indexInfo":{"baseKey":"BRec9HTJYwomSI265+xqdqj0bYVDZ4nABadRhGEf0+AP","baseKeyType":1,"closed":-1,"used":1753170896251,"created":1753170896251,"remoteIdentityKey":"BfGjYRZrcgasVGvb71mUsTvvlHNvJ9aOEEMUJgDeYo5J"},"_chains":{"BYpXfPTFCNanhLa5QcEgRC3KAGqYk8iCFE7QqgytU6NJ":{"chainKey":{"counter":0,"key":"RXXTf6V9bHfpm0UGUU2O9baPtNRuSNSErMxoIlt3XqA="},"chainType":1,"messageKeys":{}}},"pendingPreKey":{"signedKeyId":1,"baseKey":"BRec9HTJYwomSI265+xqdqj0bYVDZ4nABadRhGEf0+AP"}}},"version":"v1"}