{"_sessions":{"Ba/4gfRtAcw+N9gshPjsUzABRygqQG4B06YXoakY+/5m":{"registrationId":1702978863,"currentRatchet":{"ephemeralKeyPair":{"pubKey":"BY9AeW7nV100KzymxtHOv0pII5XRYMtxmISmo2cqfDtH","privKey":"gJqkcV44eXRATIkM8c52GDmXb4xATQ6i/XtG+BXAqlU="},"lastRemoteEphemeralKey":"BW9qcuMm8pyXsKDtyi/tL6u5r/SbpQ9qa1xwd8HCCTpO","previousCounter":0,"rootKey":"xEbxdIHd/KUXKO7tyEm0nPXJjSwbconjYueoYkqE9+U="},"indexInfo":{"baseKey":"Ba/4gfRtAcw+N9gshPjsUzABRygqQG4B06YXoakY+/5m","baseKeyType":2,"closed":-1,"used":1753169928243,"created":1753169928243,"remoteIdentityKey":"BQMdY3/zU6dQ3ObxJSumpmz+A89aZWOQSrsmOiqpIlkp"},"_chains":{"BW9qcuMm8pyXsKDtyi/tL6u5r/SbpQ9qa1xwd8HCCTpO":{"chainKey":{"counter":0,"key":"RD6+jgUSI35miTTobraUsIRkrrcuy9z+oS+FTGAfIjk="},"chainType":2,"messageKeys":{}},"BY9AeW7nV100KzymxtHOv0pII5XRYMtxmISmo2cqfDtH":{"chainKey":{"counter":0,"key":"TvufqadQFssiyi5xFjdnTWIrYiUeXZNMkP8chbbHiDQ="},"chainType":1,"messageKeys":{}}}}},"version":"v1"}