{"_sessions":{"BbHk1S8p5JCZ4btJo+yi4+n2Sr0zQhuqoL5bh27IvUlH":{"registrationId":3007,"currentRatchet":{"ephemeralKeyPair":{"pubKey":"BQBqZNiIrgJKLMk8EIxyNEAnB6SrdyE1OafkQI2mRP5X","privKey":"uOYdiiRzDI8/7Msmv60xYwxq99D8nwetEuSfxux4dEU="},"lastRemoteEphemeralKey":"BXUZS/5zBt44BGqPvmzAmls6oX/N/XWlBtSrgodW8UoA","previousCounter":0,"rootKey":"OCjGNZ3ahk00wJETyHZSn06as1oBNzkcythCsWtmW4A="},"indexInfo":{"baseKey":"BbHk1S8p5JCZ4btJo+yi4+n2Sr0zQhuqoL5bh27IvUlH","baseKeyType":1,"closed":-1,"used":1753170896145,"created":1753170896145,"remoteIdentityKey":"BdMY5XD3HXtJLMIPIQVG7mNLJq6yCdjpxYga7nbS8GEp"},"_chains":{"BQBqZNiIrgJKLMk8EIxyNEAnB6SrdyE1OafkQI2mRP5X":{"chainKey":{"counter":0,"key":"eF5ECGNlCe0AQXKOPYAxNbzDmgyVKZxq+gQuw+RFpjU="},"chainType":1,"messageKeys":{}}},"pendingPreKey":{"signedKeyId":1,"baseKey":"BbHk1S8p5JCZ4btJo+yi4+n2Sr0zQhuqoL5bh27IvUlH"}}},"version":"v1"}