{"_sessions":{"BR1QBKhhoBg9+yagIncs6aniVxXCo2XYm5qDlThuVEM/":{"registrationId":575576158,"currentRatchet":{"ephemeralKeyPair":{"pubKey":"BfuU54Hb/sxACxw10h/4nXQcDskfyi+iNUGBaAyv9b1a","privKey":"2IOTK82mgXq05LECq3dvCFr5J2g2P0bVC8NygXxAoko="},"lastRemoteEphemeralKey":"BeQ+6huSJQjgEFL+ezKHnAFGdrLnzqnL8AqbKnu7MK0f","previousCounter":0,"rootKey":"IaaqARFkAgiV/9Hh2vgY2YOTzZTHkysrh9GjBsr4NrU="},"indexInfo":{"baseKey":"BR1QBKhhoBg9+yagIncs6aniVxXCo2XYm5qDlThuVEM/","baseKeyType":1,"closed":-1,"used":1753170896479,"created":1753170896479,"remoteIdentityKey":"Bbp5eGM+8yI2+AYRqFgsyojCnB5q+5h+LOi9jcnFmGw3"},"_chains":{"BfuU54Hb/sxACxw10h/4nXQcDskfyi+iNUGBaAyv9b1a":{"chainKey":{"counter":0,"key":"ukJszaezQjTvVR6Xy3z+BKELfrVQqBXF72P01z2+Cqk="},"chainType":1,"messageKeys":{}}},"pendingPreKey":{"signedKeyId":0,"baseKey":"BR1QBKhhoBg9+yagIncs6aniVxXCo2XYm5qDlThuVEM/","preKeyId":12644586}}},"version":"v1"}