{"_sessions":{"BRZd+almfZmlK58J5Vwe4x5/YhRlBmO91vVBxaK0TMoq":{"registrationId":194,"currentRatchet":{"ephemeralKeyPair":{"pubKey":"BRHeS6l3M+fdZx80SeughGpyNzddk0RJ54U1RtwPBucF","privKey":"6A/fi/bormg5OB6KerPsCUpuC/Aqxu1UImotLsDDTms="},"lastRemoteEphemeralKey":"BbyfAl1xadd2S9xx7ZOux2GsoZ1rXv5wb7mOdgBqAatW","previousCounter":0,"rootKey":"+2AT+elqF+QQqH4i7WCN4G2sUf6eO/YgK5JFKUShwOo="},"indexInfo":{"baseKey":"BRZd+almfZmlK58J5Vwe4x5/YhRlBmO91vVBxaK0TMoq","baseKeyType":1,"closed":-1,"used":1753168406720,"created":1753168406720,"remoteIdentityKey":"BaH1MDr3cxPakiQ9t3BQRBL9wWH+3qbVf/9QJHnW0OgG"},"_chains":{"BRHeS6l3M+fdZx80SeughGpyNzddk0RJ54U1RtwPBucF":{"chainKey":{"counter":1,"key":"BwlyGyR1uCWzd5/zN7QmSid8CfjHgM7SRHQz9j6EzbY="},"chainType":1,"messageKeys":{}}},"pendingPreKey":{"signedKeyId":1,"baseKey":"BRZd+almfZmlK58J5Vwe4x5/YhRlBmO91vVBxaK0TMoq"}}},"version":"v1"}