{"_sessions":{"BXAKd1HKigf8rvn6nbZBwOby8Crzyovy/2JI5DeWE1sG":{"registrationId":219,"currentRatchet":{"ephemeralKeyPair":{"pubKey":"BbZZIB/T04RU9HgmUm1VbvjgNch46KFKJlUBFqd2Gnc4","privKey":"IPFbsTr4zm1sN8XYxcO7+aTQQYuYaNECq+lLNmc7HWY="},"lastRemoteEphemeralKey":"BX7Fr1mc6+VCnjGPnAHPv/GWmszt674VGGDt9OpcArd2","previousCounter":0,"rootKey":"Mbp3mGTn8xN0vDOGajmD2QCoxE6iuN8iL+DiqbIyCu0="},"indexInfo":{"baseKey":"BXAKd1HKigf8rvn6nbZBwOby8Crzyovy/2JI5DeWE1sG","baseKeyType":1,"closed":-1,"used":1753168406716,"created":1753168406716,"remoteIdentityKey":"Be8nndmixP5oqZWW88np3FASU7AsO0iRrgzJEZxKp7t3"},"_chains":{"BbZZIB/T04RU9HgmUm1VbvjgNch46KFKJlUBFqd2Gnc4":{"chainKey":{"counter":1,"key":"8z6cmIpeIHlcJCUUNqG/6Wx3To48aj52ZeaRhPcfAKQ="},"chainType":1,"messageKeys":{}}},"pendingPreKey":{"signedKeyId":1,"baseKey":"BXAKd1HKigf8rvn6nbZBwOby8Crzyovy/2JI5DeWE1sG"}}},"version":"v1"}