{"_sessions":{"BWjpoZcFNA/y/BhlvqkKg6c9ySlvbJJXrp3jSE2s6Q0w":{"registrationId":2155,"currentRatchet":{"ephemeralKeyPair":{"pubKey":"BcCl7nwCWuYKgS/t7ii9ORC8PgWxzsb+dUiLXr0iOyQM","privKey":"8FxkUwAgGrJosT96mMW3cBPx0HmGUO+t6gdXQdwowlA="},"lastRemoteEphemeralKey":"Bbo87jEjsmWS7rvgeuOzThxZ05WJr6B38T5iwqMrcAMF","previousCounter":0,"rootKey":"kAQsBWjOk8zqu2VObRp0BoHHQtGNQkj9svjGnC+LorQ="},"indexInfo":{"baseKey":"BWjpoZcFNA/y/BhlvqkKg6c9ySlvbJJXrp3jSE2s6Q0w","baseKeyType":1,"closed":-1,"used":1753170896238,"created":1753170896238,"remoteIdentityKey":"BRcoHE88rbxbMT/uS7f8U1vXPJQsjC3O4VMfPJjk5BdY"},"_chains":{"BcCl7nwCWuYKgS/t7ii9ORC8PgWxzsb+dUiLXr0iOyQM":{"chainKey":{"counter":0,"key":"Rgnw9+9pg29T07k4JLCyGZuhzCbsI/6308Zw5p/X9hM="},"chainType":1,"messageKeys":{}}},"pendingPreKey":{"signedKeyId":1,"baseKey":"BWjpoZcFNA/y/BhlvqkKg6c9ySlvbJJXrp3jSE2s6Q0w"}}},"version":"v1"}