{"_sessions":{"BblpoInkgkmgsC9bbyMthHIqEbOBdlNIM4r6ne41254I":{"registrationId":682482002,"currentRatchet":{"ephemeralKeyPair":{"pubKey":"BU4llacetFtGm5lUT/lzP9HRfZiyaUfE7Q5M8zBtJfIR","privKey":"OBa/WE+V5B+Jn6V6rGo02yJHQkXrwyVwUPGVIRV9rm8="},"lastRemoteEphemeralKey":"Bem99QXVfTayOekahnrHIZu3wVXTzzL8CxFBLhEzqyNU","previousCounter":0,"rootKey":"R2Uoybm7N9fwAqsKkXChiakYxSnfBTP8eBTqatk2p0M="},"indexInfo":{"baseKey":"BblpoInkgkmgsC9bbyMthHIqEbOBdlNIM4r6ne41254I","baseKeyType":1,"closed":-1,"used":1753174282121,"created":1753174282121,"remoteIdentityKey":"BXHFrINBV1KabLXzPt8gUKXrtSewHz8BLJw7OuxnPS8/"},"_chains":{"BU4llacetFtGm5lUT/lzP9HRfZiyaUfE7Q5M8zBtJfIR":{"chainKey":{"counter":0,"key":"eikfEWuQ+82ZE5felbyEEzxZ7hwCDhaTNGuwrh0SLyQ="},"chainType":1,"messageKeys":{}}},"pendingPreKey":{"signedKeyId":3,"baseKey":"BblpoInkgkmgsC9bbyMthHIqEbOBdlNIM4r6ne41254I","preKeyId":14416810}}},"version":"v1"}