{"_sessions":{"BWwh5i34UQmblP6RbMxCOysguvtW5BWqFTRKSIrQ0KVM":{"registrationId":251,"currentRatchet":{"ephemeralKeyPair":{"pubKey":"BRykfubVdd6VRGHxG7Xa4kd5fjlyILQgLGknd/jQY+1E","privKey":"gO9Q5C4JQc3ZBX/JZqTyp5+QbaQ6yChh27BLsliqT3g="},"lastRemoteEphemeralKey":"BeX6/MufQy4/7gVxSS1cXwv+1vr+QQFEt6k36FWxStFQ","previousCounter":0,"rootKey":"5UHQmnPCZfloPGCSogkvcnqFcty9WwTiKf1EOSjRTAI="},"indexInfo":{"baseKey":"BWwh5i34UQmblP6RbMxCOysguvtW5BWqFTRKSIrQ0KVM","baseKeyType":1,"closed":-1,"used":1753174282101,"created":1753174282101,"remoteIdentityKey":"BeSOLRVGEwv4Dv+vx+vUFQd6lV3EEqas2113KiFsIRoR"},"_chains":{"BRykfubVdd6VRGHxG7Xa4kd5fjlyILQgLGknd/jQY+1E":{"chainKey":{"counter":0,"key":"if+qbEyCxHMNWFS0a8Qa7svlHag0Q00xSXDTr/z/3jg="},"chainType":1,"messageKeys":{}}},"pendingPreKey":{"signedKeyId":1,"baseKey":"BWwh5i34UQmblP6RbMxCOysguvtW5BWqFTRKSIrQ0KVM"}}},"version":"v1"}