{"_sessions":{"BZCqgC9BxAUeo70wlrB61biVXQ7EmJTjGDegL6Ht1Odt":{"registrationId":1906729640,"currentRatchet":{"ephemeralKeyPair":{"pubKey":"BRTkLJq14YdTaPNW7F1t2DCGG+RswP7WV9msx9L0F4UF","privKey":"iE7vEtGKXVEFQwCpLhRGkT2dW+pMjQIXap9KmHeoLUE="},"lastRemoteEphemeralKey":"BUb3Y5H6llz+N/VFfIsdOWR2bklwxIg3lmmioJ2Nk0NC","previousCounter":0,"rootKey":"3yQARM3EY0qRNFZlvIZAjk3Am2QBjCNipOREwKdZUW4="},"indexInfo":{"baseKey":"BZCqgC9BxAUeo70wlrB61biVXQ7EmJTjGDegL6Ht1Odt","baseKeyType":1,"closed":-1,"used":1753170896660,"created":1753170896660,"remoteIdentityKey":"BX+xEdPNLfVviM1w7sagBVlCqgCkoFRZJUSPiYkiZiwV"},"_chains":{"BRTkLJq14YdTaPNW7F1t2DCGG+RswP7WV9msx9L0F4UF":{"chainKey":{"counter":0,"key":"XILP5+ELJKM6abJsiAFn+ceATs0rRjGre03a3H7A6ZU="},"chainType":1,"messageKeys":{}}},"pendingPreKey":{"signedKeyId":19,"baseKey":"BZCqgC9BxAUeo70wlrB61biVXQ7EmJTjGDegL6Ht1Odt","preKeyId":11832708}}},"version":"v1"}