{"_sessions":{"BRGXYw0OsKD9v6Hc+GyZH11jU2nUHurGCXd8pyalDJEa":{"registrationId":164811706,"currentRatchet":{"ephemeralKeyPair":{"pubKey":"BVcrI47ERWjdJAslEP+sZc5O1C10qn4KUQAdSJSJOt5i","privKey":"gHFgilELKeazeKnKERcXy8o0z5ziZYnHzZvHZGo+Qls="},"lastRemoteEphemeralKey":"Bc3lUt6nYTpzWJM9nGQNIwjEK6pcC9S8jJv2JZNyqE5y","previousCounter":0,"rootKey":"1Rnauh1BOHLXjDxIgXnUwsdWa27K6MpaUoGd5smaQIc="},"indexInfo":{"baseKey":"BRGXYw0OsKD9v6Hc+GyZH11jU2nUHurGCXd8pyalDJEa","baseKeyType":1,"closed":-1,"used":1753170896697,"created":1753170896697,"remoteIdentityKey":"BRkP9ITquJTnUYDBEY4lqPurgAYE1eQIXCvayXVN0uc+"},"_chains":{"BVcrI47ERWjdJAslEP+sZc5O1C10qn4KUQAdSJSJOt5i":{"chainKey":{"counter":0,"key":"5iS+XuNcEMjcmuK5VHI4MpPw+CR94OQu5igBgEe39aI="},"chainType":1,"messageKeys":{}}},"pendingPreKey":{"signedKeyId":0,"baseKey":"BRGXYw0OsKD9v6Hc+GyZH11jU2nUHurGCXd8pyalDJEa"}}},"version":"v1"}