{"_sessions":{"BUuME5IC8KIyvnh8K10NZJSTGAsa2qFtzG4/aCP6/xBV":{"registrationId":427513467,"currentRatchet":{"ephemeralKeyPair":{"pubKey":"Bd8e/8qK8nvY/cpzb27NQ7JxsSMgZYYoKdgan40vwgoU","privKey":"eDjNAzZ9r83K7dLkmJfS62KJJmz7VFYIjxkXYrEWYG4="},"lastRemoteEphemeralKey":"BUqUAG8HnZ6//yEzDOx+IY0bz/eVJTYJMKayco77Ke8f","previousCounter":0,"rootKey":"csP9TtU9DGP3fYAnAtj+UASxDIAIOKPuUXmULIKOwRw="},"indexInfo":{"baseKey":"BUuME5IC8KIyvnh8K10NZJSTGAsa2qFtzG4/aCP6/xBV","baseKeyType":1,"closed":-1,"used":1753170896309,"created":1753170896309,"remoteIdentityKey":"BQ/R53gNKyli3isf5V4etx4BxgSa4FGdSb5u+ftmKYZg"},"_chains":{"Bd8e/8qK8nvY/cpzb27NQ7JxsSMgZYYoKdgan40vwgoU":{"chainKey":{"counter":0,"key":"0YCZOXrpczJWHqHkveS8SupZf8f3YRxeYT/CB9AwMEk="},"chainType":1,"messageKeys":{}}},"pendingPreKey":{"signedKeyId":1,"baseKey":"BUuME5IC8KIyvnh8K10NZJSTGAsa2qFtzG4/aCP6/xBV","preKeyId":2939711}}},"version":"v1"}