{"_sessions":{"BS1QA/L7BuMWFhfQ/octXLTCIuLOQ3ER3dleQeG2cwQ4":{"registrationId":1217325231,"currentRatchet":{"ephemeralKeyPair":{"pubKey":"BQuJDf5kVZlpoQqESyVMYSvPrRYZ348OA2ZpK7Ol8sk1","privKey":"AP6Pa/MOeAhnUetQ/QWDb8lPZDj3wK4V/D4azd6mGng="},"lastRemoteEphemeralKey":"BfFb9GDmkviOvIMgyiOar4FGDcsunPgtfMoVJSV3rIsy","previousCounter":0,"rootKey":"hV9ienOu1JpvKJIi5AK+w9eIabKTnbYHFMuCL4Htzi8="},"indexInfo":{"baseKey":"BS1QA/L7BuMWFhfQ/octXLTCIuLOQ3ER3dleQeG2cwQ4","baseKeyType":1,"closed":-1,"used":1753170896682,"created":1753170896682,"remoteIdentityKey":"BTJhFy7yDDoyaU9iSERPbsmFJo5dgfNkxUmkie+PJwhk"},"_chains":{"BQuJDf5kVZlpoQqESyVMYSvPrRYZ348OA2ZpK7Ol8sk1":{"chainKey":{"counter":0,"key":"KCm6ScjgyJ0X3jPCNh8gbxXnpaJmPxguVjqlGR3yrhY="},"chainType":1,"messageKeys":{}}},"pendingPreKey":{"signedKeyId":0,"baseKey":"BS1QA/L7BuMWFhfQ/octXLTCIuLOQ3ER3dleQeG2cwQ4"}}},"version":"v1"}