{"_sessions":{"BV66uDVsj5pxUW/zyvy/RPOqUyDxRiWDy5tc1QHQ2bww":{"registrationId":15684,"currentRatchet":{"ephemeralKeyPair":{"pubKey":"BVGVS5OkC2CKBglOqJXzJCjeUcfstf4Az5F4JZMGCyNm","privKey":"OIVqzHvOGqZDeUaG2/UYYa0aEMRyIgJZwfcUTtbrW2g="},"lastRemoteEphemeralKey":"BSmTOr12hwwICl2MyIxG0RNAxZNKQt5Jt0VmQRe2ktBp","previousCounter":0,"rootKey":"K5ELJB7rRG89p3PX81nxx+nK0BnXvCF1JRCXwpRGfbM="},"indexInfo":{"baseKey":"BV66uDVsj5pxUW/zyvy/RPOqUyDxRiWDy5tc1QHQ2bww","baseKeyType":1,"closed":-1,"used":1753170896141,"created":1753170896141,"remoteIdentityKey":"BVfAOSBq/oTvCdOoTVrPXlFAoOsAMmzkSFMdBLZnakEU"},"_chains":{"BVGVS5OkC2CKBglOqJXzJCjeUcfstf4Az5F4JZMGCyNm":{"chainKey":{"counter":0,"key":"/G10Zykuc8VQq2XMR697S1ftCEFclTzSsCtmKCL4WdY="},"chainType":1,"messageKeys":{}}},"pendingPreKey":{"signedKeyId":1,"baseKey":"BV66uDVsj5pxUW/zyvy/RPOqUyDxRiWDy5tc1QHQ2bww","preKeyId":1964}}},"version":"v1"}