{"_sessions":{"Bdf13HhnEpOMIdXdav5fHyrLrELWjRgkBLR9u5t3G79W":{"registrationId":526489266,"currentRatchet":{"ephemeralKeyPair":{"pubKey":"BaznhJ3eEWxFdcRheLd+J4ngDiZVsgn3EGAaRrK5nc5X","privKey":"4ANyKgIAJJti70y0oo46s17Ab02fMWyeK6wAJZV8NU0="},"lastRemoteEphemeralKey":"BV6uMlmHYvtACZ/ONp+7YSgLloGIKk/LVt83vDIePI8G","previousCounter":0,"rootKey":"7Ya26Nwy2EKrFdbPcWRG7MOcPOpRok7uMaPhh3OTOUI="},"indexInfo":{"baseKey":"Bdf13HhnEpOMIdXdav5fHyrLrELWjRgkBLR9u5t3G79W","baseKeyType":1,"closed":-1,"used":1753170896665,"created":1753170896665,"remoteIdentityKey":"BcVd6bNZ3IfqorRj8GI8H+btja2g+69JujS//y/UCLNn"},"_chains":{"BaznhJ3eEWxFdcRheLd+J4ngDiZVsgn3EGAaRrK5nc5X":{"chainKey":{"counter":0,"key":"ifYm6QCyKUXXsRNirWhiLr5e7Bj7mQgwmRhqvEbjYuY="},"chainType":1,"messageKeys":{}}},"pendingPreKey":{"signedKeyId":1,"baseKey":"Bdf13HhnEpOMIdXdav5fHyrLrELWjRgkBLR9u5t3G79W","preKeyId":12590462}}},"version":"v1"}