{"_sessions":{"BcE0KxWqu7tO4gl2x9gkmP4ssHk6Xa7nuW6IsGRye586":{"registrationId":586956007,"currentRatchet":{"ephemeralKeyPair":{"pubKey":"BTtl+OtTO2TDW3ZfexbSiXPVzToxpiEKAZ/2D0FBv7wg","privKey":"oCvL/kf6xSHQBZYbngZnJAzl5L8mvXbhSwMmoy+aKGQ="},"lastRemoteEphemeralKey":"BXwTnxVPwSebglhdDYIYsB2HSzffRNL6QVZbiFOMhMtT","previousCounter":0,"rootKey":"PTDdViof+o5YKI1XVcyyGftHlVBQaWH3C7FFVEXq35I="},"indexInfo":{"baseKey":"BcE0KxWqu7tO4gl2x9gkmP4ssHk6Xa7nuW6IsGRye586","baseKeyType":1,"closed":-1,"used":1753174282143,"created":1753174282143,"remoteIdentityKey":"BTeu7kSH4fKmsVTSxskypo53Kt0xypyntshZAqGT+ckj"},"_chains":{"BTtl+OtTO2TDW3ZfexbSiXPVzToxpiEKAZ/2D0FBv7wg":{"chainKey":{"counter":0,"key":"iLDMYq+oMXowqCuAdVQAK8y5jnWcIWoYI+su9fcLVec="},"chainType":1,"messageKeys":{}}},"pendingPreKey":{"signedKeyId":1,"baseKey":"BcE0KxWqu7tO4gl2x9gkmP4ssHk6Xa7nuW6IsGRye586","preKeyId":10899145}}},"version":"v1"}