{"_sessions":{"BZ3QA72KrqzeJmc5PmIbtZKmmCMHn/IzrcJuifCXcuYV":{"registrationId":240,"currentRatchet":{"ephemeralKeyPair":{"pubKey":"Bdxjqpl2ci5OZMmbX0U9PPQGcFiCJXLCN3qwY8BvqU5l","privKey":"UK6NDtd6N0IEDDMWH6e2xwert+cuYK9Y9SlpFuXHkkU="},"lastRemoteEphemeralKey":"BYEO6TIJIumJyhW/QgnfUosbFaPIBv/KQf/vMsZ9Jj87","previousCounter":0,"rootKey":"0MO7z5yjVcFxXOm9/+p+NSvpwqP0uqUFY/uJpJtncag="},"indexInfo":{"baseKey":"BZ3QA72KrqzeJmc5PmIbtZKmmCMHn/IzrcJuifCXcuYV","baseKeyType":1,"closed":-1,"used":1753170910534,"created":1753170896135,"remoteIdentityKey":"BeRDjDpziRA4S+XDs8lzAg9d0Oex9mnTQ1bpCAiGZEU2"},"_chains":{"BYEO6TIJIumJyhW/QgnfUosbFaPIBv/KQf/vMsZ9Jj87":{"chainKey":{"counter":0,"key":"JfFUEzcKp1hSMux55DQJQKcBHgzlcG61+0PeWGUNTcM="},"chainType":2,"messageKeys":{}},"Bdxjqpl2ci5OZMmbX0U9PPQGcFiCJXLCN3qwY8BvqU5l":{"chainKey":{"counter":-1,"key":"XFmczyhYM/ttQBhyzM7M+54MaG9qIhBCFTKbENNR8IM="},"chainType":1,"messageKeys":{}}}}},"version":"v1"}