{"_sessions":{"BbyxLEpPgdnqBBa14nGYmwi18PUI84iWG6IChGUCJZRb":{"registrationId":227,"currentRatchet":{"ephemeralKeyPair":{"pubKey":"Bah19DcOdK0N90iUYeC+IoB3ylTW8dvGMpGllZ7Ja0wD","privKey":"oFKVLusdNd/p0aVmgu1mTNM1ZcLgRO88KkuWkHlcJFk="},"lastRemoteEphemeralKey":"BU2mUTYUziqfKsucWBp5nyjsjaQynTR2fxdT3HtjOtMG","previousCounter":0,"rootKey":"ipB8h4xernLqlEmZ5rbVOTouYf5CX03ShwQX886eUtM="},"indexInfo":{"baseKey":"BbyxLEpPgdnqBBa14nGYmwi18PUI84iWG6IChGUCJZRb","baseKeyType":2,"closed":-1,"used":1753168952235,"created":1753168952235,"remoteIdentityKey":"BadhteeUYjMQHdmOnHCHNXOvxKew62rQXyawZDuOUaJZ"},"_chains":{"BU2mUTYUziqfKsucWBp5nyjsjaQynTR2fxdT3HtjOtMG":{"chainKey":{"counter":0,"key":"bNygfbErDLhP7P4IJqI74jSOItJNuOF8hhLepkCPJvs="},"chainType":2,"messageKeys":{}},"Bah19DcOdK0N90iUYeC+IoB3ylTW8dvGMpGllZ7Ja0wD":{"chainKey":{"counter":-1,"key":"RduqP8qqkkKkRqdiNVxZfFEVbdxB6nq8alDgmaZvX4s="},"chainType":1,"messageKeys":{}}}}},"version":"v1"}