{"_sessions":{"Bdrnl1OIm976UYAHleqKMix/yiPJJ7/x/JHDAIxg9ktY":{"registrationId":511947415,"currentRatchet":{"ephemeralKeyPair":{"pubKey":"BX4S/Oze7jrZZxMRIeR2Ko3jgattuBGY8keSRFZ6s+oa","privKey":"8J32V7BZFEnPig53W2IHMG6Ecd3NkFWw9zefx3SqcFA="},"lastRemoteEphemeralKey":"BVpNw44vVU/IgRF4bgGt7Z20xmrlUdfE7psX5F5LRoM5","previousCounter":0,"rootKey":"kM0BwahvBa5iVu2hRBD6k4iUGATgV1UuLrW76wQJtik="},"indexInfo":{"baseKey":"Bdrnl1OIm976UYAHleqKMix/yiPJJ7/x/JHDAIxg9ktY","baseKeyType":1,"closed":-1,"used":1753170896393,"created":1753170896393,"remoteIdentityKey":"BTxJKHRx9ZxD5YrFtYlFCcobC4buHZe0Y5YsgoTcw9o5"},"_chains":{"BX4S/Oze7jrZZxMRIeR2Ko3jgattuBGY8keSRFZ6s+oa":{"chainKey":{"counter":0,"key":"hoM0cKlO3HiPxmoy3MJE/kmNp6m7JHED/8t4W0uiTp8="},"chainType":1,"messageKeys":{}}},"pendingPreKey":{"signedKeyId":2,"baseKey":"Bdrnl1OIm976UYAHleqKMix/yiPJJ7/x/JHDAIxg9ktY","preKeyId":6179494}}},"version":"v1"}