{"_sessions":{"BXWwk+/mZuMFQ1c5Hy9cc8GtWq+VSv+bVtzefrQZT99K":{"registrationId":46,"currentRatchet":{"ephemeralKeyPair":{"pubKey":"BcPzRl/B7XFUfszwdiMUq7ygbefvoHGUIkdGIvnUNchc","privKey":"2G0ZUXWH0vhFO1bWQxolHGjdMyv/TtUEaVEW1OPQOHw="},"lastRemoteEphemeralKey":"BbxkOuM0k65GoTuugfGhXUznyblCPHTOuTvVMNdtlCtW","previousCounter":0,"rootKey":"oVg+tWDnUC05JlhaQWPExpoVZhM87HQyh4NlBPvVD7c="},"indexInfo":{"baseKey":"BXWwk+/mZuMFQ1c5Hy9cc8GtWq+VSv+bVtzefrQZT99K","baseKeyType":1,"closed":-1,"used":1753170896160,"created":1753170896160,"remoteIdentityKey":"BVUuhj+X7jhKEqe3YBvTbLHiHAPfnKFMMR4aE8JPmMAh"},"_chains":{"BcPzRl/B7XFUfszwdiMUq7ygbefvoHGUIkdGIvnUNchc":{"chainKey":{"counter":0,"key":"SmDmbJVlebyB4ZXIZKG8uceZxS4JcX6bbn0g9r5H7po="},"chainType":1,"messageKeys":{}}},"pendingPreKey":{"signedKeyId":1,"baseKey":"BXWwk+/mZuMFQ1c5Hy9cc8GtWq+VSv+bVtzefrQZT99K"}}},"version":"v1"}