{"_sessions":{"BX8SCDfmTDpuULlDGVnrSQTw5CprJVK8vEi6aJBnxVdo":{"registrationId":379926722,"currentRatchet":{"ephemeralKeyPair":{"pubKey":"BQOMHq3kJ9sf2gU/rO7BpwcOoptKVOOwW9BDi4kuLHJI","privKey":"sLeo3+1DlBqXJdzRDtqhyGrSrlmSzzPsdNhEF8JwdH8="},"lastRemoteEphemeralKey":"Bbdva6Ac3lVP0hCscjSEupGyVrMlO61id9d1ha91YxZa","previousCounter":0,"rootKey":"xMAWx7lgQG5A5y2Rxguo3E4qVVZqnb5IMNUkvPqTBWI="},"indexInfo":{"baseKey":"BX8SCDfmTDpuULlDGVnrSQTw5CprJVK8vEi6aJBnxVdo","baseKeyType":2,"closed":1753170617650,"used":1753168043773,"created":1753168043773,"remoteIdentityKey":"BVg2Xc4kKTGYqzIAf9MMffBasQRIKKzwF5YcRIEeVKo6"},"_chains":{"Bbdva6Ac3lVP0hCscjSEupGyVrMlO61id9d1ha91YxZa":{"chainKey":{"counter":33,"key":"ctIKXVGOwzUe5lPKcAdetK25WonYqfyVlwx/AvfRZZI="},"chainType":2,"messageKeys":{}},"BQOMHq3kJ9sf2gU/rO7BpwcOoptKVOOwW9BDi4kuLHJI":{"chainKey":{"counter":-1,"key":"v031iumbdHggN6xYp9VBjoH8Fd3v8iLBIP6fRv2FpK0="},"chainType":1,"messageKeys":{}}}},"BZUpCgzC6mSHX0HV0QT8dtCduX+dmpxRKLcljdjTG3gK":{"registrationId":379926722,"currentRatchet":{"ephemeralKeyPair":{"pubKey":"BQn+o0bEw76niwyA98mhBRrVYCjZaHwvdQm4hWEWw1hQ","privKey":"UMqdZItYW4UEfkOMYWdd5JsrqNYtHCbpFURTbVRXKWg="},"lastRemoteEphemeralKey":"BU7w1/apMpgpqmOJh2BMUz4MSn10Wdr90mtTeWU2t+d/","previousCounter":0,"rootKey":"hpRigZ4fTvU8o7IaaRjzXbU+5hYWIvqcWXIy5lWbiU4="},"indexInfo":{"baseKey":"BZUpCgzC6mSHX0HV0QT8dtCduX+dmpxRKLcljdjTG3gK","baseKeyType":2,"closed":1753171292591,"used":1753171251208,"created":1753170617654,"remoteIdentityKey":"BVg2Xc4kKTGYqzIAf9MMffBasQRIKKzwF5YcRIEeVKo6"},"_chains":{"BdUMj9jc6z8IZwx0FIs/fIlrQjpHeV0OXi/J4Q7yFS5a":{"chainKey":{"counter":14},"chainType":2,"messageKeys":{"0":"j9qFmFA/Ji/k2DECyytya24XuQxOchntE1BhkS5Qe/A="}},"BU7w1/apMpgpqmOJh2BMUz4MSn10Wdr90mtTeWU2t+d/":{"chainKey":{"counter":10,"key":"YiDTM3wyzQJkb4plfFmSlGBId4yC5mpcLx0AQqq7Zis="},"chainType":2,"messageKeys":{}},"BQn+o0bEw76niwyA98mhBRrVYCjZaHwvdQm4hWEWw1hQ":{"chainKey":{"counter":-1,"key":"7he5++tcGI7NE23Oe7eh5aCX1Fwhr4gu01fNwosmWkU="},"chainType":1,"messageKeys":{}}}},"BVwMrnB7G+aaCWQp8bxI5KkTTV18TXqAfnhLno39WSQI":{"registrationId":379926722,"currentRatchet":{"ephemeralKeyPair":{"pubKey":"Ba2R8iXvNarXHPRZfmOF5sVG00REQMJJGVYdAVe69o5Y","privKey":"gM4wpZujhjen/7wzPHJY4OS1FBWFnu2U/2eH3bhWplY="},"lastRemoteEphemeralKey":"BT7CGjNWFG/m5FhClcTsMvIyEcuGtcHE51BIdPbeNxRl","previousCounter":0,"rootKey":"Ylc0eEHnR/p9w8NHUnCyYsRgAZc8gDz/rrmDK8dokfY="},"indexInfo":{"baseKey":"BVwMrnB7G+aaCWQp8bxI5KkTTV18TXqAfnhLno39WSQI","baseKeyType":2,"closed":1753171950877,"used":1753171292600,"created":1753171292600,"remoteIdentityKey":"BVg2Xc4kKTGYqzIAf9MMffBasQRIKKzwF5YcRIEeVKo6"},"_chains":{"BT7CGjNWFG/m5FhClcTsMvIyEcuGtcHE51BIdPbeNxRl":{"chainKey":{"counter":16,"key":"P0Mxk8UcR5PTsSIRahT405Hih/hUuNBCJCLrfB0I0Q4="},"chainType":2,"messageKeys":{"0":"b6jae27w34As/T/Z7MIlVPv5ZbhCr8pV2GEY6gzHzaE="}},"Ba2R8iXvNarXHPRZfmOF5sVG00REQMJJGVYdAVe69o5Y":{"chainKey":{"counter":-1,"key":"APfBk+rz7CB527VDxIkc9K5sxNIQ8QppG4xu1Popnwk="},"chainType":1,"messageKeys":{}}}},"BdRKDerti95o2/ILA5GVFGRosqOEb4kjj5V3m5am+14Y":{"registrationId":379926722,"currentRatchet":{"ephemeralKeyPair":{"pubKey":"BXfibUi4sySTxA9Zz+HwKIO/LCM3rxwkgDhQ3F5gBC4J","privKey":"4DYxApJOOkUciHIWa+xgMj0TR5U1XHtOWewDUDhV4ls="},"lastRemoteEphemeralKey":"BS9lktmXmxdj5oNf96MUt1azqqC4E5dQEG1uY9k3zu8V","previousCounter":0,"rootKey":"DghIv3NkrH+ONPACy3+0ok2hDDj2Tf+1dpyPnDzDW+8="},"indexInfo":{"baseKey":"BdRKDerti95o2/ILA5GVFGRosqOEb4kjj5V3m5am+14Y","baseKeyType":2,"closed":-1,"used":1753171950883,"created":1753171950883,"remoteIdentityKey":"BVg2Xc4kKTGYqzIAf9MMffBasQRIKKzwF5YcRIEeVKo6"},"_chains":{"BS9lktmXmxdj5oNf96MUt1azqqC4E5dQEG1uY9k3zu8V":{"chainKey":{"counter":32,"key":"bKaEmG+X64ZkEJH2Fxgg7yWpMqcMdIx0t8wLfIZtuq0="},"chainType":2,"messageKeys":{"0":"aZ61oy6MvpNx8q3petkYZdwydtlEptDqObWABmmkJ6Y="}},"BXfibUi4sySTxA9Zz+HwKIO/LCM3rxwkgDhQ3F5gBC4J":{"chainKey":{"counter":-1,"key":"hJtZEbmGcZfL0ld6EL8QRdL97Ij1gw1Mwu+QAmjOpwo="},"chainType":1,"messageKeys":{}}}}},"version":"v1"}