{"_sessions":{"BQVdJZT52uB48M/jUjm7Qq6npxwo8asQRyDPg8DZjX5N":{"registrationId":6857,"currentRatchet":{"ephemeralKeyPair":{"pubKey":"BfFsPPcFba50nGTmXEmKeEiUaKt6IVyVbVe3590xXB4X","privKey":"6E8jHhi5hweiizev/L2OOcHnPf8tUfqmfKrVD+SeVUk="},"lastRemoteEphemeralKey":"BbBwa8sIfAfqPgLvZQgv5C6aHgbKq8MUiZDb+LNWDoNA","previousCounter":0,"rootKey":"WlSPJuH2mMaCZdJKhTUzZ9am7SlN3TlxSSJa0tKUCvQ="},"indexInfo":{"baseKey":"BQVdJZT52uB48M/jUjm7Qq6npxwo8asQRyDPg8DZjX5N","baseKeyType":1,"closed":-1,"used":1753170896151,"created":1753170896151,"remoteIdentityKey":"BTgamJXhL26SuQl5cWIeM0fkcWzoSWPasit1Un+OrVVl"},"_chains":{"BfFsPPcFba50nGTmXEmKeEiUaKt6IVyVbVe3590xXB4X":{"chainKey":{"counter":0,"key":"tNasUSleAVDYrjJ7ktDc6FL4LtO8rB4CLfK3RWJ+kyE="},"chainType":1,"messageKeys":{}}},"pendingPreKey":{"signedKeyId":1,"baseKey":"BQVdJZT52uB48M/jUjm7Qq6npxwo8asQRyDPg8DZjX5N"}}},"version":"v1"}