{"_sessions":{"BQEMalKKH2DEIAMOg0RvXS2PIZp0VdbfPdwSN/o7tThK":{"registrationId":1731067555,"currentRatchet":{"ephemeralKeyPair":{"pubKey":"BaxJmmx+AqL+b7BEyQnVigVrWwoFkz65Av6xuY8fnl4D","privKey":"yCVQ4k9iWbgLqeso2uGJWpBuBbfgtRTMWwF57JSygng="},"lastRemoteEphemeralKey":"BXw2Lu3fo9L8+Zn447R5BDBkyKuftS+XXqaEWb0OquEf","previousCounter":0,"rootKey":"7NJbCJKAjX+Nmv6V1i0PKDaaWzqyPBQBrosbJ8oRgkY="},"indexInfo":{"baseKey":"BQEMalKKH2DEIAMOg0RvXS2PIZp0VdbfPdwSN/o7tThK","baseKeyType":1,"closed":-1,"used":1753174282182,"created":1753174282182,"remoteIdentityKey":"BdbPgj4Vfu5DkJurIpnVE4YIuc5JPwTogJzgNMTHjElx"},"_chains":{"BaxJmmx+AqL+b7BEyQnVigVrWwoFkz65Av6xuY8fnl4D":{"chainKey":{"counter":0,"key":"JUnVBaXMCB8S0p0Y9cCpuemUu6X7ui4lxoULTj8vI40="},"chainType":1,"messageKeys":{}}},"pendingPreKey":{"signedKeyId":1,"baseKey":"BQEMalKKH2DEIAMOg0RvXS2PIZp0VdbfPdwSN/o7tThK","preKeyId":4696294}}},"version":"v1"}