{"_sessions":{"BYMUKCGpOAfwoYhSkzbtPrMECQvFt7Qiv8phvSsVkBk3":{"registrationId":2110619687,"currentRatchet":{"ephemeralKeyPair":{"pubKey":"BZRRVDqEc5TXS1bQvL/ABVInLFULrE1H613WXxfwcr5E","privKey":"sBwlKq2a+4D49Q0uxgHvnnHHP4G+968A3l9HNieHcHs="},"lastRemoteEphemeralKey":"Bcq7jOAzLxC9P7O4zCF+vjZWojzzmhuK2Lt9x9FVdnhY","previousCounter":0,"rootKey":"2f+tvuqKltoL42Vb1jKZOgW/vjrufiCWKlPut41/23E="},"indexInfo":{"baseKey":"BYMUKCGpOAfwoYhSkzbtPrMECQvFt7Qiv8phvSsVkBk3","baseKeyType":1,"closed":-1,"used":1753170896613,"created":1753170896613,"remoteIdentityKey":"BW8bs7YQAtFx68+95itWBJzdXwv1btQoVTfa+NzlizUU"},"_chains":{"BZRRVDqEc5TXS1bQvL/ABVInLFULrE1H613WXxfwcr5E":{"chainKey":{"counter":0,"key":"VSrJ+WCAk44ObF+i79j9j4/qUWD+6gXiJAzSbX7R8sU="},"chainType":1,"messageKeys":{}}},"pendingPreKey":{"signedKeyId":1,"baseKey":"BYMUKCGpOAfwoYhSkzbtPrMECQvFt7Qiv8phvSsVkBk3","preKeyId":16540873}}},"version":"v1"}