{"_sessions":{"BXQt/OSxs6U+wz1RMWO221zRdYs6JcXs+SR64mIuKqs+":{"registrationId":1879910040,"currentRatchet":{"ephemeralKeyPair":{"pubKey":"BbkGC9oRSzZnAcqKfhbwzl4tqGvI0mRzvEFc15k25NkJ","privKey":"oB7BM2zwEjdEcyI/ZrYKV9AhERosOSQsZWgEygorE0Y="},"lastRemoteEphemeralKey":"Bb1Rd7JLBjzNnnP+xrzzxOgStAVOatuuX1gTyd2E725H","previousCounter":0,"rootKey":"GLqT8EKqdlR/Y9bLOX9khiJGXexwiVxDGhbPAV3akt4="},"indexInfo":{"baseKey":"BXQt/OSxs6U+wz1RMWO221zRdYs6JcXs+SR64mIuKqs+","baseKeyType":1,"closed":-1,"used":1753170896580,"created":1753170896580,"remoteIdentityKey":"Bah8Sxpw27BI6lH5WRmEvBnKliFHUYQV7GTgznyPRo9/"},"_chains":{"BbkGC9oRSzZnAcqKfhbwzl4tqGvI0mRzvEFc15k25NkJ":{"chainKey":{"counter":0,"key":"bG0yBSrn8+umcPhbC+z84dLkroNDN/GyIZ6qSLrSHe8="},"chainType":1,"messageKeys":{}}},"pendingPreKey":{"signedKeyId":1,"baseKey":"BXQt/OSxs6U+wz1RMWO221zRdYs6JcXs+SR64mIuKqs+","preKeyId":4263355}}},"version":"v1"}