{"_sessions":{"BS42woDZc6CdhUQoQHtwshK/oD+cbsVvgiK4Go9XHbdN":{"registrationId":358673406,"currentRatchet":{"ephemeralKeyPair":{"pubKey":"BZ8FCOmrfK4v/moi+oKwm6jPEC5n/47ThOiqJloxkXxy","privKey":"iESzEB0ihcvnVsYs5Rn8JPn6BamgGvI1BOHLsaSJ5n4="},"lastRemoteEphemeralKey":"BYiMD4Aaw2eBY7TdPDosPs8jD+7R0r2NwdyRPKUCvWst","previousCounter":0,"rootKey":"G4M7U4x4ogsZaiLM1YPT5NywWEwrwHSHPrCoIPE5gpE="},"indexInfo":{"baseKey":"BS42woDZc6CdhUQoQHtwshK/oD+cbsVvgiK4Go9XHbdN","baseKeyType":1,"closed":-1,"used":1753173304976,"created":1753168406731,"remoteIdentityKey":"BVD9D5CopHY1g8d/VUwijFSRfXlkmJrMaFWXkbhhtR5g"},"_chains":{"BYiMD4Aaw2eBY7TdPDosPs8jD+7R0r2NwdyRPKUCvWst":{"chainKey":{"counter":0,"key":"LqlCY+YZC1bJ2AwakO+NAJu9kowKZ3oSH6jBe3hK5EE="},"chainType":2,"messageKeys":{}},"BZ8FCOmrfK4v/moi+oKwm6jPEC5n/47ThOiqJloxkXxy":{"chainKey":{"counter":-1,"key":"dvO/XGPJg28YIxBo4ygfkylywOIVZdMpEWFakcAOOlo="},"chainType":1,"messageKeys":{}}}}},"version":"v1"}