{"_sessions":{"Bc2OvulXgHl1CPt6mNykk+YdvA5aCKfseC98i1xzz/9U":{"registrationId":875581855,"currentRatchet":{"ephemeralKeyPair":{"pubKey":"BfYDrzKP6wqeRMShKnKgTIGxiWNs7AIjWcveS94pEZAB","privKey":"+H39VS/LmkB7UruWQ5RTd2jMl7TIYmoRySAYRpaaZmQ="},"lastRemoteEphemeralKey":"BfdjBYylhYQ3kOo8XEGkFT9aSXsyADE9R6F+BtHmlIA2","previousCounter":0,"rootKey":"eMBYCufdfJ2sykcjNpMqwVA6+BzYUaZWgCWO3grLluo="},"indexInfo":{"baseKey":"Bc2OvulXgHl1CPt6mNykk+YdvA5aCKfseC98i1xzz/9U","baseKeyType":2,"closed":-1,"used":1753169821903,"created":1753169821903,"remoteIdentityKey":"BXyhE39T6E512VfHMpEUs0PRNvBPzjYY0hnPv6u4R8pG"},"_chains":{"BfdjBYylhYQ3kOo8XEGkFT9aSXsyADE9R6F+BtHmlIA2":{"chainKey":{"counter":1,"key":"/Du29cL+V5kbPn7dJB5gThR1d6949xZmX3PZqS64fzk="},"chainType":2,"messageKeys":{}},"BfYDrzKP6wqeRMShKnKgTIGxiWNs7AIjWcveS94pEZAB":{"chainKey":{"counter":0,"key":"AZfokcqvGEy0wh/OWFWDLpLtexmgY7Z1pmGYfS/W32k="},"chainType":1,"messageKeys":{}}}}},"version":"v1"}