{"_sessions":{"BXMt0+si+I906R/ZtudWhi6wJ9OgctogWjtr4E4Ub2Fv":{"registrationId":39654160,"currentRatchet":{"ephemeralKeyPair":{"pubKey":"BfpRvSgC8YstOv/82f1zIEhb0qvgyd+DqyvRW7R7oGk6","privKey":"gBOL+2novbNuvAeIg/iL1xTmmt4al9O1PQO6e0bUzVM="},"lastRemoteEphemeralKey":"BROK4Lp+Ar+N5BD/QKiv1D5FyNVu4Q/vAx4THkBdQ70H","previousCounter":0,"rootKey":"zMMSYjriMVG+O3CH6z0UDwmQuy7ffBJjc/qMEFNncb0="},"indexInfo":{"baseKey":"BXMt0+si+I906R/ZtudWhi6wJ9OgctogWjtr4E4Ub2Fv","baseKeyType":1,"closed":-1,"used":1753170896234,"created":1753170896234,"remoteIdentityKey":"BQmphDVdEUn0VecR7XPkTwF0iWOfKAvj1ST1zEJGHJdH"},"_chains":{"BfpRvSgC8YstOv/82f1zIEhb0qvgyd+DqyvRW7R7oGk6":{"chainKey":{"counter":0,"key":"UzjC0y2hI2s2bMDtFSifcOG1J+RQGngif5oQxbWSzwg="},"chainType":1,"messageKeys":{}}},"pendingPreKey":{"signedKeyId":1,"baseKey":"BXMt0+si+I906R/ZtudWhi6wJ9OgctogWjtr4E4Ub2Fv","preKeyId":643}}},"version":"v1"}