{"_sessions":{"BeHLv+cDEJ05utVKPiLyccScySaKTIMNEDC2RGnvfM8y":{"registrationId":1062746231,"currentRatchet":{"ephemeralKeyPair":{"pubKey":"BdhKpIb5+As/gahEX0sbqVpb5jYumtBFQHmUs9atulp0","privKey":"0K0uUi0QK2/Eq7mdrL2hEmgZIWvnC34/zDx4roEzEm4="},"lastRemoteEphemeralKey":"BUC98PY7DPRNqDrvQQlMcLYD1gf3FxsaU0SfOX15TMdj","previousCounter":0,"rootKey":"mm7WZ6YxMmW79f6i4rakVlc8AkhJS8I+f0wJ/PJFxg4="},"indexInfo":{"baseKey":"BeHLv+cDEJ05utVKPiLyccScySaKTIMNEDC2RGnvfM8y","baseKeyType":1,"closed":-1,"used":1753170896545,"created":1753170896545,"remoteIdentityKey":"BSLch0w1fSueUB2DCfJBOK5qV40org2BB9zU1xic9pc7"},"_chains":{"BdhKpIb5+As/gahEX0sbqVpb5jYumtBFQHmUs9atulp0":{"chainKey":{"counter":0,"key":"mvryO6eGEqNKMJ3rPht7VH4NrNnsxnpef24ZiAO28FI="},"chainType":1,"messageKeys":{}}},"pendingPreKey":{"signedKeyId":0,"baseKey":"BeHLv+cDEJ05utVKPiLyccScySaKTIMNEDC2RGnvfM8y","preKeyId":6053957}}},"version":"v1"}