{"_sessions":{"BUswB4LXbK5z6p7vS6GI/6RZS6H8CDdLNx13BbV51G4B":{"registrationId":623136602,"currentRatchet":{"ephemeralKeyPair":{"pubKey":"BexgZfHCqwsfHsbew4nNo9uFLZozIXPCMLctfbtL//MV","privKey":"UNL+cHyrCchV9ylO1foQklly8z3iDyFjX1FKgGqD63E="},"lastRemoteEphemeralKey":"BYxK64nzAU9/lShXFDyESUvlVQH38mV38jZoA6nGL5lB","previousCounter":0,"rootKey":"o3jUz5kMlYr3w2g7Q3y9xTbbhvQK9wkAu+25SnuFAyg="},"indexInfo":{"baseKey":"BUswB4LXbK5z6p7vS6GI/6RZS6H8CDdLNx13BbV51G4B","baseKeyType":1,"closed":-1,"used":1753170896368,"created":1753170896368,"remoteIdentityKey":"BcfxaGYBJlawQF0QOPZHLz7+DpS1sWuOPEulJvP8gAxh"},"_chains":{"BexgZfHCqwsfHsbew4nNo9uFLZozIXPCMLctfbtL//MV":{"chainKey":{"counter":0,"key":"BYf9cOYOVMfoZaeDZAaFGJ4nxVvliDvhbUdjhoJEpPM="},"chainType":1,"messageKeys":{}}},"pendingPreKey":{"signedKeyId":0,"baseKey":"BUswB4LXbK5z6p7vS6GI/6RZS6H8CDdLNx13BbV51G4B","preKeyId":13856051}}},"version":"v1"}