{"_sessions":{"BXS0IElioTYz1OP+R29YtFm5tAs65Ueh+raZuLarbz8R":{"registrationId":1040552402,"currentRatchet":{"ephemeralKeyPair":{"pubKey":"BUbiHKhGNOX/YwToK1XQ+ROW5tCVsHrIq73fl17VD9JJ","privKey":"KNjyayDkhuATBTQLmIPBRH/pPLWecLaB8tPubSBsQX8="},"lastRemoteEphemeralKey":"BQV6Wiy/I6xg9aP6Syk8dCizeMnWZN3fzwAR99MA0Tlt","previousCounter":0,"rootKey":"dMbgs+t6MyBoBLiTPuQVMsslJTLDaXL0wV/7u5OS4uo="},"indexInfo":{"baseKey":"BXS0IElioTYz1OP+R29YtFm5tAs65Ueh+raZuLarbz8R","baseKeyType":1,"closed":-1,"used":1753170896590,"created":1753170896590,"remoteIdentityKey":"BQ99dR1yn66iH4Mk3wuD7VV1r7rb1g9zhF71ODl4Z/RG"},"_chains":{"BUbiHKhGNOX/YwToK1XQ+ROW5tCVsHrIq73fl17VD9JJ":{"chainKey":{"counter":0,"key":"NIJosmDpczFIOkfD9l3FJv5VycDcecPGqCnhOqwyq4c="},"chainType":1,"messageKeys":{}}},"pendingPreKey":{"signedKeyId":1,"baseKey":"BXS0IElioTYz1OP+R29YtFm5tAs65Ueh+raZuLarbz8R","preKeyId":15614430}}},"version":"v1"}