{"_sessions":{"BcEahCGMozAa/jkE9PYWVJVY/xXWCRA5yOKOkS8Jjp8S":{"registrationId":1323203956,"currentRatchet":{"ephemeralKeyPair":{"pubKey":"BZb6NWR64TI4JoWRLHyEdTwD8nSK0lt4fnh9BniJ7aFi","privKey":"UKYaAep2bggPRDgrGjYZoNumNedRJKGa9h4iDkiPrm0="},"lastRemoteEphemeralKey":"BZS8IWGkJeczNmOwFC8XDZYyoa4FXOT2ftGaqHXaNMdR","previousCounter":0,"rootKey":"ibZFRfrJjdikBuXqvoE3eZXzX/V+nD91fTkEA9DFNIs="},"indexInfo":{"baseKey":"BcEahCGMozAa/jkE9PYWVJVY/xXWCRA5yOKOkS8Jjp8S","baseKeyType":2,"closed":-1,"used":1753170581476,"created":1753170581476,"remoteIdentityKey":"BaBQUEFJa/GZg5LOpfz7JBD6p517Rt8WPnRFi8oq/TMQ"},"_chains":{"BZS8IWGkJeczNmOwFC8XDZYyoa4FXOT2ftGaqHXaNMdR":{"chainKey":{"counter":0,"key":"bP/hG126mL0F3ibst/aCpvvO/XTI+8IK95LJPPhTFWQ="},"chainType":2,"messageKeys":{}},"BZb6NWR64TI4JoWRLHyEdTwD8nSK0lt4fnh9BniJ7aFi":{"chainKey":{"counter":-1,"key":"mugNGjSxMnwKrnBLeNu7cT+J6n9uAFO/nj34S1VlZxk="},"chainType":1,"messageKeys":{}}}}},"version":"v1"}