{"_sessions":{"BSUVGFLKKc+MxWM9y5C4WopEjleGQ4gJsdFV7fIg7BYA":{"registrationId":1529057731,"currentRatchet":{"ephemeralKeyPair":{"pubKey":"BdjETw741ZwoX4KKYTwkOQZMwcfL/TMdTNVK9kNNLgdx","privKey":"qD1GAt27lMKuWI7D8qzEtfr39/FGMEJhy9ZVz3izEmg="},"lastRemoteEphemeralKey":"BUfv/CbG+2dlhLSHl0rkbDCc13pbSKCRGx331YjK3V5H","previousCounter":0,"rootKey":"Yead19iGLEdzqMKj+fZ5y/1F+QzEhP3gkPer9sff6Vw="},"indexInfo":{"baseKey":"BSUVGFLKKc+MxWM9y5C4WopEjleGQ4gJsdFV7fIg7BYA","baseKeyType":2,"closed":-1,"used":1753173000534,"created":1753173000534,"remoteIdentityKey":"BRtCgQoXvtywo9eS4NfJmtn06lo2IuRvayMPMVDkXWUX"},"_chains":{"BUfv/CbG+2dlhLSHl0rkbDCc13pbSKCRGx331YjK3V5H":{"chainKey":{"counter":8,"key":"2KO4HJOa61NvA4iD7yARBU91pj46d/K2b2KEQj2qv8w="},"chainType":2,"messageKeys":{}},"BdjETw741ZwoX4KKYTwkOQZMwcfL/TMdTNVK9kNNLgdx":{"chainKey":{"counter":-1,"key":"WaRLb8lA6kInscN2kqsRqxHvSga6lH6Pz5E3hPvxj2w="},"chainType":1,"messageKeys":{}}}}},"version":"v1"}