{"_sessions":{"Be6K8YiRMMhszQxn6Ba3u9bVcHJDtsWij42qLAIp9x05":{"registrationId":1604513099,"currentRatchet":{"ephemeralKeyPair":{"pubKey":"BTHBPgVvSPzA3f5uAd/hFRQ+FZHOXv4hMJ+2ymndQptq","privKey":"GDeFwIL5aRDNIyKLAz5soZuRGb2ubuAupzoA70ZH+HA="},"lastRemoteEphemeralKey":"BVzScKb8SB/ihAEGW7yMFJLzs9CiGv1+j/ImlMyE9ZJi","previousCounter":0,"rootKey":"N1OpXAc9nR1419z1OGRriuHF0UGAk0Tl4MJPCpZIx6Y="},"indexInfo":{"baseKey":"Be6K8YiRMMhszQxn6Ba3u9bVcHJDtsWij42qLAIp9x05","baseKeyType":1,"closed":-1,"used":1753170896566,"created":1753170896566,"remoteIdentityKey":"BTemBasNvcYcWuJtWqQp0ZmiLWatusU3whhkbo4yTBcG"},"_chains":{"BTHBPgVvSPzA3f5uAd/hFRQ+FZHOXv4hMJ+2ymndQptq":{"chainKey":{"counter":0,"key":"DRGGrNmd7sFUhUXl/rXhdebahkZMZHAqrPal7GDSjjo="},"chainType":1,"messageKeys":{}}},"pendingPreKey":{"signedKeyId":0,"baseKey":"Be6K8YiRMMhszQxn6Ba3u9bVcHJDtsWij42qLAIp9x05"}}},"version":"v1"}