{"_sessions":{"BfvMm9H0fGAIfJLl4ZiiAggof7kTokNWafq+jHNMbVx7":{"registrationId":672187426,"currentRatchet":{"ephemeralKeyPair":{"pubKey":"BXXBD9u0JU6ME5kyIWHGb1IrUz+tEOXT3ZW9S67tTHZz","privKey":"uAXtoxcJIhaVAXXHLDQaBCiCBxo613vWk+ZmsQT/n0o="},"lastRemoteEphemeralKey":"BbcyWhNctL8WuDL6jy6Pr2ufAvjtsWhb7KPVYw2e55Rz","previousCounter":0,"rootKey":"Vy4SYBybQLNyDiuFdP3o0ftcBM6PC5rM3T08pPNPMs4="},"indexInfo":{"baseKey":"BfvMm9H0fGAIfJLl4ZiiAggof7kTokNWafq+jHNMbVx7","baseKeyType":1,"closed":-1,"used":1753170896180,"created":1753170896180,"remoteIdentityKey":"Be5lV2EuZMTCIDCeAWwCEuvAeO1bKZOJSlZdz/5JfGdP"},"_chains":{"BXXBD9u0JU6ME5kyIWHGb1IrUz+tEOXT3ZW9S67tTHZz":{"chainKey":{"counter":0,"key":"uQeM3urkAALiqatjqGv8muUhZPKuXhZcilovAakMcqs="},"chainType":1,"messageKeys":{}}},"pendingPreKey":{"signedKeyId":1,"baseKey":"BfvMm9H0fGAIfJLl4ZiiAggof7kTokNWafq+jHNMbVx7","preKeyId":1379}}},"version":"v1"}