{"_sessions":{"BWqxWHcReyhGRRGKj5cmUgveFB3PYyZvGTZHotl11Sdp":{"registrationId":946588866,"currentRatchet":{"ephemeralKeyPair":{"pubKey":"BRdXS4ymrkNfRQUX5TkQvRmLcFiKc8xbea4tS8KDDwU+","privKey":"6PbK/oAV3//khG/ETBgdmCAJKBikOwQzAgePsXbmM3I="},"lastRemoteEphemeralKey":"BaHK/veLXearBT1qJ252MBgtBLdLveLHHsbbrSsBu/hx","previousCounter":0,"rootKey":"PEasqAS3BK0OYQ6gHf0SL0BFnhTVOWCkXQBFYoKEos0="},"indexInfo":{"baseKey":"BWqxWHcReyhGRRGKj5cmUgveFB3PYyZvGTZHotl11Sdp","baseKeyType":1,"closed":-1,"used":1753170896458,"created":1753170896458,"remoteIdentityKey":"BXVVZUKo0wcqFlhpsE3CiHKWfWGGuVex5zW+yY6e3QA1"},"_chains":{"BRdXS4ymrkNfRQUX5TkQvRmLcFiKc8xbea4tS8KDDwU+":{"chainKey":{"counter":0,"key":"aKrLtQxEGhdSuHsJxW+cf+DL5NgbL92twUFtXdJsjII="},"chainType":1,"messageKeys":{}}},"pendingPreKey":{"signedKeyId":2,"baseKey":"BWqxWHcReyhGRRGKj5cmUgveFB3PYyZvGTZHotl11Sdp","preKeyId":9225400}}},"version":"v1"}