{"_sessions":{"BYKb1uups7xm4f9y80fcr1sX3Dg4bjTe8zHKXe1ywfh2":{"registrationId":768409530,"currentRatchet":{"ephemeralKeyPair":{"pubKey":"BSDjk8vtfEVQOIkwqEVlUXnFqo5iVQPOGVRv4ciQpKYo","privKey":"6GVUGAU/6vUwk5SLOSYOvmZJqRx4ReS6si0r0ciYwF8="},"lastRemoteEphemeralKey":"BcsBZc2YROEwNsIVyGPz1YLKo5nzZhxlmz4Y7aOdpZss","previousCounter":0,"rootKey":"xIGGlqsRqJ8smlq+2L3IJiVLYxi/3vY0Xuj/fdZK0WE="},"indexInfo":{"baseKey":"BYKb1uups7xm4f9y80fcr1sX3Dg4bjTe8zHKXe1ywfh2","baseKeyType":1,"closed":-1,"used":1753170896449,"created":1753170896449,"remoteIdentityKey":"BUCzF+kmymKl0iho1/16CeB/J7tsxhMNRpltyLYeEP98"},"_chains":{"BSDjk8vtfEVQOIkwqEVlUXnFqo5iVQPOGVRv4ciQpKYo":{"chainKey":{"counter":0,"key":"DnSpR+esQm4en7wJAjHbyPA+E9dQrJNE9Hwaes9cU4Q="},"chainType":1,"messageKeys":{}}},"pendingPreKey":{"signedKeyId":25,"baseKey":"BYKb1uups7xm4f9y80fcr1sX3Dg4bjTe8zHKXe1ywfh2","preKeyId":15022256}}},"version":"v1"}