{"_sessions":{"BT3fIYNAmX5+WpaxUGrssndw3JpMowALVZXWoOxFOIoS":{"registrationId":993775422,"currentRatchet":{"ephemeralKeyPair":{"pubKey":"BXDYFrdaXnSec1yAW71bM84UE7jtbZkogtcyOXSH39o0","privKey":"qGXd/rUBbLG6TYbs2iX96ArdRTU1XvcCcIESjLqvjWo="},"lastRemoteEphemeralKey":"BfsTMi5ORJ7MAiTFMn2klVQvwaMCT8AGh9HxAgzZCPYv","previousCounter":0,"rootKey":"jiCQUE7dRM0RTY7qVXKI9b55jyMajZ5CscO6RzbGZVE="},"indexInfo":{"baseKey":"BT3fIYNAmX5+WpaxUGrssndw3JpMowALVZXWoOxFOIoS","baseKeyType":1,"closed":-1,"used":1753170896468,"created":1753170896468,"remoteIdentityKey":"BT6QLTjj2vQZurQXmDn5ModIf2AMGVBmvZXy9XJl9QUZ"},"_chains":{"BXDYFrdaXnSec1yAW71bM84UE7jtbZkogtcyOXSH39o0":{"chainKey":{"counter":0,"key":"dCnUvypvcyiAPOQS+Y1Wffw7xEY8lCp5QM4mC0rFe2I="},"chainType":1,"messageKeys":{}}},"pendingPreKey":{"signedKeyId":6,"baseKey":"BT3fIYNAmX5+WpaxUGrssndw3JpMowALVZXWoOxFOIoS","preKeyId":3766016}}},"version":"v1"}