{"_sessions":{"BSjeEeIKqvoCciglzd/4JeOlBRip4vo2HhqY7sBwE49Q":{"registrationId":1683288196,"currentRatchet":{"ephemeralKeyPair":{"pubKey":"BfQH/auuNLxD5kXwG1PTjg1r5xy/IMprH912vM/23Wkc","privKey":"SEOnBbZfj/stwKMxyRW8J8V4z79NT8hWgzvHYSYZJnw="},"lastRemoteEphemeralKey":"BbV7dTnKGl8E9Bn6KgfmA91zKdkgY8T47EJ6PLWG5l87","previousCounter":0,"rootKey":"Yv/hrH7+ornVScYE8KMO0pKmEfcFqSe8symSSX0Y5TI="},"indexInfo":{"baseKey":"BSjeEeIKqvoCciglzd/4JeOlBRip4vo2HhqY7sBwE49Q","baseKeyType":1,"closed":-1,"used":1753174282167,"created":1753174282167,"remoteIdentityKey":"BWlTtRaJTOJ4lz34ZD/bk/h61ZBfg1wUlja5tM5LcLtz"},"_chains":{"BfQH/auuNLxD5kXwG1PTjg1r5xy/IMprH912vM/23Wkc":{"chainKey":{"counter":0,"key":"btbrSB76KpGP0AQ40uyc5oM8R3xuNsehFiSMNg+/UPw="},"chainType":1,"messageKeys":{}}},"pendingPreKey":{"signedKeyId":0,"baseKey":"BSjeEeIKqvoCciglzd/4JeOlBRip4vo2HhqY7sBwE49Q"}}},"version":"v1"}