{"_sessions":{"BU2ZXvHeaq8+EbI23B8eE1HJ02dkJIEAbyWRTiSs2ZZW":{"registrationId":1995206638,"currentRatchet":{"ephemeralKeyPair":{"pubKey":"BQsvx7R7LjCoHCIaxAyxUE+0Qs+YnNifMbQPsCUCSds8","privKey":"kAxDwCSKy4VZnCo9GfIf4EWcx/6IBGf9PIPJbC67pFg="},"lastRemoteEphemeralKey":"BWWEZiIHgmicxvNYh9U6bQ9o/pg3Fc7pSkChN7RlHz8Q","previousCounter":0,"rootKey":"qFPr+CTHgvfQ1R0uwvhjRXIxre3wyQ5zby/KdytCNJ4="},"indexInfo":{"baseKey":"BU2ZXvHeaq8+EbI23B8eE1HJ02dkJIEAbyWRTiSs2ZZW","baseKeyType":2,"closed":-1,"used":1753174177667,"created":1753174177667,"remoteIdentityKey":"BQ5HOnqE7DuVi4+2i4mqio+WQwCqgYAAoZtD2ZmTCh8X"},"_chains":{"BWWEZiIHgmicxvNYh9U6bQ9o/pg3Fc7pSkChN7RlHz8Q":{"chainKey":{"counter":1,"key":"kHXHJ4Hq5zwy4UuYiwWRSWEYmE+V8m4H/XXrr0z9ohU="},"chainType":2,"messageKeys":{}},"BQsvx7R7LjCoHCIaxAyxUE+0Qs+YnNifMbQPsCUCSds8":{"chainKey":{"counter":-1,"key":"76AvRrA1BxR2c79nIbCJn87v2e/OSF8C9UPopD3/rqg="},"chainType":1,"messageKeys":{}}}}},"version":"v1"}