{"_sessions":{"BW6tCml1C1oAP14K6Opv8Htv2WcG6ROsvtGjg5tzsgNp":{"registrationId":103639382,"currentRatchet":{"ephemeralKeyPair":{"pubKey":"BWkVxY4Z1d0WOqi2UAPzb0xeM445oJZxLbOmQpxyApNa","privKey":"kO8/9YLBTPkKW3GSZVLZXKcP2hK/IMTbGUmZJWqeDUY="},"lastRemoteEphemeralKey":"BRNSnae0J8K6k7tIkTcXhXl+l6NKQPeYb/CGoz/B8alW","previousCounter":0,"rootKey":"yXTdNIQlXSYWbRHx4TA0wAKO3MaQ/JAt+p/ofjIZFsc="},"indexInfo":{"baseKey":"BW6tCml1C1oAP14K6Opv8Htv2WcG6ROsvtGjg5tzsgNp","baseKeyType":1,"closed":-1,"used":1753170896323,"created":1753170896323,"remoteIdentityKey":"BQsKsN6MvLY1BwpN76waJ5V+fQTNaLpUZJNS3r+C8Bcf"},"_chains":{"BWkVxY4Z1d0WOqi2UAPzb0xeM445oJZxLbOmQpxyApNa":{"chainKey":{"counter":0,"key":"jZ1I7xgJAqgSMBkZ+pnX0a556zPMtuuS/J96nm3GRJQ="},"chainType":1,"messageKeys":{}}},"pendingPreKey":{"signedKeyId":6918564,"baseKey":"BW6tCml1C1oAP14K6Opv8Htv2WcG6ROsvtGjg5tzsgNp","preKeyId":873}}},"version":"v1"}