{"_sessions":{"BSbQuMaH54MO13X0K7200Jz2rZL7HNuMPzX0dsjOwtYC":{"registrationId":166,"currentRatchet":{"ephemeralKeyPair":{"pubKey":"BQPtepXDzRzRSJvTNjG0xvysMaZ16xHcgvbSA8fRQ+5V","privKey":"GN/0HgVQSq1bTbvuGtJl4gAOe5fIM6V52u5P2ZsZeVU="},"lastRemoteEphemeralKey":"BQBiwzJc33IgHvtF2xXB51OJF4sXAqcuTxL9c1XpMBUU","previousCounter":0,"rootKey":"Osn7gMZNqmITERVZi/N411CTTeO+zGGdA7Jqe44YmJE="},"indexInfo":{"baseKey":"BSbQuMaH54MO13X0K7200Jz2rZL7HNuMPzX0dsjOwtYC","baseKeyType":1,"closed":-1,"used":1753168406706,"created":1753168406706,"remoteIdentityKey":"BWDpET8jPLeh1jMrwYGat8Ow9DaRzsxbp/wF0inNMvhN"},"_chains":{"BQPtepXDzRzRSJvTNjG0xvysMaZ16xHcgvbSA8fRQ+5V":{"chainKey":{"counter":0,"key":"6+mYmv6CMOA1lXdluLz+JVyJBCqQqWK15hGQMy+S2VQ="},"chainType":1,"messageKeys":{}}},"pendingPreKey":{"signedKeyId":1,"baseKey":"BSbQuMaH54MO13X0K7200Jz2rZL7HNuMPzX0dsjOwtYC"}}},"version":"v1"}