{"_sessions":{"BfOw9XmzqoSMjp7WgtLL5E5sE5USi+CFmLURI8sCPo9V":{"registrationId":559330937,"currentRatchet":{"ephemeralKeyPair":{"pubKey":"BQKzFViPtoyyTQS/0CReGKVinY/e95M4NhfHyTAg9nhv","privKey":"GP6ZBP/Qz3+4w1IlRL30aWohdtTlxwGyxt51py/qKlU="},"lastRemoteEphemeralKey":"BQY6lsQtq7DXQYocuxj+ruHaBvCpkw85qVTprKP5dF5G","previousCounter":0,"rootKey":"dUqdqg17eHZlVjPV31jcUR3ayGFnraU+N/1yA8JuZ4w="},"indexInfo":{"baseKey":"BfOw9XmzqoSMjp7WgtLL5E5sE5USi+CFmLURI8sCPo9V","baseKeyType":1,"closed":-1,"used":1753170896359,"created":1753170896359,"remoteIdentityKey":"BfwlGHIzab7bgIgheKc4i0XLzPZ9IO+BYcTrGbvgZ7hv"},"_chains":{"BQKzFViPtoyyTQS/0CReGKVinY/e95M4NhfHyTAg9nhv":{"chainKey":{"counter":0,"key":"PBJ62vHWtPPc5wtfySyF4B//nNV2fIs8AwnZfeAh3rg="},"chainType":1,"messageKeys":{}}},"pendingPreKey":{"signedKeyId":12,"baseKey":"BfOw9XmzqoSMjp7WgtLL5E5sE5USi+CFmLURI8sCPo9V","preKeyId":5182795}}},"version":"v1"}