{"_sessions":{"Bc7qZf2wEl8F41bvOUa0GEiSciRSBI1dyBv8rqvZ1+Yf":{"registrationId":1923027086,"currentRatchet":{"ephemeralKeyPair":{"pubKey":"BQRCmP02djQwn3WY27cs35rphGgVOAU8khL2OALpb1cC","privKey":"MMA6JvWNmNYj5D0/0FnySCaWSy8xOqP0sgddKGRL1Xo="},"lastRemoteEphemeralKey":"BbQhuLNUaL+hDFu5AlLjTmNxhKnZFs+jIX/KTIxlGSIW","previousCounter":0,"rootKey":"WpuBH3EH/1qiwDC+oCLB3GOMe9sB+zX+Yno+2lE+gbo="},"indexInfo":{"baseKey":"Bc7qZf2wEl8F41bvOUa0GEiSciRSBI1dyBv8rqvZ1+Yf","baseKeyType":1,"closed":-1,"used":1753174282139,"created":1753174282139,"remoteIdentityKey":"Bdoazvk0T6QHrEwvSOU+tWiU9L8Qk6YT1UwwrsdQDYkP"},"_chains":{"BQRCmP02djQwn3WY27cs35rphGgVOAU8khL2OALpb1cC":{"chainKey":{"counter":0,"key":"fUvRuNP8Zcc0LsSLDQEYVliCr6c7S9gJpZWUBV+qFs4="},"chainType":1,"messageKeys":{}}},"pendingPreKey":{"signedKeyId":1,"baseKey":"Bc7qZf2wEl8F41bvOUa0GEiSciRSBI1dyBv8rqvZ1+Yf","preKeyId":561220}}},"version":"v1"}