{"_sessions":{"BcPoA7HBwlZn7uVkO19SIZTBkU/o/+0c2MoiWuUsES9X":{"registrationId":986281895,"currentRatchet":{"ephemeralKeyPair":{"pubKey":"BQN6kV6WOxTQ6W0US5UA5GwMB6pdjIg5uci2aswpTigo","privKey":"II2rU/skk1eXsgvHM6WgxIdKfBe2SHntB4qn1gfv2nk="},"lastRemoteEphemeralKey":"Bd2HKRPNYiiKmx7706WKLhhXORB69k47MpLUXsZ9Ld4f","previousCounter":0,"rootKey":"T5ahw/MFgBk04S45pu5tddIy8qSEX1CFnX26zftXobQ="},"indexInfo":{"baseKey":"BcPoA7HBwlZn7uVkO19SIZTBkU/o/+0c2MoiWuUsES9X","baseKeyType":1,"closed":-1,"used":1753170896409,"created":1753170896409,"remoteIdentityKey":"BYzmmukwCUjciEyJuBgNOGkb59DILgvsBVfJrs4ehtYR"},"_chains":{"BQN6kV6WOxTQ6W0US5UA5GwMB6pdjIg5uci2aswpTigo":{"chainKey":{"counter":0,"key":"h4tRnEdiBlhGPWQkpYm7H68bZ0VCeTXsUcpq5OaNv+E="},"chainType":1,"messageKeys":{}}},"pendingPreKey":{"signedKeyId":15608811,"baseKey":"BcPoA7HBwlZn7uVkO19SIZTBkU/o/+0c2MoiWuUsES9X","preKeyId":4284}}},"version":"v1"}