{"_sessions":{"BZYc1dmXrIzVie9hcLgVR7CRrvi+kxyRsqe+EzFbEJdU":{"registrationId":240361546,"currentRatchet":{"ephemeralKeyPair":{"pubKey":"BWYA7AqaEz3Nzoae18wPIR6qhdsaITtXyjpCxeQ8/01b","privKey":"YKYWA6pY250+4aY1yuLgS0GvVnJWNPzy58BzPRZVMVk="},"lastRemoteEphemeralKey":"BRdhgXCd4GkuHjWv+qVrEBZWmAaS8u0fRDx9AH2Hyjsy","previousCounter":0,"rootKey":"SmExwNHnnv7kL20ydQe6MYNDIyO17690eKGxu8GJIxA="},"indexInfo":{"baseKey":"BZYc1dmXrIzVie9hcLgVR7CRrvi+kxyRsqe+EzFbEJdU","baseKeyType":1,"closed":-1,"used":1753170896686,"created":1753170896686,"remoteIdentityKey":"BeUZxczB+5GSAnAQLeoGn0Pl80FVv74SNSQvB8zEgyp1"},"_chains":{"BWYA7AqaEz3Nzoae18wPIR6qhdsaITtXyjpCxeQ8/01b":{"chainKey":{"counter":0,"key":"vDyhPdVRORVFcHJKZLTi8wndBtFaULr/fG05EmNF8wA="},"chainType":1,"messageKeys":{}}},"pendingPreKey":{"signedKeyId":1,"baseKey":"BZYc1dmXrIzVie9hcLgVR7CRrvi+kxyRsqe+EzFbEJdU"}}},"version":"v1"}