{"_sessions":{"BZtmfacpxF7VEJrPy67dzS/JB90fdaYlSyj3ThKXsYYE":{"registrationId":28,"currentRatchet":{"ephemeralKeyPair":{"pubKey":"BTkKtg4/u+iqaaAYp+eEOHMIiboDFxgPuLU3NbJ7bl4I","privKey":"AO5M/NdGuNLVgm9FGRnx2//X9ZMpSFWZzICLFqH17EQ="},"lastRemoteEphemeralKey":"Ba5L0kmFPliLcqjyDEhf0Y3MOrGrZVfcuwQGijxVkRd6","previousCounter":0,"rootKey":"s4fTLPfTZtcHD3myKE+WfETIjb2VTqacpDcY7W3qK3Q="},"indexInfo":{"baseKey":"BZtmfacpxF7VEJrPy67dzS/JB90fdaYlSyj3ThKXsYYE","baseKeyType":1,"closed":-1,"used":1753168406690,"created":1753168406690,"remoteIdentityKey":"BUJov6G2OfkmU+y01ZXssX5uiNDOKyBDNgbRVSJIg70j"},"_chains":{"BTkKtg4/u+iqaaAYp+eEOHMIiboDFxgPuLU3NbJ7bl4I":{"chainKey":{"counter":0,"key":"HLpmiCZ/RwBEX4YV0alTUHMgf6cqt5WJq3iYXRJIX24="},"chainType":1,"messageKeys":{}}},"pendingPreKey":{"signedKeyId":1,"baseKey":"BZtmfacpxF7VEJrPy67dzS/JB90fdaYlSyj3ThKXsYYE"}}},"version":"v1"}