{"_sessions":{"BUm6g67ruMZG7XfAbpVeUH0+LA5zhKjpEtZPcs9mG+dq":{"registrationId":1863718258,"currentRatchet":{"ephemeralKeyPair":{"pubKey":"Bd7oQhCi61ypHtL3uYUsz3HZuVrp2FyCM7P+3Yk514pX","privKey":"8JM9fwxCQJQ7gXaw0iwTZpzuOf1R+81H3N5kZiR2vks="},"lastRemoteEphemeralKey":"BSqqLS7h0ucs1q+ZR7LiA2iZT3LJINzDu3DorVoWmbxP","previousCounter":0,"rootKey":"MRxs2EnxhAgJ/gxGyUnT8AybMzbeT3wQXF3psy8G7dY="},"indexInfo":{"baseKey":"BUm6g67ruMZG7XfAbpVeUH0+LA5zhKjpEtZPcs9mG+dq","baseKeyType":1,"closed":-1,"used":1753174282163,"created":1753174282163,"remoteIdentityKey":"BRErmJALjeWCpPjLMrcto/JK/1sekGCl8bfGtVJHBOk2"},"_chains":{"Bd7oQhCi61ypHtL3uYUsz3HZuVrp2FyCM7P+3Yk514pX":{"chainKey":{"counter":0,"key":"hjsyhbhrVEw8GNcEByWzNWz/CAPio58fkdcfiK/gSSU="},"chainType":1,"messageKeys":{}}},"pendingPreKey":{"signedKeyId":3,"baseKey":"BUm6g67ruMZG7XfAbpVeUH0+LA5zhKjpEtZPcs9mG+dq","preKeyId":8037667}}},"version":"v1"}