{"_sessions":{"BUlvanIXCyT8tJ1rPnb81/cNJYtwjDkoMx9NGO4jzfwr":{"registrationId":228,"currentRatchet":{"ephemeralKeyPair":{"pubKey":"BcTQMmqefeJmA9PUSSvI0JniptdJEjeZXjJiBzaMNsM9","privKey":"mESfo73/yFgjhNlnzkCZwEb8kUyrBtbIEX0hnkF5E0g="},"lastRemoteEphemeralKey":"BSbAhiHUXeKYn5LC9vHtQa55peNCXrQPJfQtAxWImMJ1","previousCounter":0,"rootKey":"uKKm0aKgTvBl2WbsFksgDFaKsMylLW3ffaR7k4B3gRw="},"indexInfo":{"baseKey":"BUlvanIXCyT8tJ1rPnb81/cNJYtwjDkoMx9NGO4jzfwr","baseKeyType":1,"closed":-1,"used":1753170896202,"created":1753170896202,"remoteIdentityKey":"BYOSb11vofNi240eud2ro23OCv0hdZCc3m+HvkGcWHJ3"},"_chains":{"BcTQMmqefeJmA9PUSSvI0JniptdJEjeZXjJiBzaMNsM9":{"chainKey":{"counter":0,"key":"Nb0oClADCd6rz7Vs2CIJhjbx9MudirwE82f2tlM6HOA="},"chainType":1,"messageKeys":{}}},"pendingPreKey":{"signedKeyId":1,"baseKey":"BUlvanIXCyT8tJ1rPnb81/cNJYtwjDkoMx9NGO4jzfwr"}}},"version":"v1"}