{"_sessions":{"BWQkiwjlUotlaRuH77cznfHxOM+Nx/lOmIjANcqNZ79o":{"registrationId":267669200,"currentRatchet":{"ephemeralKeyPair":{"pubKey":"BcjAuPnI+FlL1Qq65Pc/9k3XY0aBzhBocRoA277sR+Ff","privKey":"4E3Sgz3LMY+jYbdO+bdWOSKTzvNmoKfrhIW0W+pod0A="},"lastRemoteEphemeralKey":"BQi//tEAgKfUxv/06uBmelvSk7BCKcgodQmQR1e3ZDMa","previousCounter":0,"rootKey":"GcNpH5FHaTykvaLNcZBSJAhqkT0cUc7a8fXOCnn1yNM="},"indexInfo":{"baseKey":"BWQkiwjlUotlaRuH77cznfHxOM+Nx/lOmIjANcqNZ79o","baseKeyType":1,"closed":-1,"used":1753170896558,"created":1753170896558,"remoteIdentityKey":"BVaPuzcezh/IcAZZIMhhWpzvkgOoMwHKu7xZ8pF5ygQJ"},"_chains":{"BcjAuPnI+FlL1Qq65Pc/9k3XY0aBzhBocRoA277sR+Ff":{"chainKey":{"counter":0,"key":"/KwRkNzVkpvX+yhU68rGDt7TZ9eLPUVto42RGzfT/jc="},"chainType":1,"messageKeys":{}}},"pendingPreKey":{"signedKeyId":0,"baseKey":"BWQkiwjlUotlaRuH77cznfHxOM+Nx/lOmIjANcqNZ79o"}}},"version":"v1"}