{"_sessions":{"BUaMwCa4surlMqX4ra2M/VHJMuayHzutykrHY/Gc1Z4f":{"registrationId":1097178277,"currentRatchet":{"ephemeralKeyPair":{"pubKey":"BQR8ikZ27sBTwB7yBnnq1sc6vkWIk83GQsr3HVq3y60C","privKey":"mC/oSCavHkI10XbL/1DR2il8rmY7M58ooRxchdb9plM="},"lastRemoteEphemeralKey":"BU90m4D8Yl4gE0kDcgAuRYzkWGNmz0Sy/udyL7BbROpK","previousCounter":0,"rootKey":"VOs0GSmVhKSD1XZwHrqiPC6TuipHKk9jmeF72vEQrPg="},"indexInfo":{"baseKey":"BUaMwCa4surlMqX4ra2M/VHJMuayHzutykrHY/Gc1Z4f","baseKeyType":2,"closed":-1,"used":1753168223549,"created":1753168223549,"remoteIdentityKey":"BYuCoDlptuU3KoDRNTjWMi3u7kxvRWle3Hw2YKT/GShz"},"_chains":{"BU90m4D8Yl4gE0kDcgAuRYzkWGNmz0Sy/udyL7BbROpK":{"chainKey":{"counter":0,"key":"cW8wVNkt3jBbtDEFMXz6RDmcfCG9yBfEDQHFgy19Kbo="},"chainType":2,"messageKeys":{}},"BQR8ikZ27sBTwB7yBnnq1sc6vkWIk83GQsr3HVq3y60C":{"chainKey":{"counter":-1,"key":"h81larS/MxhLJykLnEl0AQH9EFck5vByvD1OCSyVvMA="},"chainType":1,"messageKeys":{}}}}},"version":"v1"}