{"_sessions":{"Bc7+IDcy8TuO553+CM81Fw5Ou74/fM1RTyq7rWOhOYBa":{"registrationId":57,"currentRatchet":{"ephemeralKeyPair":{"pubKey":"BUVzlLnV9YA5MzCybWv22JkVh2ZeeWByQqwBGGk/FgJe","privKey":"gOOy1xS+EvyOzy6UrpD0w+GLkImwTQnl3THU7cDhYl4="},"lastRemoteEphemeralKey":"BaqDoMVh08x/Va8MI3T7cqNXRu3S7g+nn1eDflq531hv","previousCounter":0,"rootKey":"J/dO4YWQ0tulbPfiUNCUgRt+86rdcgOuj6timScQA6Y="},"indexInfo":{"baseKey":"Bc7+IDcy8TuO553+CM81Fw5Ou74/fM1RTyq7rWOhOYBa","baseKeyType":2,"closed":1753168424889,"used":1753168833655,"created":1753168400136,"remoteIdentityKey":"BcY+8Cs/ST32uE62x/Yfv3WaT/pbP5ZWQOuz+1pBD117"},"_chains":{"Bega4RDeVAbLVU7Poj6EcTNFjzsl16S/NAJGrtMYxytn":{"chainKey":{"counter":0},"chainType":2,"messageKeys":{}},"BaqDoMVh08x/Va8MI3T7cqNXRu3S7g+nn1eDflq531hv":{"chainKey":{"counter":0,"key":"4RfWwsCPvi6AZcn3RO9m7XRtTKwQce+rf9CL8ZShYnw="},"chainType":2,"messageKeys":{}},"BUVzlLnV9YA5MzCybWv22JkVh2ZeeWByQqwBGGk/FgJe":{"chainKey":{"counter":-1,"key":"Uvu7qGYU6Gqj0L0TGNibhWNbV5ff2XOyeTYDgJU4NV8="},"chainType":1,"messageKeys":{}}}},"BepWBHVSqfNgh0zcQxPEIFT71LBGgvc5JP7NaGyVdbkq":{"registrationId":57,"currentRatchet":{"ephemeralKeyPair":{"pubKey":"BQgMwPhV6NRFPhKeodJejAoCOaugK+H62uM9V2xzb08e","privKey":"iBSY9UgJUEWkFZkANpaHopYYA2T1ld7+oMZ9rw10kFs="},"lastRemoteEphemeralKey":"BaqDoMVh08x/Va8MI3T7cqNXRu3S7g+nn1eDflq531hv","previousCounter":-1,"rootKey":"9cih3AbI3pj/npL7fp2AVZvH0r6Lb0wrvDETY1sAX4w="},"indexInfo":{"baseKey":"BepWBHVSqfNgh0zcQxPEIFT71LBGgvc5JP7NaGyVdbkq","baseKeyType":2,"closed":1753168842448,"used":1753168424893,"created":1753168424893,"remoteIdentityKey":"BcY+8Cs/ST32uE62x/Yfv3WaT/pbP5ZWQOuz+1pBD117"},"_chains":{"Be1BBviKkeZoiLtvECI6oN511yOkDaR1mGqECTp7RaZO":{"chainKey":{"counter":1},"chainType":2,"messageKeys":{"0":"YQaik9LWk2UQZTtOwOqFWD9eKK7TsKTZs335PpeA8VQ="}},"BaqDoMVh08x/Va8MI3T7cqNXRu3S7g+nn1eDflq531hv":{"chainKey":{"counter":0,"key":"oR0PSvpivVGU9WkQixn/jw3p57dn+yHTYt6JVQ6JcZE="},"chainType":2,"messageKeys":{}},"BQgMwPhV6NRFPhKeodJejAoCOaugK+H62uM9V2xzb08e":{"chainKey":{"counter":-1,"key":"4eymOyfoV4tqpGiMPhscwG9CPh6HCAwntnQLrYYmuHU="},"chainType":1,"messageKeys":{}}}},"BbIRQ3OPRLIcjNald0XJJeRQ7jcf3Pp9NDp9vdVqj7c1":{"registrationId":57,"currentRatchet":{"ephemeralKeyPair":{"pubKey":"BZKCQl/b4MMy8EqBWiJEWIdrC0XVHTtuZJ9Q/2qVf+tK","privKey":"CFJNYPT38fOsRR27Eo0uyyneT2+gNXcKF1WpBatB3XA="},"lastRemoteEphemeralKey":"Ba+486RCFObfqHQLtDGWoYeP2D5+Nm8M6Fdru9ma+D8P","previousCounter":0,"rootKey":"DVYIZwuqR5iFmYcrolXjJ5mcOlLrVss1NaqvJuaxnKc="},"indexInfo":{"baseKey":"BbIRQ3OPRLIcjNald0XJJeRQ7jcf3Pp9NDp9vdVqj7c1","baseKeyType":2,"closed":1753171905170,"used":1753168842456,"created":1753168842456,"remoteIdentityKey":"BcY+8Cs/ST32uE62x/Yfv3WaT/pbP5ZWQOuz+1pBD117"},"_chains":{"Ba+486RCFObfqHQLtDGWoYeP2D5+Nm8M6Fdru9ma+D8P":{"chainKey":{"counter":2,"key":"kNIYN6UUUzwg6ypTvzds6JoLibOvE5nTVprs0Dtax3s="},"chainType":2,"messageKeys":{"1":"cpK/Kplv+Yf4JNo0KH/JBpWPJ+F9tbvUdZzwf+tjmGk="}},"BZKCQl/b4MMy8EqBWiJEWIdrC0XVHTtuZJ9Q/2qVf+tK":{"chainKey":{"counter":-1,"key":"6uOY8azoSGdSCS4ELtcVIWj6q0WgZjaklBUny4M41b0="},"chainType":1,"messageKeys":{}}}},"BfpAnFALISLYnqxBPpbg7qpdFtBTw/D+jr+PfFvjRdUQ":{"registrationId":57,"currentRatchet":{"ephemeralKeyPair":{"pubKey":"BWoy0nbft0Dh4b8FnFPaV6Vh4u7NCwmtOgrV4moT3Slc","privKey":"YJhgfsX8LZef3ArBFk/gUyI3u5rdE4ozRQyw1sRLYX4="},"lastRemoteEphemeralKey":"Ba5SBv6wxxlqoZ3iz+Zz+efrdNc8Y70i35C38FDDFIdz","previousCounter":0,"rootKey":"9EPznfkVetQPPaSt9nvvZ7/6Wkx6YtBe5kXgVeUbJKI="},"indexInfo":{"baseKey":"BfpAnFALISLYnqxBPpbg7qpdFtBTw/D+jr+PfFvjRdUQ","baseKeyType":2,"closed":1753171905715,"used":1753171905175,"created":1753171905175,"remoteIdentityKey":"BcY+8Cs/ST32uE62x/Yfv3WaT/pbP5ZWQOuz+1pBD117"},"_chains":{"Ba5SBv6wxxlqoZ3iz+Zz+efrdNc8Y70i35C38FDDFIdz":{"chainKey":{"counter":1,"key":"roF6IrhNYtS7RlBEaYsV+uSdf/Y1UA0T3XxGCuGzsj0="},"chainType":2,"messageKeys":{"0":"tLkDxS/Bt/gyOqUB+9FKFGP+ME2sDvEPB4trCvBdNHs="}},"BWoy0nbft0Dh4b8FnFPaV6Vh4u7NCwmtOgrV4moT3Slc":{"chainKey":{"counter":-1,"key":"rhL/C5baCB4XYquWfi7u4V8foLSGnzW4a4zkGtfJFpo="},"chainType":1,"messageKeys":{}}}},"Bb9ulN9HNBG1mjcZ1SukTWDSG2Zzv1IuFgfJw2nu/YoF":{"registrationId":57,"currentRatchet":{"ephemeralKeyPair":{"pubKey":"BQZar9Jy1zkKRc6ASYgK5wEKzp+Zq8vO76ZLZtlQKhZ+","privKey":"kByHCvvLVN/0RQqWnnJXI68WQTZJmTzaC3Hd7hWeqGM="},"lastRemoteEphemeralKey":"BSWRRQ/w1eqf8bQkpRc5fgG20CPM3pSrjDw3G7S03kgq","previousCounter":0,"rootKey":"H38dx45mcTN69qGYZXdynhzvsNoUKCrjsXgmz9X2+Rk="},"indexInfo":{"baseKey":"Bb9ulN9HNBG1mjcZ1SukTWDSG2Zzv1IuFgfJw2nu/YoF","baseKeyType":2,"closed":-1,"used":1753171905719,"created":1753171905719,"remoteIdentityKey":"BcY+8Cs/ST32uE62x/Yfv3WaT/pbP5ZWQOuz+1pBD117"},"_chains":{"BSWRRQ/w1eqf8bQkpRc5fgG20CPM3pSrjDw3G7S03kgq":{"chainKey":{"counter":1,"key":"ItvrEJD2RxYopdPRplRUrsGyHvyDWwFc2ok+vRGbxFA="},"chainType":2,"messageKeys":{"0":"cyYKM3XrUHiizL0DquDIG18e9HIqIay+wH6MTeg2wYs="}},"BQZar9Jy1zkKRc6ASYgK5wEKzp+Zq8vO76ZLZtlQKhZ+":{"chainKey":{"counter":-1,"key":"6ud8Hf1dMMIRZ4o/Oc8SAgU/jWb9c/NEBi6z9H6tuDM="},"chainType":1,"messageKeys":{}}}}},"version":"v1"}