{"_sessions":{"BbAkFaDCvNsDxMG0w8Ock/bDTyFSBSMaeyNrmj5dZucU":{"registrationId":521538354,"currentRatchet":{"ephemeralKeyPair":{"pubKey":"BR6+XgvCkif0xQCk2LfG3u34pqLJPfFjIOeJWmna0IVi","privKey":"4EsBiDeQ5vKQSzfRBiqZJ+J+QGXShtM33g8onqC1KWM="},"lastRemoteEphemeralKey":"Ba7AUjiuC9TNYfivpQBGdwVtjc50nc6El/US6Bbs+FYX","previousCounter":0,"rootKey":"LMjG8CxHWUWoR7aaPAf9R+A5DAeRuc490ioBuA1F+zI="},"indexInfo":{"baseKey":"BbAkFaDCvNsDxMG0w8Ock/bDTyFSBSMaeyNrmj5dZucU","baseKeyType":2,"closed":-1,"used":1753168032870,"created":1753168032870,"remoteIdentityKey":"BWP6GaZ4/Qd887LUPvElDvjxCvfLQhXOBr+tFxVw7YhX"},"_chains":{"Ba7AUjiuC9TNYfivpQBGdwVtjc50nc6El/US6Bbs+FYX":{"chainKey":{"counter":0,"key":"u5NhNrca4cFmS6fKcJc+wLZoceF6DOLDbq7ekF2fHFU="},"chainType":2,"messageKeys":{}},"BR6+XgvCkif0xQCk2LfG3u34pqLJPfFjIOeJWmna0IVi":{"chainKey":{"counter":-1,"key":"5a8ayuIhVh3Ev0w6vXXrse/7Wq0oLWpznefiyz1yF7Q="},"chainType":1,"messageKeys":{}}}}},"version":"v1"}