{"_sessions":{"BddGqPTWvZsZQOMbDZMphiGLlYmhRRVR0WBjmR7IH400":{"registrationId":492096414,"currentRatchet":{"ephemeralKeyPair":{"pubKey":"BcmEUNh3CI8i7XkKG2dnfQyD2YxoRrQIajsKYkYl1XcV","privKey":"4GWS/D4SClbSbZMIXCfutmSsOGufQR7dEUPzmAKxw28="},"lastRemoteEphemeralKey":"BfF91s6dvchadGn29tAKROz8iKa1Kx3dJgL9R3hnXBEK","previousCounter":0,"rootKey":"OSpHx/GPe8KYxkfUbu7tq6Vi70DcRjOon0izlmdcYwk="},"indexInfo":{"baseKey":"BddGqPTWvZsZQOMbDZMphiGLlYmhRRVR0WBjmR7IH400","baseKeyType":1,"closed":-1,"used":1753170896353,"created":1753170896353,"remoteIdentityKey":"BfHt4ThKXbIfIEThTKI9ZKgiPDskPt4P1eEzzueTeddq"},"_chains":{"BcmEUNh3CI8i7XkKG2dnfQyD2YxoRrQIajsKYkYl1XcV":{"chainKey":{"counter":0,"key":"20c5BKUe8PpG9YnuJd8PoF3XwKaXn3Yr5QbuTGNYLbM="},"chainType":1,"messageKeys":{}}},"pendingPreKey":{"signedKeyId":1,"baseKey":"BddGqPTWvZsZQOMbDZMphiGLlYmhRRVR0WBjmR7IH400","preKeyId":14214039}}},"version":"v1"}