{"_sessions":{"BcjJl28TBRHRCEnej/oUs5xnTTG4TYR1CIDoLIRdTh9n":{"registrationId":211157503,"currentRatchet":{"ephemeralKeyPair":{"pubKey":"BcP38Hy/L43pyetMfOJtVRkkob8I9inKFY9mEuURfakF","privKey":"6B/yTRLDkqpIx6eFabDD7egT18PnE9ag9cd/yr1pSkk="},"lastRemoteEphemeralKey":"BZLUgkjIVymF5g9Ns0K/CNGtHPprcVgkBzdT+9RJ0BFn","previousCounter":0,"rootKey":"gQMt06dKv1yDXVThE5tnsU2N2Inhr3EBOxI+HvLf6cY="},"indexInfo":{"baseKey":"BcjJl28TBRHRCEnej/oUs5xnTTG4TYR1CIDoLIRdTh9n","baseKeyType":1,"closed":-1,"used":1753174282156,"created":1753174282156,"remoteIdentityKey":"BaifNXvU6uy2Cq2E9E8SP7rr/VzXgAnjS36CAxO3ye0c"},"_chains":{"BcP38Hy/L43pyetMfOJtVRkkob8I9inKFY9mEuURfakF":{"chainKey":{"counter":0,"key":"Uz2ki8IwNBxOYXsCZ+VAk2rqE61lNEgJKJRre/VkgOE="},"chainType":1,"messageKeys":{}}},"pendingPreKey":{"signedKeyId":15766790,"baseKey":"BcjJl28TBRHRCEnej/oUs5xnTTG4TYR1CIDoLIRdTh9n","preKeyId":888}}},"version":"v1"}