{"_sessions":{"Be9UIJ6DcxgznT6JhHdMJfdy4EzF7U+TOv0P4l3YiD8a":{"registrationId":318908807,"currentRatchet":{"ephemeralKeyPair":{"pubKey":"BRg2GdvVDc6u7JaDi+mvK8ql4d1+7AkqOeZ91ekRkNAC","privKey":"mHG3Kve6/KDIrcWlC9SNY5qmvnkMYRSjX7WRFBEu8Go="},"lastRemoteEphemeralKey":"BSM4E6xu2SeHB8npHxXzAbhHyxDQES5PleCpfT+uXj15","previousCounter":0,"rootKey":"bzTUpHIGRzce7Rb6YEjCD3fvzZ9k+U/dEvJkppE0JjA="},"indexInfo":{"baseKey":"Be9UIJ6DcxgznT6JhHdMJfdy4EzF7U+TOv0P4l3YiD8a","baseKeyType":1,"closed":-1,"used":1753170896516,"created":1753170896516,"remoteIdentityKey":"Be+T7JSunveKdCl1GJYRDO05dEC6nrDG/dMQrKvmPI8C"},"_chains":{"BRg2GdvVDc6u7JaDi+mvK8ql4d1+7AkqOeZ91ekRkNAC":{"chainKey":{"counter":0,"key":"whlPsdWPw/Vc61ukeCfh5UTBmv4IWb2PAlcZSeKTHtw="},"chainType":1,"messageKeys":{}}},"pendingPreKey":{"signedKeyId":0,"baseKey":"Be9UIJ6DcxgznT6JhHdMJfdy4EzF7U+TOv0P4l3YiD8a","preKeyId":1114374}}},"version":"v1"}