{"_sessions":{"BUwKgZ4MZRgiN8ascXCrXhzhw6duZBNFSGtBVVTBabBg":{"registrationId":44,"currentRatchet":{"ephemeralKeyPair":{"pubKey":"Bd29NIl4WNR+QawCRBgALJDAg8ghEaqw5mPUTOqdAF8H","privKey":"CKnRdTMA7Aguuh0RZj1T/f1EwNARmmL5UwQdFChOWVw="},"lastRemoteEphemeralKey":"BYo+VqWMfT/c9gi1mIpFOtkytldYhqgkLDjTXZY3/Zwd","previousCounter":0,"rootKey":"luQwdJJuzBsq4/qjBNIbiKDeK8Lzyl4V7QlWsQiROYo="},"indexInfo":{"baseKey":"BUwKgZ4MZRgiN8ascXCrXhzhw6duZBNFSGtBVVTBabBg","baseKeyType":1,"closed":-1,"used":1753170896278,"created":1753170896278,"remoteIdentityKey":"BbPIrr/K/jhC5d8aGtlQP1NkWeLRkZXbLXsn4sCZ3QM1"},"_chains":{"Bd29NIl4WNR+QawCRBgALJDAg8ghEaqw5mPUTOqdAF8H":{"chainKey":{"counter":0,"key":"CTGO/KYdSQp2abVtGhwNtzey/AZ/nlXA4GwxrT1WRyc="},"chainType":1,"messageKeys":{}}},"pendingPreKey":{"signedKeyId":1,"baseKey":"BUwKgZ4MZRgiN8ascXCrXhzhw6duZBNFSGtBVVTBabBg"}}},"version":"v1"}