{"_sessions":{"Bb8Q/reFEXmPcBZpUL8P7VizQ5otJ/uN2yEA4H2wAOUd":{"registrationId":445747520,"currentRatchet":{"ephemeralKeyPair":{"pubKey":"BQ0xDUlMrzQGIVyYaYmvZ7lsJLF0drdn1vsi/fbMf7tt","privKey":"IMKYd9v1mZ53uD8D+GlZPfLNtIwq1EyqA2wERZJlElQ="},"lastRemoteEphemeralKey":"Bb0x98LQTb9AcN3qNmaZH67pAwpuJL9b30Pg4BP9Jq05","previousCounter":0,"rootKey":"ynY0epVKD/DSwASNewh+ctAFAHQvenpGhaUq4smxLl0="},"indexInfo":{"baseKey":"Bb8Q/reFEXmPcBZpUL8P7VizQ5otJ/uN2yEA4H2wAOUd","baseKeyType":1,"closed":-1,"used":1753170896378,"created":1753170896378,"remoteIdentityKey":"BaN9PadEDUXT4fF69ksF2fkUZifOlJXB8An+VHQrD40u"},"_chains":{"BQ0xDUlMrzQGIVyYaYmvZ7lsJLF0drdn1vsi/fbMf7tt":{"chainKey":{"counter":0,"key":"wDmw592lCAvRAGloeA1M0uOViix9c4k2TVXPiVFPxq8="},"chainType":1,"messageKeys":{}}},"pendingPreKey":{"signedKeyId":2,"baseKey":"Bb8Q/reFEXmPcBZpUL8P7VizQ5otJ/uN2yEA4H2wAOUd"}}},"version":"v1"}