{"_sessions":{"BcBbd2jh6vG/Tk0mqSI8NH7E7WUMQqN9KgvjdwmsEOtK":{"registrationId":1675296035,"currentRatchet":{"ephemeralKeyPair":{"pubKey":"BVggCjkccDIJeWLgME/QYG+l55Sm35LKquCz7fTwrl4V","privKey":"+LNEspBj4LE+Of0xgsv2hx8KKJQgA01/TyrjCGWqoVw="},"lastRemoteEphemeralKey":"BSIf18EM+7GvHM8MDlHo8OFO5Z2QBvUmOr5fX4AX+YAq","previousCounter":0,"rootKey":"ulIUEGER15EqL8AGvinl2G83jxcwRJsq1Eu1oSIcjMI="},"indexInfo":{"baseKey":"BcBbd2jh6vG/Tk0mqSI8NH7E7WUMQqN9KgvjdwmsEOtK","baseKeyType":1,"closed":-1,"used":1753170896571,"created":1753170896571,"remoteIdentityKey":"BbTd3kz8lWBiVBehNKu99BT/ZaHPXdJdxwj22EPVpokj"},"_chains":{"BVggCjkccDIJeWLgME/QYG+l55Sm35LKquCz7fTwrl4V":{"chainKey":{"counter":0,"key":"lzws9j9bSoa0EHB3o8lHExnCYO+t8VPx+xBzjSmgBWM="},"chainType":1,"messageKeys":{}}},"pendingPreKey":{"signedKeyId":2,"baseKey":"BcBbd2jh6vG/Tk0mqSI8NH7E7WUMQqN9KgvjdwmsEOtK","preKeyId":12564523}}},"version":"v1"}