{"_sessions":{"BY1PjxdOHKIR4frqL+R9GpoLqbAYMUcXMECWwXRbc/Nf":{"registrationId":1402612418,"currentRatchet":{"ephemeralKeyPair":{"pubKey":"BQW0r4SjL6zAL/sNDYa2LvIkTPWg6+tqaHy/uc2h5ORY","privKey":"KPb5NtVocj3mecDRIXD8kizHg1pYLNq16CU71AYxjHg="},"lastRemoteEphemeralKey":"BdXqBi4c5ymovmbUfKWwwy4lwRomUqKC6oXF3ScefS9/","previousCounter":0,"rootKey":"zOS0co3NRKSXsrB9abaqFPsLH1ysJfyQfFwBr/fzXnI="},"indexInfo":{"baseKey":"BY1PjxdOHKIR4frqL+R9GpoLqbAYMUcXMECWwXRbc/Nf","baseKeyType":1,"closed":-1,"used":1753170896463,"created":1753170896463,"remoteIdentityKey":"Bf027+fMkYIjsZA+IZ3AP6eM9mf6zAwKSBdSNdREGAIK"},"_chains":{"BQW0r4SjL6zAL/sNDYa2LvIkTPWg6+tqaHy/uc2h5ORY":{"chainKey":{"counter":0,"key":"h8IxyA8xz0qup30PAwzohMeWUHBb8aVuIE6rN/xhDOE="},"chainType":1,"messageKeys":{}}},"pendingPreKey":{"signedKeyId":1,"baseKey":"BY1PjxdOHKIR4frqL+R9GpoLqbAYMUcXMECWwXRbc/Nf","preKeyId":4124366}}},"version":"v1"}