{"_sessions":{"BddE5+HA3JTMzV5sSih6yKMQLkjIhrLtT/4YwCFke44o":{"registrationId":1310881477,"currentRatchet":{"ephemeralKeyPair":{"pubKey":"BWMgx6chqxTwV8vT4lBi0D7aql55gxn2Tmu9Vl+Ej6pJ","privKey":"yE6sJrOYICm9/Di6MtlT76N9N3V+pncIlGFhlQQI8Uc="},"lastRemoteEphemeralKey":"BZ1JhnmD+Pib5uFN4tJ6YH2OoEml+4FpMHdo2Dpc+Ykp","previousCounter":0,"rootKey":"Pk9dm4InZGhGVKPDBhtS2CYxerS6M6e408bwAz2unb0="},"indexInfo":{"baseKey":"BddE5+HA3JTMzV5sSih6yKMQLkjIhrLtT/4YwCFke44o","baseKeyType":2,"closed":-1,"used":1753167963246,"created":1753167963246,"remoteIdentityKey":"Be3FBrWk7hZb6nscAhDnjwgbd0peUhJmCUSyicLI45Q1"},"_chains":{"BZ1JhnmD+Pib5uFN4tJ6YH2OoEml+4FpMHdo2Dpc+Ykp":{"chainKey":{"counter":0,"key":"teAiQvpCpitYtZCFfF8KnKyiltBgyCV5vYq9Jvhi4Cs="},"chainType":2,"messageKeys":{}},"BWMgx6chqxTwV8vT4lBi0D7aql55gxn2Tmu9Vl+Ej6pJ":{"chainKey":{"counter":0,"key":"eoHkLKfewNpS0/M4O0IRjsDN8DfgBA//Eap3gxyidoE="},"chainType":1,"messageKeys":{}}}}},"version":"v1"}