{"_sessions":{"BTid8tB15IsNnquwmRSa+KxivtGjthb5HaElNiH4aT8i":{"registrationId":1106529918,"currentRatchet":{"ephemeralKeyPair":{"pubKey":"BXf1pKnezYccPcR8OV4mZqyJR3Lis9rsHcg4YDqlt2hB","privKey":"cI/hlqaEhzAIXhD9p2+l6UqCjI+dVbSotnxXaKc9r28="},"lastRemoteEphemeralKey":"BaQwwgRggnzMRtvMKqXleU2WBpoJHNokQk0OVvRX+YIZ","previousCounter":0,"rootKey":"MJXkxdVhbjuvg48GoKUREoFuHm6y0q2e0st3rX+eZj0="},"indexInfo":{"baseKey":"BTid8tB15IsNnquwmRSa+KxivtGjthb5HaElNiH4aT8i","baseKeyType":1,"closed":-1,"used":1753170896443,"created":1753170896443,"remoteIdentityKey":"BedYuNfkbz0ru5Qpo9/KuogGsgq4rZWjntGcgp12o11S"},"_chains":{"BXf1pKnezYccPcR8OV4mZqyJR3Lis9rsHcg4YDqlt2hB":{"chainKey":{"counter":0,"key":"mKToeld9Jd6Bth3kc0ZsH/KK6iBY1TXq+2ZQSS9YP5E="},"chainType":1,"messageKeys":{}}},"pendingPreKey":{"signedKeyId":1,"baseKey":"BTid8tB15IsNnquwmRSa+KxivtGjthb5HaElNiH4aT8i","preKeyId":482585}}},"version":"v1"}