{"_sessions":{"BfOE5bXNAHfdUXkViCk3h1X8t5fnMe9XpDQcHfbSX1Mx":{"registrationId":223773009,"currentRatchet":{"ephemeralKeyPair":{"pubKey":"BQClfzN/jiEL/LykskCUlfAMjuAxEriURdNgG+rbSRFX","privKey":"yFtVdEaZTIf7mM+iJljUjUb4hc+Me9ESuVD+FcHBanc="},"lastRemoteEphemeralKey":"BUHzZusVGeNElyxxTV0v3rbV/PKPhtMyKSZ58vrWvh4t","previousCounter":0,"rootKey":"OMJILJXuHlaoQFNis3marwWQr/mgLNwag3E89VsHb0M="},"indexInfo":{"baseKey":"BfOE5bXNAHfdUXkViCk3h1X8t5fnMe9XpDQcHfbSX1Mx","baseKeyType":1,"closed":-1,"used":1753170896554,"created":1753170896554,"remoteIdentityKey":"BXENVAD3+bnXYISMvd6CnL5vTDtGYSz6ILN2rFYljZYv"},"_chains":{"BQClfzN/jiEL/LykskCUlfAMjuAxEriURdNgG+rbSRFX":{"chainKey":{"counter":0,"key":"Y3Kk890n1upxxx6SAzqsUrvHnPj1Aiyq2aKnWjthpQU="},"chainType":1,"messageKeys":{}}},"pendingPreKey":{"signedKeyId":0,"baseKey":"BfOE5bXNAHfdUXkViCk3h1X8t5fnMe9XpDQcHfbSX1Mx"}}},"version":"v1"}