{"_sessions":{"BU0aarrJe5lPxNVbqLGWqdMzwT52Nw+pnCDX1UR4DA16":{"registrationId":170952632,"currentRatchet":{"ephemeralKeyPair":{"pubKey":"Bb91kNIOGE3tv8SbFmoXjAMsYh2mapJ5S+LNyt1kfhAO","privKey":"8Auoo5Y2vH6z1eP8Dt2Hux62KfM2SnGUTkBYje4MdUM="},"lastRemoteEphemeralKey":"BaDzl7X5Kl0yvyPParuo+LXmh0C2ZHgWV0HRuIwmM2Mz","previousCounter":0,"rootKey":"M7VWa2C62zN4N548ZHlt0bwCq8puwKLy6qNDjvyEttM="},"indexInfo":{"baseKey":"BU0aarrJe5lPxNVbqLGWqdMzwT52Nw+pnCDX1UR4DA16","baseKeyType":1,"closed":-1,"used":1753174282126,"created":1753174282126,"remoteIdentityKey":"BSwmvgYLj0/+tog2G+R3jIf6IYsrFY2jR8P2sazmfvA8"},"_chains":{"Bb91kNIOGE3tv8SbFmoXjAMsYh2mapJ5S+LNyt1kfhAO":{"chainKey":{"counter":0,"key":"MAW3Orf2Nrjwarb13QUDyrspfDl/lpR22RS8byZ4Cf0="},"chainType":1,"messageKeys":{}}},"pendingPreKey":{"signedKeyId":9,"baseKey":"BU0aarrJe5lPxNVbqLGWqdMzwT52Nw+pnCDX1UR4DA16","preKeyId":5999018}}},"version":"v1"}