{"_sessions":{"BW/H6i3WodGqTVpQVRBmViOf/hxb5dPLruz3rt8aXYwO":{"registrationId":463513124,"currentRatchet":{"ephemeralKeyPair":{"pubKey":"BcbV1XTcWIhyty/+hRQU8oB+i8Ul1e0pnW8l17kQu7wU","privKey":"AOMBzgrrDa567q8ugBmj5MPKR+QZoz6k14L0v8+Ej0Q="},"lastRemoteEphemeralKey":"BVaYhUoL6cVF5KRfjFq7LY4KVKDIJrdJRY2CnlkIBxY3","previousCounter":0,"rootKey":"8sPdIj6fIonX3WEIrYAJOLaAWPsBNw0tIXBbUSIN0Pk="},"indexInfo":{"baseKey":"BW/H6i3WodGqTVpQVRBmViOf/hxb5dPLruz3rt8aXYwO","baseKeyType":1,"closed":-1,"used":1753170896599,"created":1753170896599,"remoteIdentityKey":"BSuhXOJ6kUM7DT6deoww1rEpqvRfC4BDkSpOc+nyfzwU"},"_chains":{"BcbV1XTcWIhyty/+hRQU8oB+i8Ul1e0pnW8l17kQu7wU":{"chainKey":{"counter":0,"key":"b2OzyQDfFP5wpFtGRomZ4SwqHWnEHjmYtjetGpaYHKE="},"chainType":1,"messageKeys":{}}},"pendingPreKey":{"signedKeyId":1,"baseKey":"BW/H6i3WodGqTVpQVRBmViOf/hxb5dPLruz3rt8aXYwO","preKeyId":14521527}}},"version":"v1"}