{"_sessions":{"BUsh+qyBd4NsBTfk7wJP/xPlnEqgL6ZZzcs6/QH7POY2":{"registrationId":192,"currentRatchet":{"ephemeralKeyPair":{"pubKey":"BXR6GOC7bqoQaYhCxcEE7afrtBvPnXeBEjJgw8Ve8cwE","privKey":"yHlzos7uqZM0JH9XAXEaVTAo25S48evO8usSjex6y08="},"lastRemoteEphemeralKey":"BXKG4fKbuHeaMNbr7QpbAL+G0UkbMYvJ+i0AyGoprpVN","previousCounter":0,"rootKey":"zhGq6W5i77c9q9Pp8rID9Zh6sZOES0wfUuDpaAEQ5rI="},"indexInfo":{"baseKey":"BUsh+qyBd4NsBTfk7wJP/xPlnEqgL6ZZzcs6/QH7POY2","baseKeyType":1,"closed":-1,"used":1753174282089,"created":1753174282089,"remoteIdentityKey":"BYS2SbtNzqV3BK86ao3AFLete9VhZAmpfYHP90Vv7W99"},"_chains":{"BXR6GOC7bqoQaYhCxcEE7afrtBvPnXeBEjJgw8Ve8cwE":{"chainKey":{"counter":0,"key":"luhc21bhedZHG8vlzFZZEmRPfqrQ6MSJ35mPN9xMMQs="},"chainType":1,"messageKeys":{}}},"pendingPreKey":{"signedKeyId":1,"baseKey":"BUsh+qyBd4NsBTfk7wJP/xPlnEqgL6ZZzcs6/QH7POY2"}}},"version":"v1"}