{"_sessions":{"BWM7G9cpiB1sH/GALBtDsRf3H/UpNiQCk8fSZI3apGkW":{"registrationId":991652626,"currentRatchet":{"ephemeralKeyPair":{"pubKey":"BfZjj5XX8EXdm+4tOWGBYylugYSaRN2Djyw2fQK15YBb","privKey":"aNtJcXv2hOkhenGjwd3f8acab+M6qtXlrbejjhzO3HI="},"lastRemoteEphemeralKey":"BQ1Z25VJmK8Z5nDtUxPcRnZUPBsfYdg8VocuB54eMwx0","previousCounter":0,"rootKey":"jcnKrh+yKEdHpriVNiiU8bWyqF9Ui+60puzEg9LJR4Y="},"indexInfo":{"baseKey":"BWM7G9cpiB1sH/GALBtDsRf3H/UpNiQCk8fSZI3apGkW","baseKeyType":1,"closed":1753173702707,"used":1753170896398,"created":1753170896398,"remoteIdentityKey":"BXcwpLM0BxA5qhVlfRYhJAIUKhWGwt5whIwLXHmzPX8N"},"_chains":{"BfZjj5XX8EXdm+4tOWGBYylugYSaRN2Djyw2fQK15YBb":{"chainKey":{"counter":0,"key":"RG3/p7T++4fb0aCu7piWiq9hygmu0gK2EezcEdLz4V8="},"chainType":1,"messageKeys":{}}},"pendingPreKey":{"signedKeyId":1,"baseKey":"BWM7G9cpiB1sH/GALBtDsRf3H/UpNiQCk8fSZI3apGkW"}},"Bb3jJA1JPW8OTw3xvdGvhOqSwikP5LGX5dWx6krSEKJx":{"registrationId":1368559986,"currentRatchet":{"ephemeralKeyPair":{"pubKey":"BaLBsgRmRiU/p1UwTq96B7o7BXXxHUcP8HNIN8yLM94U","privKey":"oO0Z8bVLE23nWqflkNY0YBkmhHZsKEBBiEhjhvwtCk0="},"lastRemoteEphemeralKey":"BVb9JjudAEvZWIJdngNRy1nyJ8eV5IQQ7gX9I+O8Zich","previousCounter":0,"rootKey":"8T3kRPeoputM5n8oHuwjyFthfrEjsoU29PjfR4qIxMk="},"indexInfo":{"baseKey":"Bb3jJA1JPW8OTw3xvdGvhOqSwikP5LGX5dWx6krSEKJx","baseKeyType":2,"closed":-1,"used":1753173702713,"created":1753173702713,"remoteIdentityKey":"BaV5W9DPX9tgnZ6onvdxqWb58VGVzlgfc0k71uRjbX5J"},"_chains":{"BVb9JjudAEvZWIJdngNRy1nyJ8eV5IQQ7gX9I+O8Zich":{"chainKey":{"counter":2,"key":"hOL9xCca1/pK4Kg5fIsnA3U7I2Ki6aItIQJ0695KhTI="},"chainType":2,"messageKeys":{}},"BaLBsgRmRiU/p1UwTq96B7o7BXXxHUcP8HNIN8yLM94U":{"chainKey":{"counter":-1,"key":"/cKXXP//yWP/4cMMNsA8yI0iMedsEogDLHlghdrnz1k="},"chainType":1,"messageKeys":{}}}}},"version":"v1"}