{"_sessions":{"BeoVz1oWPFK+qm632a/cPoYYkKIz9+TyNSIWd8a/E7Rz":{"registrationId":1716955824,"currentRatchet":{"ephemeralKeyPair":{"pubKey":"BRXQeiIi/YGZkY6FdaAh2P21Tq9afofmfdtTjJqskGcI","privKey":"uG9cHgEb/ZNd3l1egQ7RrYeiRJ3hZOFIslJYVlgcqHE="},"lastRemoteEphemeralKey":"BWzOrZes/fg2GQYoyOguu6nHtVS/Mvrt3TtdLqOg9rgt","previousCounter":0,"rootKey":"1/yrzCPsnoojAq2L2qlvmX0RTaNm/pz+LoiQjVWRmrI="},"indexInfo":{"baseKey":"BeoVz1oWPFK+qm632a/cPoYYkKIz9+TyNSIWd8a/E7Rz","baseKeyType":1,"closed":-1,"used":1753170896505,"created":1753170896505,"remoteIdentityKey":"BdsFwju/GsoLDeh3C5hW7zRjxDOYXq2cOjlvZlIhq15i"},"_chains":{"BRXQeiIi/YGZkY6FdaAh2P21Tq9afofmfdtTjJqskGcI":{"chainKey":{"counter":0,"key":"ABucGzVpI9+MEBCMQ1h4yetdtI6xRXqfi4GmW7nA6RE="},"chainType":1,"messageKeys":{}}},"pendingPreKey":{"signedKeyId":2,"baseKey":"BeoVz1oWPFK+qm632a/cPoYYkKIz9+TyNSIWd8a/E7Rz","preKeyId":8947648}}},"version":"v1"}