{"_sessions":{"BSFexGvgX0i6Gl4yPOCxpDNx0DBT4wMcp1Y0azLJFOZK":{"registrationId":1186249743,"currentRatchet":{"ephemeralKeyPair":{"pubKey":"BYSQjQDiydHgsd4IzN7TBSzWmvgIoMh4l81k+6xntad/","privKey":"CMe0m/lCxZcmcf0l4chokDkRD1sc/ikbk4KJ9/fcp0U="},"lastRemoteEphemeralKey":"BVa9gagYDFvcLt9AsL7laWGRSE5f2wnw/pv3Xmu4b+MQ","previousCounter":0,"rootKey":"fkceat+Yv8GXsSIQLn911aGgpi9CGr63KnPW5GM6fAs="},"indexInfo":{"baseKey":"BSFexGvgX0i6Gl4yPOCxpDNx0DBT4wMcp1Y0azLJFOZK","baseKeyType":1,"closed":-1,"used":1753170896243,"created":1753170896243,"remoteIdentityKey":"BVU2pJxPDOQXSGTvZehkK4WgnRCO6JihvIw8fHIqG48d"},"_chains":{"BYSQjQDiydHgsd4IzN7TBSzWmvgIoMh4l81k+6xntad/":{"chainKey":{"counter":0,"key":"0IBSMSagzrJpEPLoLxG0LTo4dpHKgP4zYwsoSms7mqk="},"chainType":1,"messageKeys":{}}},"pendingPreKey":{"signedKeyId":1,"baseKey":"BSFexGvgX0i6Gl4yPOCxpDNx0DBT4wMcp1Y0azLJFOZK","preKeyId":590}}},"version":"v1"}