{"_sessions":{"Be355rvpNLoFtLw/KQSxErIt0EBQ+Y9fbS/PL09UUi15":{"registrationId":382323025,"currentRatchet":{"ephemeralKeyPair":{"pubKey":"BeV39Ge92EIGZ62GQmfElZkvxk3bvy+IVA29u4RugQ5n","privKey":"qHyBwwFiWMw7pqkL1O3/ecYoBrGfo8mRx8zC0T6THH4="},"lastRemoteEphemeralKey":"BaFKVxXFNuAn4o9rZdMYfNwOo1lHnbu7O5WRunGZ0htH","previousCounter":0,"rootKey":"YkTn6AiMwdJbhu5xiJE3WIfoK6sn+Tj4x61ajn851Oc="},"indexInfo":{"baseKey":"Be355rvpNLoFtLw/KQSxErIt0EBQ+Y9fbS/PL09UUi15","baseKeyType":1,"closed":-1,"used":1753170896333,"created":1753170896333,"remoteIdentityKey":"BaDhZSMpvW/XUMkWZQ+CR4LXYkNhDWTN/foa1QBq/qJf"},"_chains":{"BeV39Ge92EIGZ62GQmfElZkvxk3bvy+IVA29u4RugQ5n":{"chainKey":{"counter":0,"key":"XvYNgjrlndp1d3m2FeatpJyO0uGWG72A0qQRY3SOZT8="},"chainType":1,"messageKeys":{}}},"pendingPreKey":{"signedKeyId":0,"baseKey":"Be355rvpNLoFtLw/KQSxErIt0EBQ+Y9fbS/PL09UUi15","preKeyId":12686691}}},"version":"v1"}