{"_sessions":{"BUhnbD83cGAtlxev40k6LQVaUwkplFasUtJabHiTNzQi":{"registrationId":577613912,"currentRatchet":{"ephemeralKeyPair":{"pubKey":"BW23O1LQ0hgfZiMCN0XzUciTGYf4sglUF5tVdCAZj2YE","privKey":"QHxJ0qMG2BH/76b2cowa+I7uMnZKKHJ6X+0ZGejnxUE="},"lastRemoteEphemeralKey":"BS7po+TLVPLELxMjuzFCXrWg8vUy7o1I0J2VAlNB7/YC","previousCounter":0,"rootKey":"EUbggCQHfHqcrk+Iq5xik4NgD5nIvikPGQLr3roTIIU="},"indexInfo":{"baseKey":"BUhnbD83cGAtlxev40k6LQVaUwkplFasUtJabHiTNzQi","baseKeyType":1,"closed":-1,"used":1753170896618,"created":1753170896618,"remoteIdentityKey":"BX5idth7HKOSbus7IugnhPzzGRt+qGFhT3bwOudz4r1A"},"_chains":{"BW23O1LQ0hgfZiMCN0XzUciTGYf4sglUF5tVdCAZj2YE":{"chainKey":{"counter":0,"key":"9H9SSYkb7Ep4xTohCM3dV1HZ6nGODAcGQFbs2r/gHhY="},"chainType":1,"messageKeys":{}}},"pendingPreKey":{"signedKeyId":3,"baseKey":"BUhnbD83cGAtlxev40k6LQVaUwkplFasUtJabHiTNzQi","preKeyId":2310822}}},"version":"v1"}