{"_sessions":{"BTAqh0s0KxvCMYjtTUNK0vFtu3r32R27Vja8IIVAhSdU":{"registrationId":1323449515,"currentRatchet":{"ephemeralKeyPair":{"pubKey":"BXwRs81Zl3wG+TqtsVScS9cVB6qOVHHmR48W27gmHZR2","privKey":"0KHPYCovVZMUBAfWmrHgtcpAeraj2uqrrCzGFuBVGmU="},"lastRemoteEphemeralKey":"BWbLnuuTKH1P+Bu+mOfPu+LeKanaenRe00mRASfaBPQO","previousCounter":0,"rootKey":"qc851HuACHC4QfS2CNVsa+sBlOWgGn6idgkj7cUv4N0="},"indexInfo":{"baseKey":"BTAqh0s0KxvCMYjtTUNK0vFtu3r32R27Vja8IIVAhSdU","baseKeyType":1,"closed":-1,"used":1753170896526,"created":1753170896526,"remoteIdentityKey":"BQYhXnZTFjXHR06l2rMyL/xH808ThwYkH1NNvMbtF6AG"},"_chains":{"BXwRs81Zl3wG+TqtsVScS9cVB6qOVHHmR48W27gmHZR2":{"chainKey":{"counter":0,"key":"pUZm05hMClFlbeV+Hp2KopgzDuljKzNsaV8mo4nTF48="},"chainType":1,"messageKeys":{}}},"pendingPreKey":{"signedKeyId":1,"baseKey":"BTAqh0s0KxvCMYjtTUNK0vFtu3r32R27Vja8IIVAhSdU","preKeyId":13063720}}},"version":"v1"}