{"_sessions":{"BZpS7gHo7DCcM796KIKj4gKCnPQ1ICqsbm2/3eweuo1J":{"registrationId":5782,"currentRatchet":{"ephemeralKeyPair":{"pubKey":"BfqSP+ce8/KIaIru6PdZCVfpV9MFsl3MxDiLqZwrIdsp","privKey":"8EsEVTva8vLp17vnrkjDn5SLqxswUSyA0JCZoyGakUU="},"lastRemoteEphemeralKey":"BRnRn4eYw4Fii51ZSe5Lt9+0GIMBKxXoAiJT7/14c7ZR","previousCounter":0,"rootKey":"IcI2xOZlr+0XAnbW+tIJzl+3MmQPArgYFA/5oNQSt+4="},"indexInfo":{"baseKey":"BZpS7gHo7DCcM796KIKj4gKCnPQ1ICqsbm2/3eweuo1J","baseKeyType":1,"closed":-1,"used":1753170896229,"created":1753170896229,"remoteIdentityKey":"BYeC+XhGZ+d3yWwz+BYxOZEtPQdfw/nEHtlSlGW/D+Uh"},"_chains":{"BfqSP+ce8/KIaIru6PdZCVfpV9MFsl3MxDiLqZwrIdsp":{"chainKey":{"counter":0,"key":"cGgS6Ufh2AwL7wevASs9DIsPnOeDV7eA9EQmEu3gcBU="},"chainType":1,"messageKeys":{}}},"pendingPreKey":{"signedKeyId":1,"baseKey":"BZpS7gHo7DCcM796KIKj4gKCnPQ1ICqsbm2/3eweuo1J","preKeyId":289}}},"version":"v1"}