{"_sessions":{"BW4UoTB8pTBvfDYsG56WqpF60grCwvxrwZYZAh5QLggr":{"registrationId":1281853501,"currentRatchet":{"ephemeralKeyPair":{"pubKey":"Bf1283wzhdK6mYxfhUqCIIhQOLxQSpk2TX7W8UvGyMpQ","privKey":"KOAHFry7Suk0cTaj6hTj9Pan+mwgBGBNC086DTYOGFY="},"lastRemoteEphemeralKey":"BZupLMaJ15bP2kpeknWyjuYj3ec4auNEEJu7cgRi94Fq","previousCounter":0,"rootKey":"TJ56cy2CDC+5G5x9Xe1ZICenz0EofAaXvojGZusUv04="},"indexInfo":{"baseKey":"BW4UoTB8pTBvfDYsG56WqpF60grCwvxrwZYZAh5QLggr","baseKeyType":2,"closed":-1,"used":1753168368794,"created":1753168368794,"remoteIdentityKey":"BT1GCsI+pJq/7yYlcuUN+Rpox1hvf2PiirWWiwjwTl8I"},"_chains":{"BZupLMaJ15bP2kpeknWyjuYj3ec4auNEEJu7cgRi94Fq":{"chainKey":{"counter":0,"key":"dqoLieuMbd5ddd8qtfPCqYEswZ0iC2DSKFLbHEfdWr0="},"chainType":2,"messageKeys":{}},"Bf1283wzhdK6mYxfhUqCIIhQOLxQSpk2TX7W8UvGyMpQ":{"chainKey":{"counter":-1,"key":"AKjHqY0EIW9SpOCzBseRJCURRkeUyVl+BjvNlRdVkDA="},"chainType":1,"messageKeys":{}}}}},"version":"v1"}