{"_sessions":{"BR0djLqoVq1VY0VZHCUkVx8Gdm9wr6YG32us5rTC40Ri":{"registrationId":1899928603,"currentRatchet":{"ephemeralKeyPair":{"pubKey":"BVAEdd060zMauoWFhcgKSriF5SxEu1vw4aA7L4OR9A0p","privKey":"UCmbiWvyD4myfwyBSf5tfuin8APP8JNwz3zJ8Le0AXw="},"lastRemoteEphemeralKey":"BUS/OuI7n0aLMEy4XbSQa8x8gayEX1DWbCUabGA5rTEf","previousCounter":0,"rootKey":"7Vzd566I2WEil2l6h2i25ySuKc1urGYKZkry/H+1Zkw="},"indexInfo":{"baseKey":"BR0djLqoVq1VY0VZHCUkVx8Gdm9wr6YG32us5rTC40Ri","baseKeyType":2,"closed":1753168798771,"used":1753168724604,"created":1753167949224,"remoteIdentityKey":"BWhN8Sj0zbYmG1PSkIefnqoib6iZ0jEd+tBrxJwjT00b"},"_chains":{"Bd/a8gbekIHY5fyfPFK2Co58FJAyH9SakVILwUqNNhYL":{"chainKey":{"counter":49},"chainType":2,"messageKeys":{}},"BUS/OuI7n0aLMEy4XbSQa8x8gayEX1DWbCUabGA5rTEf":{"chainKey":{"counter":10,"key":"jNkpMjvZZ7c+tS0wYC95c1H6OMihUhIS+bSqFma54E0="},"chainType":2,"messageKeys":{}},"BVAEdd060zMauoWFhcgKSriF5SxEu1vw4aA7L4OR9A0p":{"chainKey":{"counter":-1,"key":"PpE6ZzCKBYgJVZ9X4ILfI5KGFamVZ15ZGbf+Es+3xcI="},"chainType":1,"messageKeys":{}}}},"Bf6x3eOS0BrfixrXVpc+u835VsQudK1x8+VKilqiAa9H":{"registrationId":1899928603,"currentRatchet":{"ephemeralKeyPair":{"pubKey":"BQQMZ21v2/BGIfMsi68AqzQEqIClU+Uv/AkFBL6ntI05","privKey":"UMkhJhkT8aewWBMwfoV9PWpy/KSSuPfOdPJ6eS2M3UQ="},"lastRemoteEphemeralKey":"BUajhnG79yGTcLywgKpjiN6pkwDCFVH/NRpGc10Suv5F","previousCounter":0,"rootKey":"MNqr2DtgUwFi0VzoKzXX5QGslRShUZSzWAsE+GEqeKA="},"indexInfo":{"baseKey":"Bf6x3eOS0BrfixrXVpc+u835VsQudK1x8+VKilqiAa9H","baseKeyType":2,"closed":-1,"used":1753174614557,"created":1753168798785,"remoteIdentityKey":"BWhN8Sj0zbYmG1PSkIefnqoib6iZ0jEd+tBrxJwjT00b"},"_chains":{"BZ/wYOG9onrt6vHiDZYkh4otDs3XkfOnkOQCTNMSKK5e":{"chainKey":{"counter":74},"chainType":2,"messageKeys":{"0":"wvoY8YBtGpdUPHgoFw1SgAlzk1iueM/CKg4gs+AXdn0="}},"BRXjuoZ4AXzrkhZFh6o+wjlKBVRGA67nveEVEDi/odA+":{"chainKey":{"counter":83},"chainType":2,"messageKeys":{}},"BUajhnG79yGTcLywgKpjiN6pkwDCFVH/NRpGc10Suv5F":{"chainKey":{"counter":1,"key":"ste9oUNG5utPQFXnkvSOXUKXjE7d0Lfy1zzAwKjNfl4="},"chainType":2,"messageKeys":{}},"BQQMZ21v2/BGIfMsi68AqzQEqIClU+Uv/AkFBL6ntI05":{"chainKey":{"counter":-1,"key":"Cu8UqMjKR3xLEBhT7X5SsqWQ5i00cYTWE8F+C3s2EtM="},"chainType":1,"messageKeys":{}}}}},"version":"v1"}