{"_sessions":{"BS1oEueLLJDTKUhg44eCDR8aF2tM7ie80P2zJxJ2Qlkx":{"registrationId":222,"currentRatchet":{"ephemeralKeyPair":{"pubKey":"BX7XRQw4d45AfbxCznwnw2V7WDY4fgmVcxvQh30zHBsA","privKey":"KMEzcq4tx6hoJ2pfG7tPYvBXx5+BBNi86hUXkOciVkY="},"lastRemoteEphemeralKey":"BbBW/zP69eMh9duCj7fZ/vinVPN6qc3cXnqpparcc2Mo","previousCounter":0,"rootKey":"k2XBSitRj+QS1DBFFXZzFg1F1Qyivhr/vTVU2yQYK6A="},"indexInfo":{"baseKey":"BS1oEueLLJDTKUhg44eCDR8aF2tM7ie80P2zJxJ2Qlkx","baseKeyType":2,"closed":-1,"used":1753168498441,"created":1753168498441,"remoteIdentityKey":"BWrUFwJRjmZv5tFuuUsazMACon+BaRYguA8zIjnvJ/cw"},"_chains":{"BbBW/zP69eMh9duCj7fZ/vinVPN6qc3cXnqpparcc2Mo":{"chainKey":{"counter":0,"key":"lE1nS1B9xToe/uoYPjMX+2w45k/Mi7mUxDLnrNEMCrM="},"chainType":2,"messageKeys":{}},"BX7XRQw4d45AfbxCznwnw2V7WDY4fgmVcxvQh30zHBsA":{"chainKey":{"counter":-1,"key":"XqghpflxDLE991FiWjVSeE/ar5VwNBaFxtOLb/Cw3p4="},"chainType":1,"messageKeys":{}}}}},"version":"v1"}