{"_sessions":{"BTiZwE9wKdHlDu9+GdR1W+23kDMbsbMgQrlDiQLcFMkC":{"registrationId":1670738262,"currentRatchet":{"ephemeralKeyPair":{"pubKey":"BUxTdYhIG98zyrmMnyUvnsOLMHyeMapx69NxJLy0eG4g","privKey":"+AkYKpWJUzHoatqHWaeY2c7vtwnw7eq/Qy2ufNAgHm0="},"lastRemoteEphemeralKey":"BXLKNQfdjKmHC3zpFFZwHbHF5Jy/mno+VLi2YGB2bzZj","previousCounter":0,"rootKey":"dwaYiPUADAJlOWTkWfxLMzfMWMZVdWE5VCgrkmkX728="},"indexInfo":{"baseKey":"BTiZwE9wKdHlDu9+GdR1W+23kDMbsbMgQrlDiQLcFMkC","baseKeyType":1,"closed":-1,"used":1753170896631,"created":1753170896631,"remoteIdentityKey":"BcIeuHey2UiuRrB8ZrpnFZiyA8uygme8408oiRk+jQVV"},"_chains":{"BUxTdYhIG98zyrmMnyUvnsOLMHyeMapx69NxJLy0eG4g":{"chainKey":{"counter":0,"key":"aeKEvMIdLFtGJcpJTkCcmVUDL4I5TECGUDmsD7TPX4k="},"chainType":1,"messageKeys":{}}},"pendingPreKey":{"signedKeyId":5,"baseKey":"BTiZwE9wKdHlDu9+GdR1W+23kDMbsbMgQrlDiQLcFMkC","preKeyId":15952766}}},"version":"v1"}