{"_sessions":{"BbBTEBIiBl6L5wWd3lGolVtxn3l8g9Mtjr6FbKKOQaA+":{"registrationId":149,"currentRatchet":{"ephemeralKeyPair":{"pubKey":"BXBQBm8PZZLQhPO7XNbKIRUtMSHlVt70iQdMOo19et49","privKey":"YH5VJbLIgjqGTeOEaZTwLiLIyb3Dpp9G9G7zHx1/hVU="},"lastRemoteEphemeralKey":"BfH1PNITo53cKzZa47lnnDpUOODVD3SKl7ByI+W2vNY1","previousCounter":0,"rootKey":"tOzWxEGLdi84bHtFKWTjPzrLe1y5SlcLQaASgFH51EY="},"indexInfo":{"baseKey":"BbBTEBIiBl6L5wWd3lGolVtxn3l8g9Mtjr6FbKKOQaA+","baseKeyType":1,"closed":-1,"used":1753170896273,"created":1753170896273,"remoteIdentityKey":"BWL8asWwDPTjrjlEqVXQx2BSRtZ02AX/Qr+jm72KU0R9"},"_chains":{"BXBQBm8PZZLQhPO7XNbKIRUtMSHlVt70iQdMOo19et49":{"chainKey":{"counter":0,"key":"W5dGA1I4AZ71+Er2fEJz0bpvqdfKHxKN6TarjUwaLZI="},"chainType":1,"messageKeys":{}}},"pendingPreKey":{"signedKeyId":1,"baseKey":"BbBTEBIiBl6L5wWd3lGolVtxn3l8g9Mtjr6FbKKOQaA+"}}},"version":"v1"}