{"_sessions":{"BZS8rjBlDUt0KZ5necYvOZQQBCuayPPXHqXDJboxFo1T":{"registrationId":1695605801,"currentRatchet":{"ephemeralKeyPair":{"pubKey":"BahqlM01/vGUWhmlOrsSrKgmCu8yoAj2szaHdo7rCx98","privKey":"yPgDzuSYdPNZFAEoAlVbsYOe4WMiVBKRQW8Pdt3MOUU="},"lastRemoteEphemeralKey":"BZKdryqOGrmz+1hWnCDXGK/JYrJm43qN7sEH0WyGL+QU","previousCounter":0,"rootKey":"v7mzZxE3J+1BuyFjbfC9U+/Ex6HLoeRibl5XxsNTvH0="},"indexInfo":{"baseKey":"BZS8rjBlDUt0KZ5necYvOZQQBCuayPPXHqXDJboxFo1T","baseKeyType":2,"closed":-1,"used":1753169914739,"created":1753169914739,"remoteIdentityKey":"BaivRGx4foJ9QnhWDTHM7P4MPgcfb2uIc4reyi9Y/rp1"},"_chains":{"BZKdryqOGrmz+1hWnCDXGK/JYrJm43qN7sEH0WyGL+QU":{"chainKey":{"counter":0,"key":"4L4Tyr0AeIck4IcR69Og+zxzQGHDrJ7mUj2mSAZaLPI="},"chainType":2,"messageKeys":{}},"BahqlM01/vGUWhmlOrsSrKgmCu8yoAj2szaHdo7rCx98":{"chainKey":{"counter":0,"key":"4mGmFrbBcTT9FK257VEC1aOQ1vujVnW1dIcZZBiYZxY="},"chainType":1,"messageKeys":{}}}}},"version":"v1"}