{"_sessions":{"BXrLMJUrxNe6AEdnNYJlbIqIgJ4ig1GwUcZgjl2S0cEK":{"registrationId":838660089,"currentRatchet":{"ephemeralKeyPair":{"pubKey":"BbXG4+5454JxRo38tz2RNWRLDNPZ/R5No0R2AzMlkQx3","privKey":"0KxCLGLsy5oyAoxEK/ZEgCoiVMxo6azxNG7lCBEcsk8="},"lastRemoteEphemeralKey":"BfE89cLqYnBfvpi/lnYPFpxm5fOPkfmRenTC3r78hY4Z","previousCounter":0,"rootKey":"lgoYyTiEi9Wgq0UCMfevV4NrqnnjTJ4RTj1hFyytNKE="},"indexInfo":{"baseKey":"BXrLMJUrxNe6AEdnNYJlbIqIgJ4ig1GwUcZgjl2S0cEK","baseKeyType":1,"closed":-1,"used":1753170896214,"created":1753170896214,"remoteIdentityKey":"BfH2bO6OFq5taGNeCjMLkfE3Fk7s8Zh2xCMGP2PtwQcf"},"_chains":{"BbXG4+5454JxRo38tz2RNWRLDNPZ/R5No0R2AzMlkQx3":{"chainKey":{"counter":0,"key":"tg4sUPkg+SWJb4/G5gRf/NImjk4c14H1rzVvwqSy7Pw="},"chainType":1,"messageKeys":{}}},"pendingPreKey":{"signedKeyId":0,"baseKey":"BXrLMJUrxNe6AEdnNYJlbIqIgJ4ig1GwUcZgjl2S0cEK"}}},"version":"v1"}