{"_sessions":{"BTa0xz/hqYVskokU6lHtnEyIwczTE+1iZX5nr1J/h8NN":{"registrationId":1809789590,"currentRatchet":{"ephemeralKeyPair":{"pubKey":"BS+19wW6h6eeSu+dy6FdyIEh7l9KoqkdyB/GVIdIaEcA","privKey":"8EAQpHiLdlJqrz477hvduzXp7mjo2AZPSyJhwAXsgUY="},"lastRemoteEphemeralKey":"BQFoeDv6UjWAZuyZoticq04EWyolOVzHV7520Dc/xSpL","previousCounter":0,"rootKey":"3zOAs59n7DLrPjh7hpJ4lsePECEOZh0h64ELAjAYqEc="},"indexInfo":{"baseKey":"BTa0xz/hqYVskokU6lHtnEyIwczTE+1iZX5nr1J/h8NN","baseKeyType":1,"closed":-1,"used":1753170896717,"created":1753170896717,"remoteIdentityKey":"BY/KlmKEqcqdr+QzzgdXvVzLgws34+p/EQlMOzK2FNtU"},"_chains":{"BS+19wW6h6eeSu+dy6FdyIEh7l9KoqkdyB/GVIdIaEcA":{"chainKey":{"counter":0,"key":"KjAlZc8NiuB+oZbpyEpcEggdjgCQRoGWStzSMqHED1s="},"chainType":1,"messageKeys":{}}},"pendingPreKey":{"signedKeyId":0,"baseKey":"BTa0xz/hqYVskokU6lHtnEyIwczTE+1iZX5nr1J/h8NN"}}},"version":"v1"}