{"_sessions":{"BYMMpAWV5kY55OF5xpAIcZD2cURqI7/yuS+kzxCoSCBU":{"registrationId":207163312,"currentRatchet":{"ephemeralKeyPair":{"pubKey":"BQH1lOlaLxugKQqX739P03/aW0qi7QVVbRlIonB1Wh16","privKey":"IE9Dfoid1ib+N2j5t9K7vy0thBYLl4J8MC9wLzcvsW0="},"lastRemoteEphemeralKey":"BZc36d6ctz+CvijLrQBfk8G7Vg9wRRG2gNQ0qdmzfxdR","previousCounter":0,"rootKey":"m2tU1E7sknh2/WUqU2RwaIgxYOdYJVp+5qfdRkwQh7s="},"indexInfo":{"baseKey":"BYMMpAWV5kY55OF5xpAIcZD2cURqI7/yuS+kzxCoSCBU","baseKeyType":2,"closed":-1,"used":1753170374879,"created":1753170374879,"remoteIdentityKey":"BaX9aVW/UmA2+2V/pzjfHwOgb+SzHB87eccePvPGjM4k"},"_chains":{"BZc36d6ctz+CvijLrQBfk8G7Vg9wRRG2gNQ0qdmzfxdR":{"chainKey":{"counter":0,"key":"rWLYfIDSjyKvFb97xI3tO73U0OoFD24HvpcmsL8pnnI="},"chainType":2,"messageKeys":{}},"BQH1lOlaLxugKQqX739P03/aW0qi7QVVbRlIonB1Wh16":{"chainKey":{"counter":0,"key":"EDKUSDcIjpjBcPfLkPfEYo35SK4snnr823yBtOP1vls="},"chainType":1,"messageKeys":{}}}}},"version":"v1"}