{"_sessions":{"BT4LjIfQiAXigK2RNgyuWGlOHyc2pyDLhR3YsOo9L1s/":{"registrationId":737912122,"currentRatchet":{"ephemeralKeyPair":{"pubKey":"Bd/Z+mvWW7Benz5DQgu8CmQmkmJgjDG2U/oqx3uNqUJd","privKey":"uEd8viqEQ0aEypm1vQ9F53BLZPGvS7td8tn5/lm6Mms="},"lastRemoteEphemeralKey":"BVTVWk5RAV/IGbFUEtV+w94uO+3Zhsioq7EckLYvCoRG","previousCounter":0,"rootKey":"B3IPi2sD50xkBpqxkOpSr6pbp5AGVaAHNtAnHlhth4M="},"indexInfo":{"baseKey":"BT4LjIfQiAXigK2RNgyuWGlOHyc2pyDLhR3YsOo9L1s/","baseKeyType":1,"closed":-1,"used":1753170896646,"created":1753170896646,"remoteIdentityKey":"BWg4u9OomUEtobUUYp/U9mFLR2DPnnI0qQ/Wo9koPzpQ"},"_chains":{"Bd/Z+mvWW7Benz5DQgu8CmQmkmJgjDG2U/oqx3uNqUJd":{"chainKey":{"counter":0,"key":"f4wKgS0v99Ve05jO6QpUpAgXqrFJDOa90xLzmQJ6PsQ="},"chainType":1,"messageKeys":{}}},"pendingPreKey":{"signedKeyId":11,"baseKey":"BT4LjIfQiAXigK2RNgyuWGlOHyc2pyDLhR3YsOo9L1s/","preKeyId":14031405}}},"version":"v1"}