{"_sessions":{"BTsy6GtH8eAYWfnN6mhNS3xkkNMQzCZ7tiP7G4eW5y10":{"registrationId":124,"currentRatchet":{"ephemeralKeyPair":{"pubKey":"BX649uONn3jBSc8Uwl7KHjHdOupBgXlRsAff8/DmWGIQ","privKey":"8IS8FXNbPOEarX22G20BWm8EIVTt/3T9rgLOL5wFeWc="},"lastRemoteEphemeralKey":"BVUInSoIdiHE1pw/zEAxXznWL1pyZ+p2Aiayu2vK9H17","previousCounter":0,"rootKey":"iag+0V8PgCElv8ZZ/klwqiUBcpvthJ2/8VMpFw4yDmM="},"indexInfo":{"baseKey":"BTsy6GtH8eAYWfnN6mhNS3xkkNMQzCZ7tiP7G4eW5y10","baseKeyType":1,"closed":-1,"used":1753169108825,"created":1753168406695,"remoteIdentityKey":"BSaye5J8tlvQIbS1uGOvzkAjLDJvza8EY7zayT1LrbRA"},"_chains":{"BVUInSoIdiHE1pw/zEAxXznWL1pyZ+p2Aiayu2vK9H17":{"chainKey":{"counter":0,"key":"vinjwThbUPERWe7Cc7RqWwr5ceVKsnqqJU76CFVkjyM="},"chainType":2,"messageKeys":{}},"BX649uONn3jBSc8Uwl7KHjHdOupBgXlRsAff8/DmWGIQ":{"chainKey":{"counter":-1,"key":"dMo5LeQRZYamMuE/E76MZOgs8dTqAX6yFNPYBkm0qec="},"chainType":1,"messageKeys":{}}}}},"version":"v1"}