{"_sessions":{"Bc/5sud5mCObiNOt5nG/dD3oQyWaL2pcUOWuYsFu/CwI":{"registrationId":469049682,"currentRatchet":{"ephemeralKeyPair":{"pubKey":"BaSLOCarULzCWiG3jePoLsN6T8Xh4+TfUjLqQkQrVsNP","privKey":"kPwz4FK3w1cmODZtlf30tzEFqqL19mbxg8IsKQg7JGQ="},"lastRemoteEphemeralKey":"BYwbZFgcYy8iogbR2IMryXu3g/BiOmI+UkrveoIgUaNI","previousCounter":0,"rootKey":"PMnOvyjeqHEw859OyrfoQoTFnrcXyAtV+qOGhqKnvsk="},"indexInfo":{"baseKey":"Bc/5sud5mCObiNOt5nG/dD3oQyWaL2pcUOWuYsFu/CwI","baseKeyType":2,"closed":-1,"used":1753172437416,"created":1753172437416,"remoteIdentityKey":"Baq0kpb3oGdkv9dH15ZzmbPV1vhT2GvfpPBagOi33gkh"},"_chains":{"BYwbZFgcYy8iogbR2IMryXu3g/BiOmI+UkrveoIgUaNI":{"chainKey":{"counter":0,"key":"x5HByaYwvAB/LzPqcrknKzyBuo9hK4F5hTysFwoYidM="},"chainType":2,"messageKeys":{}},"BaSLOCarULzCWiG3jePoLsN6T8Xh4+TfUjLqQkQrVsNP":{"chainKey":{"counter":0,"key":"G2eOa+sXTb1taY9SMpQkzyQyoTMFkUOdiS0MmaCuhfE="},"chainType":1,"messageKeys":{}}}}},"version":"v1"}