{"_sessions":{"BVVZ+a1zKOzUavBm8ZdEOQnn+e8YBhLifMkUph+r2cU9":{"registrationId":1038378852,"currentRatchet":{"ephemeralKeyPair":{"pubKey":"BX3Yx/++2TzFH+0zgUkn3kTvvyYUWVXUIcdaIbEO2hVp","privKey":"II2a7eChQQpD5odFFfX77EutqF8cm9GaWuGi9YfsMmY="},"lastRemoteEphemeralKey":"BfNX4+TnsMLMtVimOFM5Sq1fjl9KAi/Qqh5q0yvOGoQN","previousCounter":0,"rootKey":"bSDmBUtotrL0X/m2/VDcsU3HbZH/mv0ctMEnlCIQgTc="},"indexInfo":{"baseKey":"BVVZ+a1zKOzUavBm8ZdEOQnn+e8YBhLifMkUph+r2cU9","baseKeyType":1,"closed":-1,"used":1753170896535,"created":1753170896535,"remoteIdentityKey":"BQy4tabwlk3k0cG5pJmw/QPZ/neFx/bnGIOxoHBw7y4v"},"_chains":{"BX3Yx/++2TzFH+0zgUkn3kTvvyYUWVXUIcdaIbEO2hVp":{"chainKey":{"counter":0,"key":"Qvzha9+T75rulbWz5tKxOKj9ZgpRhWbINACgOAkBgmU="},"chainType":1,"messageKeys":{}}},"pendingPreKey":{"signedKeyId":7709902,"baseKey":"BVVZ+a1zKOzUavBm8ZdEOQnn+e8YBhLifMkUph+r2cU9","preKeyId":2534}}},"version":"v1"}