{"_sessions":{"BdYNHKqx5nVJxvUbQqtz7Rl+wVHzz7P9xqY+9IwtC/oi":{"registrationId":1779184242,"currentRatchet":{"ephemeralKeyPair":{"pubKey":"BVBrY34ez2PlrMyOnxQ7v01TBQTA5Vlzyol6qtLJocR8","privKey":"yHjLXxDWg8eGYgVsAKvgKqhndbyHl48FWiIwQarJWl4="},"lastRemoteEphemeralKey":"BbLTXpjDXAHxwU6B0jWdaWJPbSCPK05cN4uOkivTV0EN","previousCounter":0,"rootKey":"TbRNK3OAylFTXIxrAsLJlw3fw4t5zzpON0QQ99Nuv2Q="},"indexInfo":{"baseKey":"BdYNHKqx5nVJxvUbQqtz7Rl+wVHzz7P9xqY+9IwtC/oi","baseKeyType":2,"closed":-1,"used":1753169907255,"created":1753169907255,"remoteIdentityKey":"BR3EoTNQSj8bLjcHOnS0XP9rMsdJW473Lfl3+e9jfvB5"},"_chains":{"BbLTXpjDXAHxwU6B0jWdaWJPbSCPK05cN4uOkivTV0EN":{"chainKey":{"counter":0,"key":"wmue24fiF5v18ZWf3A866GAPs5Rhg7bEmXViKXxu24g="},"chainType":2,"messageKeys":{}},"BVBrY34ez2PlrMyOnxQ7v01TBQTA5Vlzyol6qtLJocR8":{"chainKey":{"counter":-1,"key":"uLuPiap7IpCVIOVlp3fSexWTNoNtXHIkkrvPS2tnMxM="},"chainType":1,"messageKeys":{}}}}},"version":"v1"}