{"_sessions":{"BQJsT/iayr/097ZldTAIexv3/7P6VuR4NzQ7fN3Vv68H":{"registrationId":885315090,"currentRatchet":{"ephemeralKeyPair":{"pubKey":"BVsqHib2hPmP6T73piH5vV6ZM/WkXMiFh8lPQ0FwqHIJ","privKey":"qAVgWGigjmciFael7tzHjT7gKuRGOBsS4s9SHhj5UXc="},"lastRemoteEphemeralKey":"BTAVpymiRyV06Q23vc+p8QnZERFnYV9QhZmNp7Ssusdx","previousCounter":0,"rootKey":"er0XhuBjZtdYHtKZLqrbdEdvuEozBcITF0WOdUCnB6E="},"indexInfo":{"baseKey":"BQJsT/iayr/097ZldTAIexv3/7P6VuR4NzQ7fN3Vv68H","baseKeyType":1,"closed":-1,"used":1753170896641,"created":1753170896641,"remoteIdentityKey":"BftGiCUvgndaBCtIrzU1P2qbsMQ5HRhfhS9NOnsFiHRT"},"_chains":{"BVsqHib2hPmP6T73piH5vV6ZM/WkXMiFh8lPQ0FwqHIJ":{"chainKey":{"counter":0,"key":"UNO3ZbYl0bH9NqXnXKaSumybQ72KtlOi1HJwAoI4298="},"chainType":1,"messageKeys":{}}},"pendingPreKey":{"signedKeyId":3,"baseKey":"BQJsT/iayr/097ZldTAIexv3/7P6VuR4NzQ7fN3Vv68H","preKeyId":13627337}}},"version":"v1"}