{"_sessions":{"Bekd7l8JIsZovUjcO5g33UFZeHjhdpTS58+JqNwOCaxo":{"registrationId":558237684,"currentRatchet":{"ephemeralKeyPair":{"pubKey":"BeWSWc1ofr117tjlFr6IZ3hMj/G5e4q1FL+MczsAeMdi","privKey":"cKcn3c0GE4pXmHDCdPIT3rlzK3wFZyUuf7YlieJnZnM="},"lastRemoteEphemeralKey":"BX0IVOWQqG9f63zxEWZs4hIqusFEanWdEGg5E8FFmu0T","previousCounter":0,"rootKey":"OLnU9nMnPq8sBE/usvkLOucloSao1Ool/CRxoiagudg="},"indexInfo":{"baseKey":"Bekd7l8JIsZovUjcO5g33UFZeHjhdpTS58+JqNwOCaxo","baseKeyType":2,"closed":-1,"used":1753172280782,"created":1753172280782,"remoteIdentityKey":"Bd9QIqLIZWJ5/XINnzCb3FRr0UmQLCbX6JeQrNyfZ7Aj"},"_chains":{"BX0IVOWQqG9f63zxEWZs4hIqusFEanWdEGg5E8FFmu0T":{"chainKey":{"counter":6,"key":"cedn9KxPYdUUgmqq4HLYWZD8FTcoda1EnZ5g0boO3Zk="},"chainType":2,"messageKeys":{}},"BeWSWc1ofr117tjlFr6IZ3hMj/G5e4q1FL+MczsAeMdi":{"chainKey":{"counter":-1,"key":"2ErY/0RoId1g629nJXh6IA40JFgsFMc1dsP/hIbST9M="},"chainType":1,"messageKeys":{}}}}},"version":"v1"}