{"_sessions":{"BYa4tlMXjFvo9Jzc7RitUOkClEa6tmUKxbdn1XMssNAM":{"registrationId":332529381,"currentRatchet":{"ephemeralKeyPair":{"pubKey":"BSLzM7JQuofN8rIuq4U3CDmmmbqzHZwFxT32e/LUQlNR","privKey":"oK9qx1YFj2icHepOI+UdG2dqfQ7IeFVukqY3Z/w1HUI="},"lastRemoteEphemeralKey":"BYf32LNODVKYaiH3Hj/Aaid156yA8rlMzc/AH6gFaoNd","previousCounter":0,"rootKey":"h81hvgUdOETZFUUTlARn6efa6IqmFd38qW2F0kv+DuA="},"indexInfo":{"baseKey":"BYa4tlMXjFvo9Jzc7RitUOkClEa6tmUKxbdn1XMssNAM","baseKeyType":1,"closed":-1,"used":1753170896438,"created":1753170896438,"remoteIdentityKey":"BYgiZh6AWIS3o4rnsdL8U7D/jsRnvvTEUav/MJHYOzE8"},"_chains":{"BSLzM7JQuofN8rIuq4U3CDmmmbqzHZwFxT32e/LUQlNR":{"chainKey":{"counter":0,"key":"Q2s6nFBzzYlBfDTFF1sJm41mVgfZNu1izneM7C5k+1I="},"chainType":1,"messageKeys":{}}},"pendingPreKey":{"signedKeyId":21,"baseKey":"BYa4tlMXjFvo9Jzc7RitUOkClEa6tmUKxbdn1XMssNAM","preKeyId":5666461}}},"version":"v1"}