{"_sessions":{"BUJzRlq3oXk2wlzyjz0Zj9Cyh33l5eLaS/JlfNht30Z6":{"registrationId":922590137,"currentRatchet":{"ephemeralKeyPair":{"pubKey":"BSrSoeNwQsE5AkSreq4xBhUcXMj1infOOa7K/zdHe0g/","privKey":"eMQEr6J+O2rJYsk3G+d5xMDxLjTAZphw12GntaXxom0="},"lastRemoteEphemeralKey":"BQEpURY3x8l9EsZn4AD7UvGUScRCz4/IKEBp3e4xyn5V","previousCounter":0,"rootKey":"H4rmnTb6seioWHacMzWaE/FWSn8/8TRxOJ66XF90jPk="},"indexInfo":{"baseKey":"BUJzRlq3oXk2wlzyjz0Zj9Cyh33l5eLaS/JlfNht30Z6","baseKeyType":2,"closed":-1,"used":1753171524260,"created":1753171524260,"remoteIdentityKey":"BeFMdNOD1nF/M2Efjjj2FopdjDYNHY72+g5nLzgP3B4Z"},"_chains":{"BQEpURY3x8l9EsZn4AD7UvGUScRCz4/IKEBp3e4xyn5V":{"chainKey":{"counter":0,"key":"JUlsWoqqV2d2YeMvKXZaiJcTFRzm2Q6q9B4HlEHiFTM="},"chainType":2,"messageKeys":{}},"BSrSoeNwQsE5AkSreq4xBhUcXMj1infOOa7K/zdHe0g/":{"chainKey":{"counter":-1,"key":"fjp90IVnFwtNIzKmnnde8h9EJRtgq4lUzFDiGXgtlAU="},"chainType":1,"messageKeys":{}}}}},"version":"v1"}