{"_sessions":{"BRxwic3Yh5sjM179ZCbDLVVAuCjUU2HFYN65jq4TxRga":{"registrationId":170,"currentRatchet":{"ephemeralKeyPair":{"pubKey":"BXmVQ5bw/plnOSuhd9C56FxxR9KSDQjgDqdjjkHLDcUY","privKey":"4COsDT8hiTMJfhP62NWMXcCenmBeelROsOHV9gQck18="},"lastRemoteEphemeralKey":"BXLPRzEPJ/9pHpZ0iTl3ib00bX/OMCjuNW07PIK5s/BT","previousCounter":0,"rootKey":"Vcc7Md8z8ahBKvQZMBvL5vCu9BBlbotz1EdhUg+m2Bs="},"indexInfo":{"baseKey":"BRxwic3Yh5sjM179ZCbDLVVAuCjUU2HFYN65jq4TxRga","baseKeyType":1,"closed":-1,"used":1753170896165,"created":1753170896165,"remoteIdentityKey":"BYSV5q06j/AA9hO+RPJ+Zyo31F3ClG3pQUb4yn/rnz1N"},"_chains":{"BXmVQ5bw/plnOSuhd9C56FxxR9KSDQjgDqdjjkHLDcUY":{"chainKey":{"counter":0,"key":"f/r/dgYhtSHvkKsGhLlwa1bJo7xwEtKGKVqRv3u6Ijw="},"chainType":1,"messageKeys":{}}},"pendingPreKey":{"signedKeyId":1,"baseKey":"BRxwic3Yh5sjM179ZCbDLVVAuCjUU2HFYN65jq4TxRga"}}},"version":"v1"}