{"_sessions":{"BXrDFnkMULMS7I0vDuEAMF8THaXjkTQNHkzONvsdBXpi":{"registrationId":1117784841,"currentRatchet":{"ephemeralKeyPair":{"pubKey":"BeqaAKZoU0VE0a3vuD1VFZO/DYC/VDfQAbI7/TYhIHkX","privKey":"QP7uzP/QYw939H2aCCnFnDPu19V/aUdMRXoe9cET72g="},"lastRemoteEphemeralKey":"BXWMUaTCSps/4USN/4DZRj+sq38PbrE2tBc44zTlzWtl","previousCounter":0,"rootKey":"oKu3cZ4648MPGEltNeT9Yoi6T0XVNKiF8BWDrNHFh+k="},"indexInfo":{"baseKey":"BXrDFnkMULMS7I0vDuEAMF8THaXjkTQNHkzONvsdBXpi","baseKeyType":1,"closed":-1,"used":1753170896404,"created":1753170896404,"remoteIdentityKey":"BXd7ca6TFP7wwbsKpHaBV5ffFdAdc5oh8ITDtwKxKiMK"},"_chains":{"BeqaAKZoU0VE0a3vuD1VFZO/DYC/VDfQAbI7/TYhIHkX":{"chainKey":{"counter":0,"key":"q3MiHAzxDIIdDuzAeP9Qp1j0WJnoqYKvQzTjOjs1J3k="},"chainType":1,"messageKeys":{}}},"pendingPreKey":{"signedKeyId":1,"baseKey":"BXrDFnkMULMS7I0vDuEAMF8THaXjkTQNHkzONvsdBXpi","preKeyId":532226}}},"version":"v1"}