{"_sessions":{"BSRbeBv9kMcpeuGTY+WeWFX5/7dasJHmB6UjplA4tB4O":{"registrationId":98156404,"currentRatchet":{"ephemeralKeyPair":{"pubKey":"BaqrEnvWNqQXw3zH+kXK9ZpUUe5fFboFL5Jr+kjeQAsS","privKey":"2FLP7IufN95vHtSA9QoTbbqU7xr/8zExlm9OGo24WEA="},"lastRemoteEphemeralKey":"BaxgRRCDt+nWABTjIETC5mABb+89HERiTcp7F/sQzXNX","previousCounter":0,"rootKey":"AHgRzg3YDqRh8WcWuyrhEH8CI/61ZD/MhumKtGA4FMk="},"indexInfo":{"baseKey":"BSRbeBv9kMcpeuGTY+WeWFX5/7dasJHmB6UjplA4tB4O","baseKeyType":1,"closed":-1,"used":1753170896374,"created":1753170896374,"remoteIdentityKey":"Bff5thE4tFdKuKQHtPXmf+MIJrk1Anr6cXjD/qWV3qJi"},"_chains":{"BaqrEnvWNqQXw3zH+kXK9ZpUUe5fFboFL5Jr+kjeQAsS":{"chainKey":{"counter":0,"key":"BS2clIMb6iW4SGEpWrCdPfuEUA0IAhY87uXv4wUPeqg="},"chainType":1,"messageKeys":{}}},"pendingPreKey":{"signedKeyId":0,"baseKey":"BSRbeBv9kMcpeuGTY+WeWFX5/7dasJHmB6UjplA4tB4O","preKeyId":365025}}},"version":"v1"}