{"_sessions":{"BY/L0hTw4o5Ny2Vj2n1LUyeDXPMWASeWOgqbQYFTNQEI":{"registrationId":185921691,"currentRatchet":{"ephemeralKeyPair":{"pubKey":"BWCH/15+0sBMty/WnClUrUVjF7UpsCKX3dcT1zTpnPcS","privKey":"WOB4/zrPuB93icwxSvNH8TD/rDFEFLnYYk/4lCOvFlY="},"lastRemoteEphemeralKey":"BVPy6EfAT5jdU02wcsXrgPpSoSBvJXm5pwUpO4cnwfcT","previousCounter":0,"rootKey":"9D3l31ASUTrbzj27aEvvTsxNf/8G5rtyxGA3yJZj2HM="},"indexInfo":{"baseKey":"BY/L0hTw4o5Ny2Vj2n1LUyeDXPMWASeWOgqbQYFTNQEI","baseKeyType":1,"closed":-1,"used":1753174282187,"created":1753174282187,"remoteIdentityKey":"BfQvlTsWgsJf/c2cW9x/c430h2KXcN33S9rGBiglhdRK"},"_chains":{"BWCH/15+0sBMty/WnClUrUVjF7UpsCKX3dcT1zTpnPcS":{"chainKey":{"counter":0,"key":"XB2ed8QtUKFGxCYacOM3H/deeHcKI5REPx2Q0klCIP0="},"chainType":1,"messageKeys":{}}},"pendingPreKey":{"signedKeyId":0,"baseKey":"BY/L0hTw4o5Ny2Vj2n1LUyeDXPMWASeWOgqbQYFTNQEI","preKeyId":9977876}}},"version":"v1"}