{"_sessions":{"BV5aJwYqFaBjO1sztcTw0NizisUdNwmZ3NYiafzL0g49":{"registrationId":172920143,"currentRatchet":{"ephemeralKeyPair":{"pubKey":"BVT78TUT27nluxGO92EKpSbBe9e1kasEeSFCSrNZQlg4","privKey":"EPWkhZ2E5BGHTXy+wuVniAXQjKYEzfE25D/IyBFcLng="},"lastRemoteEphemeralKey":"BQ/NxRo4A+gkmHn5VbZGgBapskjsY4UdldC79FLWU/Vk","previousCounter":0,"rootKey":"rWdvaG9veaVMBKpiS60vwNid6KpqXDncJ18s2J+C9rw="},"indexInfo":{"baseKey":"BV5aJwYqFaBjO1sztcTw0NizisUdNwmZ3NYiafzL0g49","baseKeyType":1,"closed":-1,"used":1753170896319,"created":1753170896319,"remoteIdentityKey":"BaxMOEEkYWSoNgM/fVXSxrTAwzdLyDVbqH/zCmANcsJw"},"_chains":{"BVT78TUT27nluxGO92EKpSbBe9e1kasEeSFCSrNZQlg4":{"chainKey":{"counter":0,"key":"5RRKDUfWDvvR57pep0je62bwYWg/vqdabbK6jJ9xK8s="},"chainType":1,"messageKeys":{}}},"pendingPreKey":{"signedKeyId":0,"baseKey":"BV5aJwYqFaBjO1sztcTw0NizisUdNwmZ3NYiafzL0g49","preKeyId":10816548}}},"version":"v1"}