{"_sessions":{"BZuqxnzr/1+Evs8xNJzbiXIP1ZW5pC11ndiDvurGbxNK":{"registrationId":192,"currentRatchet":{"ephemeralKeyPair":{"pubKey":"BW60dQNnnMgJEe6fjoUmKUK1/I43FJkP2bLjq9EtPXIN","privKey":"4Jh+EePcGLbjZ8OjdNPKB8h5GOv92u8u87EmlnWkCEc="},"lastRemoteEphemeralKey":"BVn2UWLKW9EmJjPiXVWWQVHFgAIUxWbRMKCBtPplv1Me","previousCounter":0,"rootKey":"e6GuvHHEO/9IrcXISexn+1LkYkeYU+l+QszgoB+gpgg="},"indexInfo":{"baseKey":"BZuqxnzr/1+Evs8xNJzbiXIP1ZW5pC11ndiDvurGbxNK","baseKeyType":1,"closed":-1,"used":1753174282094,"created":1753174282094,"remoteIdentityKey":"BSq+9OIAA9eXbieX66oB7XRQ/D49o2PLfIsCnJAP8oNY"},"_chains":{"BW60dQNnnMgJEe6fjoUmKUK1/I43FJkP2bLjq9EtPXIN":{"chainKey":{"counter":0,"key":"ZCfx0FhnbS5Im85YTXC8l9ucRgTiVzbfqZqzuRSpn2M="},"chainType":1,"messageKeys":{}}},"pendingPreKey":{"signedKeyId":1,"baseKey":"BZuqxnzr/1+Evs8xNJzbiXIP1ZW5pC11ndiDvurGbxNK"}}},"version":"v1"}