{"_sessions":{"BbyBYrA5wJsK68qO9cKhgVrHL5YYnfAUouzSDGG4PjBt":{"registrationId":1130158979,"currentRatchet":{"ephemeralKeyPair":{"pubKey":"Bbi4PIkuFHxba4xmO/7UedxrAVfdIwGKAmrjoHcLnP4K","privKey":"gNfFH7YpqYzdaZWaAoI9GFatMJNu7UH9F7PF3ZtL0nE="},"lastRemoteEphemeralKey":"BehqK2CVe7g7xOGDbluexlnXE7V3YsWJJNYgXFtX8cAD","previousCounter":0,"rootKey":"3a6S7UYcBrTvALNqaIEyrNdwUMCu7LBqV7j4ca8JXio="},"indexInfo":{"baseKey":"BbyBYrA5wJsK68qO9cKhgVrHL5YYnfAUouzSDGG4PjBt","baseKeyType":2,"closed":-1,"used":1753168845033,"created":1753168845033,"remoteIdentityKey":"BSxSHhSFwzy+Ts95P8OlCSZC/iCTwbpCiJ8ej/WPrzJg"},"_chains":{"BehqK2CVe7g7xOGDbluexlnXE7V3YsWJJNYgXFtX8cAD":{"chainKey":{"counter":15,"key":"+hmvq7TZbvbRGCt7WQSNk0uOj1uhL0cnmG0GoIlm0RM="},"chainType":2,"messageKeys":{"11":"Z67SMDFNudA2eFUco/BpiskkBnEJfClt98UhmMgKjr8="}},"Bbi4PIkuFHxba4xmO/7UedxrAVfdIwGKAmrjoHcLnP4K":{"chainKey":{"counter":-1,"key":"uxBLNTB46yWg/Lgzon7fC1GsaEuy9yYiaoucd+IQ+vY="},"chainType":1,"messageKeys":{}}}}},"version":"v1"}