{"_sessions":{"BX3hCrpwjSdNJqNy5SaFjh0LEBRUCcaf4DAQElJjNXB9":{"registrationId":2088950428,"currentRatchet":{"ephemeralKeyPair":{"pubKey":"BZzLtG5J5P0EbOhEmXgYfJKG+ZjBjFsoR9/06y8VNfAZ","privKey":"8E5fpA1n1S8Cph2+u39XjnUJveLs8qxK6IjeqtwaAFQ="},"lastRemoteEphemeralKey":"BaaV4MLDfeur9sILxatbo3m7p53bYSpV5jDbJkuEhk0l","previousCounter":0,"rootKey":"KY1+s/3unFE/xKVZiUdrDdyAjra4m2ZsxQjyQBgohJQ="},"indexInfo":{"baseKey":"BX3hCrpwjSdNJqNy5SaFjh0LEBRUCcaf4DAQElJjNXB9","baseKeyType":2,"closed":-1,"used":1753168415714,"created":1753168415714,"remoteIdentityKey":"BUhFq5/P6CbDWCsTbKV2C0D6+P/+lisHyaRw+rHvV/8/"},"_chains":{"BaaV4MLDfeur9sILxatbo3m7p53bYSpV5jDbJkuEhk0l":{"chainKey":{"counter":0,"key":"rB5kOwMrU3RP7dPhzv0KI8TDkp5djUnev8C4vkl47xU="},"chainType":2,"messageKeys":{}},"BZzLtG5J5P0EbOhEmXgYfJKG+ZjBjFsoR9/06y8VNfAZ":{"chainKey":{"counter":0,"key":"G+CVRGB0oELji9V8LrEhkj++24Tkig/gnrZvYEuCtHg="},"chainType":1,"messageKeys":{}}}}},"version":"v1"}