{"_sessions":{"BcPDQVFJqpF+lUqVkfvab8pt43RI63q581a0RMI3HUAV":{"registrationId":1416706273,"currentRatchet":{"ephemeralKeyPair":{"pubKey":"BWOw/WFMHdA82t5YZhjI8ymc6X3fz18vqRtRaoUl2GYa","privKey":"WGA69qLnUYiGoJqC0qYlw1Gz6u9i+nDPtBJrExLiOlI="},"lastRemoteEphemeralKey":"BWRxOoh8fMfG1Ew77yrkOK09h2pj3+btN66njO8qpblA","previousCounter":0,"rootKey":"uNKQGFoguEcvKADaTlvY5/SHilfcfePxbd7A3jNCa94="},"indexInfo":{"baseKey":"BcPDQVFJqpF+lUqVkfvab8pt43RI63q581a0RMI3HUAV","baseKeyType":1,"closed":-1,"used":1753170896155,"created":1753170896155,"remoteIdentityKey":"BTnAN+v8tZyMgN7yi6dlx8Hm0TkpsO59m000GNucb8Bf"},"_chains":{"BWOw/WFMHdA82t5YZhjI8ymc6X3fz18vqRtRaoUl2GYa":{"chainKey":{"counter":0,"key":"3VCgFrGhhLTG6aCyVhfUGs/AQiFBc60UOQAS4p8wKBA="},"chainType":1,"messageKeys":{}}},"pendingPreKey":{"signedKeyId":5,"baseKey":"BcPDQVFJqpF+lUqVkfvab8pt43RI63q581a0RMI3HUAV"}}},"version":"v1"}