{"_sessions":{"BXMtJrMzFCGBrR0t+Xfv8XO7xMiJqE1/w0Zyop0ZmKln":{"registrationId":591227053,"currentRatchet":{"ephemeralKeyPair":{"pubKey":"BcOU9sl2wx4X8WXYScZCVDd4MdXHwRt3Eqp3dCtIhKU+","privKey":"aMKTjrLpRLwTb1XHGz2PaZTIdrTdk4N3Lshgd9LLZ2k="},"lastRemoteEphemeralKey":"BbSuye+QRBfuN3ppW3EUXWJ9f2sKiAdphdlcmdO8/+Eb","previousCounter":0,"rootKey":"Sxn3Ezmr/8DxiJaOXywaiOFgBz2/8dYu6ZoOxygr/m8="},"indexInfo":{"baseKey":"BXMtJrMzFCGBrR0t+Xfv8XO7xMiJqE1/w0Zyop0ZmKln","baseKeyType":1,"closed":-1,"used":1753168406737,"created":1753168406737,"remoteIdentityKey":"BYB1IGeaZlk6WmY+/GiPn27VG5kmPrqBVxpKtkJKRNJZ"},"_chains":{"BcOU9sl2wx4X8WXYScZCVDd4MdXHwRt3Eqp3dCtIhKU+":{"chainKey":{"counter":0,"key":"ZPkWcj/b4U47N1jqWD4sHcl74S0sK/lY1+1YopVraBk="},"chainType":1,"messageKeys":{}}},"pendingPreKey":{"signedKeyId":1,"baseKey":"BXMtJrMzFCGBrR0t+Xfv8XO7xMiJqE1/w0Zyop0ZmKln","preKeyId":13817005}}},"version":"v1"}