{"_sessions":{"BecCO2SXBpr7oiBL17JmHuj1l9tYDlE5ZOxgPCffN6lb":{"registrationId":277069424,"currentRatchet":{"ephemeralKeyPair":{"pubKey":"BXO8gdIk6n+Gc8BW5sIs7dmPwuAOsgk9/77qFd1fmYYv","privKey":"eI+4hSdoyFfi3k+5ivy2/3edsxShseh0CvWZQi3nzVU="},"lastRemoteEphemeralKey":"BX+/r/UWwO5pI1Md4rCL/2CZNjdNSI8Sashtna9VIBlq","previousCounter":0,"rootKey":"pVo1f7xfYy6ouZnQhDalAMjicpsMmFCjOIzqPc6UJ/E="},"indexInfo":{"baseKey":"BecCO2SXBpr7oiBL17JmHuj1l9tYDlE5ZOxgPCffN6lb","baseKeyType":1,"closed":-1,"used":1753170896550,"created":1753170896550,"remoteIdentityKey":"BaCp0r52MC/1HGGzm67KYV7+wTuYsuRa3tVk2iCr2DBJ"},"_chains":{"BXO8gdIk6n+Gc8BW5sIs7dmPwuAOsgk9/77qFd1fmYYv":{"chainKey":{"counter":0,"key":"BesTpDpXSg/+RKvCEA18pL257KSdvCDM1xMxeLS+WCg="},"chainType":1,"messageKeys":{}}},"pendingPreKey":{"signedKeyId":3,"baseKey":"BecCO2SXBpr7oiBL17JmHuj1l9tYDlE5ZOxgPCffN6lb","preKeyId":4923044}}},"version":"v1"}