{"_sessions":{"BVamGXmKCDaKFX9+HV2NvyqC98R0KtBKyqALPI/sAXlW":{"registrationId":1330633333,"currentRatchet":{"ephemeralKeyPair":{"pubKey":"BflLQh3vnr2o7wi3BPbOgbnNqGAX+elzwDV+gwHhfIlH","privKey":"IKPxlMLrAiJNyj4iwwI5l50w+/zgrN0ejV01kKtO3UY="},"lastRemoteEphemeralKey":"Bc+zVSLiHnVIASKJuoaGAvWZUZpRKVNBJr74l8tyWtQB","previousCounter":0,"rootKey":"f6K34DdaWwzZvzaz3vtAuUkInSj9xodTe1OkPv41Eqk="},"indexInfo":{"baseKey":"BVamGXmKCDaKFX9+HV2NvyqC98R0KtBKyqALPI/sAXlW","baseKeyType":1,"closed":-1,"used":1753170896287,"created":1753170896287,"remoteIdentityKey":"BUEGm87z5OLkWg/uA2TkPo/D1AbXv5pU5mRuwq+Rl5lr"},"_chains":{"BflLQh3vnr2o7wi3BPbOgbnNqGAX+elzwDV+gwHhfIlH":{"chainKey":{"counter":0,"key":"jeYIhvSSWuO0IFzDKup2EzKgJ+YZAI5xPzSk0Y6whTI="},"chainType":1,"messageKeys":{}}},"pendingPreKey":{"signedKeyId":9301344,"baseKey":"BVamGXmKCDaKFX9+HV2NvyqC98R0KtBKyqALPI/sAXlW","preKeyId":9}}},"version":"v1"}