{"_sessions":{"BUkQYLbUK87bYd8x1DrW7WVylpSLQNaM6V91hr97M8Mq":{"registrationId":174,"currentRatchet":{"ephemeralKeyPair":{"pubKey":"BZp7Or/mt5u+UCGc2BPTuuJeYeCkN2pMVUKGORa8pyJI","privKey":"GEHOjft2Ucr85H83LJRgFZmL4XiT1tXLUUlh+w1AtVc="},"lastRemoteEphemeralKey":"BU+oIeRaX1m9uAu8PMz6bBEPykt+4lkBvAJ20AK9OQY7","previousCounter":0,"rootKey":"ei5kIYQ+pAiQ5+Khp5kvx04Sxw/pxayo7Cp/UpkOk3E="},"indexInfo":{"baseKey":"BUkQYLbUK87bYd8x1DrW7WVylpSLQNaM6V91hr97M8Mq","baseKeyType":2,"closed":1753174279174,"used":1753174278979,"created":1753174278979,"remoteIdentityKey":"BSiBWcpvyu4LIJk2JTXG0jsDclg9buBwFvKl2go3HGZY"},"_chains":{"BU+oIeRaX1m9uAu8PMz6bBEPykt+4lkBvAJ20AK9OQY7":{"chainKey":{"counter":0,"key":"tOI5erW8q7pbQ9BmSTLQ/Wj3Z07+N8Eh+ReGubbe6HY="},"chainType":2,"messageKeys":{}},"BZp7Or/mt5u+UCGc2BPTuuJeYeCkN2pMVUKGORa8pyJI":{"chainKey":{"counter":-1,"key":"WBGR9M3vd4J3LexP8Qh2uzDMPvuWfbYY+6Lhrn7mpVM="},"chainType":1,"messageKeys":{}}}},"BWTtpiLmDbESsAjkmp5gd7gGMxLocHaZC0kyi+s1Vbo+":{"registrationId":174,"currentRatchet":{"ephemeralKeyPair":{"pubKey":"BXZV7du07WRgoLglZw8XjGbV9e+XK5yQWlHlS0QD6SVx","privKey":"KDJhaeSlh9sNJKLayClyk/MPpn3FuSoEGqG0CYWGFXo="},"lastRemoteEphemeralKey":"BfV3tyBsrRYzbN1AT78ElehaEpkm2dza/eC5j1RgL746","previousCounter":0,"rootKey":"7nJomAjEH6zH1UClsndkUvAu3ELhok/eKMQ8VKpnmnk="},"indexInfo":{"baseKey":"BWTtpiLmDbESsAjkmp5gd7gGMxLocHaZC0kyi+s1Vbo+","baseKeyType":2,"closed":-1,"used":1753174279178,"created":1753174279178,"remoteIdentityKey":"BSiBWcpvyu4LIJk2JTXG0jsDclg9buBwFvKl2go3HGZY"},"_chains":{"BfV3tyBsrRYzbN1AT78ElehaEpkm2dza/eC5j1RgL746":{"chainKey":{"counter":0,"key":"WaNAQy/wLUYCFX6W04oC9LZkQ0RS47Ho3k+vxvB8NVk="},"chainType":2,"messageKeys":{}},"BXZV7du07WRgoLglZw8XjGbV9e+XK5yQWlHlS0QD6SVx":{"chainKey":{"counter":0,"key":"vBn9qanTEqHVF360ZGm9vOHplMEACeNPLl0EmnSzN14="},"chainType":1,"messageKeys":{}}}}},"version":"v1"}