{"_sessions":{"BU2utUtKHn/AgiVqMK5lZzCHhYaLUzfeUSABQX7Mmss2":{"registrationId":827390868,"currentRatchet":{"ephemeralKeyPair":{"pubKey":"BTF3Pb6JW+4C4eQ8HnV9yK5Sawy137uKFcbp3D9ai2Ms","privKey":"0PbwPME9cPFT1ZboHxwV+0oaohfU6mZzhPKd6GhqtnU="},"lastRemoteEphemeralKey":"Ba9fKGPbp7Y3W2PiIKsmQh+uhv9suCpUjfKXK/JCv3IU","previousCounter":0,"rootKey":"yQrcvIJk1LIKX1tOW8p+gAnm82DeEm2Y6s46PwRZLfY="},"indexInfo":{"baseKey":"BU2utUtKHn/AgiVqMK5lZzCHhYaLUzfeUSABQX7Mmss2","baseKeyType":2,"closed":-1,"used":1753174170272,"created":1753168010875,"remoteIdentityKey":"BafXqNIcFCTCfhXLFoDca3zGWtxTByKoVW2c3fNGai4/"},"_chains":{"Bf/b4ZOywx418XNIUBw7ZRCS+qvufQltCZXDHlE8TCBJ":{"chainKey":{"counter":0},"chainType":2,"messageKeys":{}},"BUvLIYwybXX0h1Gz2QHH/dxP+gAB9Oefi6tnIpr4LPpP":{"chainKey":{"counter":1},"chainType":2,"messageKeys":{}},"Ba9fKGPbp7Y3W2PiIKsmQh+uhv9suCpUjfKXK/JCv3IU":{"chainKey":{"counter":0,"key":"bgav1wNdefjTjo+4HVkYdX18cTR4DYB3xzz1oswdyBI="},"chainType":2,"messageKeys":{}},"BTF3Pb6JW+4C4eQ8HnV9yK5Sawy137uKFcbp3D9ai2Ms":{"chainKey":{"counter":-1,"key":"TIBkcYDzsnrFi2b5G6yRUfK0liap0cbpcjSR2rozmB0="},"chainType":1,"messageKeys":{}}}}},"version":"v1"}