{"_sessions":{"BXqzGPHj59ezjG/1FWvNMYmGsvNW/uekH49uE+JqdHET":{"registrationId":634051888,"currentRatchet":{"ephemeralKeyPair":{"pubKey":"BZbSLsWCrkMR0usAF4SaqE/8E7lrWvy45pyxbmGfzF92","privKey":"aCz4ImXLuNvUPM6H232VYROjElid3iy8ABpqpk8BmHU="},"lastRemoteEphemeralKey":"BcQH3kP1aKpZC5/J7LsNiNhQpSea714O5L0V1QYjPgsj","previousCounter":0,"rootKey":"baZimplfM61cvnAaubKAQ3qS/9BDK1+jgflk+o9wROI="},"indexInfo":{"baseKey":"BXqzGPHj59ezjG/1FWvNMYmGsvNW/uekH49uE+JqdHET","baseKeyType":2,"closed":-1,"used":1753169815374,"created":1753169815374,"remoteIdentityKey":"BfOTdGt2+oFw8WGkPGizftLJZ11/2WXbXe2ENTDb6i1v"},"_chains":{"BcQH3kP1aKpZC5/J7LsNiNhQpSea714O5L0V1QYjPgsj":{"chainKey":{"counter":0,"key":"mq27e9iosYtVUFykO6DwEr1psANmSOYm90ch7Wwipl8="},"chainType":2,"messageKeys":{}},"BZbSLsWCrkMR0usAF4SaqE/8E7lrWvy45pyxbmGfzF92":{"chainKey":{"counter":-1,"key":"Z8+42e3fuu6+2sInToFhPo2tG6d8uNhQqu9UT62IGL4="},"chainType":1,"messageKeys":{}}}}},"version":"v1"}