{"_sessions":{"BZLNmRX7cTlN2KIBGxSf2t58aFgN0unU0sdFXZ4dPxpd":{"registrationId":325614507,"currentRatchet":{"ephemeralKeyPair":{"pubKey":"BWE/gZXr5JjTn0Z6ypraJRgXuAGn6BFXKOHRd810Rq8r","privKey":"wDLmAENDRMDrNa2fqBvzC6t36lOD9YGz1OuYs4EH1Fs="},"lastRemoteEphemeralKey":"BcBGVtifrgWQu110Ba8gJ4QxaFrEKKpZAczOHCosz0oy","previousCounter":0,"rootKey":"miRTc1QB0X76SDZevO4Nu3EhV3+AuKbutbPNhiccB/U="},"indexInfo":{"baseKey":"BZLNmRX7cTlN2KIBGxSf2t58aFgN0unU0sdFXZ4dPxpd","baseKeyType":1,"closed":-1,"used":1753170896709,"created":1753170896709,"remoteIdentityKey":"BZA9GGOwoVbVs4BOEBW7yzDnz3bs3IX55RzrPIPXAhM5"},"_chains":{"BWE/gZXr5JjTn0Z6ypraJRgXuAGn6BFXKOHRd810Rq8r":{"chainKey":{"counter":0,"key":"20YkSqYpHNk62mS9VesmCGsLHb9+vfFWgcS6A5PdXoE="},"chainType":1,"messageKeys":{}}},"pendingPreKey":{"signedKeyId":0,"baseKey":"BZLNmRX7cTlN2KIBGxSf2t58aFgN0unU0sdFXZ4dPxpd"}}},"version":"v1"}