{"_sessions":{"Bc+2Wg9fvgHd1NQeRQfeVzpn/YG1/WB9UEdAincADt0E":{"registrationId":1582012171,"currentRatchet":{"ephemeralKeyPair":{"pubKey":"Bef38g4Tslkr8GisakUCBsK/zNXFFyXUuTvQtvhpsLcf","privKey":"SIOsPH2w0FtGZ+6R9KdqUwIRUyn6c/e3N1oWMkocPUQ="},"lastRemoteEphemeralKey":"BZrB1AUwtmMD94OALyLXNpGit9syMecAoaA1O9liinoV","previousCounter":0,"rootKey":"q2qnNbCJo9X+7ozNolNvlAE9JvnWL6CrPMAeK9jbt0I="},"indexInfo":{"baseKey":"Bc+2Wg9fvgHd1NQeRQfeVzpn/YG1/WB9UEdAincADt0E","baseKeyType":1,"closed":-1,"used":1753170896453,"created":1753170896453,"remoteIdentityKey":"BcBeG2gTnmuGNUnX9Bm5XxIoucawHnnf+4XKCgWmDBBf"},"_chains":{"Bef38g4Tslkr8GisakUCBsK/zNXFFyXUuTvQtvhpsLcf":{"chainKey":{"counter":0,"key":"+ScIb/ajIQAROelS+6M/14pnIh2qJrkC0kbOdbhWKjs="},"chainType":1,"messageKeys":{}}},"pendingPreKey":{"signedKeyId":1,"baseKey":"Bc+2Wg9fvgHd1NQeRQfeVzpn/YG1/WB9UEdAincADt0E","preKeyId":10208509}}},"version":"v1"}