{"_sessions":{"Bf6ygtz4XTvI4N4qORKLqdRfAncPP4Zc/RetBY41pTJV":{"registrationId":966401282,"currentRatchet":{"ephemeralKeyPair":{"pubKey":"BcbVgaT3ABmEw493wjzz9g+92N3bSrH9K9AET5K5pQ94","privKey":"CDG1x/H6dr2BwUOIVVxmz+a8WeqYtCSs8iqSWYGCsmE="},"lastRemoteEphemeralKey":"BeTwxeNkQqZBGkegSlgt0yYOxWQ46ptTS0ltuNVdOuRE","previousCounter":0,"rootKey":"rjRr98mpZg05iCGtBSnthJFMKHoKYkEeeKNRmi+4sRc="},"indexInfo":{"baseKey":"Bf6ygtz4XTvI4N4qORKLqdRfAncPP4Zc/RetBY41pTJV","baseKeyType":1,"closed":-1,"used":1753170896636,"created":1753170896636,"remoteIdentityKey":"BV7ztV81AKNfDrWsaCB0+h97IbhAcqq4GkiJsvVdOD9Z"},"_chains":{"BcbVgaT3ABmEw493wjzz9g+92N3bSrH9K9AET5K5pQ94":{"chainKey":{"counter":0,"key":"0+5+CS+uVkJ2huvKG4RAVAyYYNY+1UpQ8R67N/q8v1w="},"chainType":1,"messageKeys":{}}},"pendingPreKey":{"signedKeyId":2,"baseKey":"Bf6ygtz4XTvI4N4qORKLqdRfAncPP4Zc/RetBY41pTJV","preKeyId":3316613}}},"version":"v1"}