{"_sessions":{"BV5zQg9QMUYHFMpJMRjMs5zJnm2rZb3aobIqZ/G8daxZ":{"registrationId":1396094875,"currentRatchet":{"ephemeralKeyPair":{"pubKey":"BW5QjtPb/b3egtbp7pwm0U/nB9VMbxoWF7fduaBVJo5q","privKey":"mO1JrVNzG58XYxeYJJRgVeiK2mfUgBAFBB6HpQEjzW8="},"lastRemoteEphemeralKey":"BcjOa0diCxn4hFuIc6hfWIvlnyD6T28CUB8mWznNm4wA","previousCounter":0,"rootKey":"hiAtHlwCZ8N7tOQO1JiOQmbRa3TcvYr2gwf6OjigTxc="},"indexInfo":{"baseKey":"BV5zQg9QMUYHFMpJMRjMs5zJnm2rZb3aobIqZ/G8daxZ","baseKeyType":2,"closed":-1,"used":1753172206089,"created":1753172206089,"remoteIdentityKey":"BRlluJQcW6WxwC36SWDUg5oZRItbmzsbDwiWGSAPL2Ie"},"_chains":{"BcjOa0diCxn4hFuIc6hfWIvlnyD6T28CUB8mWznNm4wA":{"chainKey":{"counter":0,"key":"HlnYzTZygKjBvYfILcLWt5Z0fRXpl0ND3N3CoS/KSQ8="},"chainType":2,"messageKeys":{}},"BW5QjtPb/b3egtbp7pwm0U/nB9VMbxoWF7fduaBVJo5q":{"chainKey":{"counter":-1,"key":"U44+8RSmMJoy6d4gzmqg1+7AyJYs7k47iK1Eknl4Ff0="},"chainType":1,"messageKeys":{}}}}},"version":"v1"}