{"_sessions":{"BTmVs4WFopJDMECNs86pRxKklsuY1tUxmAG6evQhesB0":{"registrationId":80837403,"currentRatchet":{"ephemeralKeyPair":{"pubKey":"BbLaf0WxYz9VV/r7s7C/HlztgNYoVphxJ/1ixkxFSwQu","privKey":"IOJ6t4pQN/25vtVlcBi6R1Fah9F6erynJ37OqLMMyms="},"lastRemoteEphemeralKey":"BUVADT9QaKDOso5lVRYgd6qBRax/0z4IEcpH1oWmRs4o","previousCounter":0,"rootKey":"41uZpoYR9qPaNn8l67b7iiFbpnXz5fjQ1VsEJuDrrBI="},"indexInfo":{"baseKey":"BTmVs4WFopJDMECNs86pRxKklsuY1tUxmAG6evQhesB0","baseKeyType":1,"closed":-1,"used":1753170896388,"created":1753170896388,"remoteIdentityKey":"BZtrwBpOZMNyoAI0HMpvLFk8UVLzmlriwGjHoxEWo5Rh"},"_chains":{"BbLaf0WxYz9VV/r7s7C/HlztgNYoVphxJ/1ixkxFSwQu":{"chainKey":{"counter":0,"key":"sm/uHF9mRB/rSKEK426wrniw+4sonb3M3NWf86GAb4M="},"chainType":1,"messageKeys":{}}},"pendingPreKey":{"signedKeyId":2,"baseKey":"BTmVs4WFopJDMECNs86pRxKklsuY1tUxmAG6evQhesB0","preKeyId":1870118}}},"version":"v1"}