{"_sessions":{"BRRUXdkXF+Dpo1mwAVMpg/3Mnyi+fRidcPovd/JkSmxC":{"registrationId":717535784,"currentRatchet":{"ephemeralKeyPair":{"pubKey":"Bc36zkp+zz7y83cx8Pyeu232Oo++afP1cHR/x6Z+bUMV","privKey":"MPIIhGVMST+0lC39JG+Va31CdrassdTmUSA6eKm3BEA="},"lastRemoteEphemeralKey":"BVwIe6xEoH+faAWBZ8bS/zRKpbPYfj//SVoj37HCrw8M","previousCounter":0,"rootKey":"k5OnqQxVWGisBhA6eLG6rDEsOSKxlEnUe0lipWVkDMk="},"indexInfo":{"baseKey":"BRRUXdkXF+Dpo1mwAVMpg/3Mnyi+fRidcPovd/JkSmxC","baseKeyType":1,"closed":-1,"used":1753170896690,"created":1753170896690,"remoteIdentityKey":"BR39+/TLEdueiDuVgquTNdGy2H5w9fB/uw7PA1KQ8wM/"},"_chains":{"Bc36zkp+zz7y83cx8Pyeu232Oo++afP1cHR/x6Z+bUMV":{"chainKey":{"counter":0,"key":"f0hH557C9zCJSMRtPotB1vNF2mjH8tbCqwgnjfpiOXw="},"chainType":1,"messageKeys":{}}},"pendingPreKey":{"signedKeyId":0,"baseKey":"BRRUXdkXF+Dpo1mwAVMpg/3Mnyi+fRidcPovd/JkSmxC","preKeyId":2031543}}},"version":"v1"}