{"_sessions":{"BfkJbYCZBbhktRNNpIU6Qr653sY/pZs/uhvLiOd01dJi":{"registrationId":581963771,"currentRatchet":{"ephemeralKeyPair":{"pubKey":"BUqaMzNQPgo2u+w2UyhWI1N0yIKm0xdkfRpyUehP28F8","privKey":"UBkH5qe8xiGexhvaXBHxJ0viFQ0bCIxVebUqUsNtqH0="},"lastRemoteEphemeralKey":"BZOotiq1M+nmcmPgD+V7gXjrTqkt/jak7GBSJOlYLGFi","previousCounter":0,"rootKey":"QKhHyTUUKcX2yYDdxh4BhLmYm0TFnCLLL01TkJYC6hI="},"indexInfo":{"baseKey":"BfkJbYCZBbhktRNNpIU6Qr653sY/pZs/uhvLiOd01dJi","baseKeyType":1,"closed":-1,"used":1753170896706,"created":1753170896706,"remoteIdentityKey":"BXnXTK3wwAqB033B4UN1iu/T3uNUM0QjNNpIjkaelcdl"},"_chains":{"BUqaMzNQPgo2u+w2UyhWI1N0yIKm0xdkfRpyUehP28F8":{"chainKey":{"counter":0,"key":"cuqG75V3h62drBXA/Pk7JnnEz+Dq3n0G/qzIa8jzKMU="},"chainType":1,"messageKeys":{}}},"pendingPreKey":{"signedKeyId":0,"baseKey":"BfkJbYCZBbhktRNNpIU6Qr653sY/pZs/uhvLiOd01dJi"}}},"version":"v1"}