{"_sessions":{"BZIbVhHhRVVSdAZiHk4ECRAmM87C6JEN70BYtxRBaLVz":{"registrationId":1866626430,"currentRatchet":{"ephemeralKeyPair":{"pubKey":"BZde49IqbSinfswyYImcTm8OVrtgeKVFD1IwvLC4Pudm","privKey":"cKeHRdNGmrrX8QBBYc88Ae5jxXWtbPw3b1GJho5++1Q="},"lastRemoteEphemeralKey":"BcbPct98gRDwlhzGgP6RlJSVlFNuKLWjTIkHakJw+74i","previousCounter":0,"rootKey":"OHygjaOfbGINeCPZvBJP4mQFuCnBmhebcbNud6bC9pk="},"indexInfo":{"baseKey":"BZIbVhHhRVVSdAZiHk4ECRAmM87C6JEN70BYtxRBaLVz","baseKeyType":2,"closed":-1,"used":1753168007073,"created":1753168007073,"remoteIdentityKey":"BW8yyi/pR1VtsLDzQX89JjzELsNDkIpA76fWJ/rstbo2"},"_chains":{"BcbPct98gRDwlhzGgP6RlJSVlFNuKLWjTIkHakJw+74i":{"chainKey":{"counter":0,"key":"bZllK8hyi7QKOXjR20j94jOHkPRO/VpdUyV+hfafSj8="},"chainType":2,"messageKeys":{}},"BZde49IqbSinfswyYImcTm8OVrtgeKVFD1IwvLC4Pudm":{"chainKey":{"counter":-1,"key":"hhMInQOxxPFPQr1KN7YabImBNg3vqX4aKRGBO5uHzvM="},"chainType":1,"messageKeys":{}}}}},"version":"v1"}