{"_sessions":{"BU3V2Y/prQctdpXHL02Vuo50/OlGxa8iV3O/4h2BnXkf":{"registrationId":922993799,"currentRatchet":{"ephemeralKeyPair":{"pubKey":"BbaluRQRSta6GZqvNEPgLTzDhEPk60OOXu1lwyHvbnFU","privKey":"UOgREgCpwNfcaTtbclDFpCIW9INF0L671j+oyy0c53k="},"lastRemoteEphemeralKey":"BVPGkvFfw+i/M3yjqQdclNfDJGFXmFWhmPie2Qu4PARs","previousCounter":0,"rootKey":"YoyzggKvTYAiHCl/zUzlfw+hyepxvg/CjwmcEU2+cTg="},"indexInfo":{"baseKey":"BU3V2Y/prQctdpXHL02Vuo50/OlGxa8iV3O/4h2BnXkf","baseKeyType":1,"closed":-1,"used":1753174282191,"created":1753174282191,"remoteIdentityKey":"BbNm8M3oDwOgqn/JW8ljWIFUsCbQUyPiGFPM1gVrPHdA"},"_chains":{"BbaluRQRSta6GZqvNEPgLTzDhEPk60OOXu1lwyHvbnFU":{"chainKey":{"counter":0,"key":"Ekjehkqs8DbUvHMX9Tja/LQSHyljJuglBLGdug5jEM0="},"chainType":1,"messageKeys":{}}},"pendingPreKey":{"signedKeyId":3,"baseKey":"BU3V2Y/prQctdpXHL02Vuo50/OlGxa8iV3O/4h2BnXkf","preKeyId":13766262}}},"version":"v1"}