{"_sessions":{"Bfc0SyrPH72UzHGU8aQfLObqBhZfPH6VDEQSqB4o1Itl":{"registrationId":141,"currentRatchet":{"ephemeralKeyPair":{"pubKey":"BSydfqsPKXzXbpo2UMDRa35YiPfSjvNm4gkqJsQw0F44","privKey":"MD82tZ+rKsVNpTX7WHcw9Chh3pY/Nq7Dpj74AK1bFVY="},"lastRemoteEphemeralKey":"BV9esN+S64aqwXduuj4sn9v7CgFtXHyuIPqqtdnbgYIN","previousCounter":0,"rootKey":"0C8S2pzBhxjvTFJvTSop+L8Cwp+75MmKhXnxCyYmuQ4="},"indexInfo":{"baseKey":"Bfc0SyrPH72UzHGU8aQfLObqBhZfPH6VDEQSqB4o1Itl","baseKeyType":1,"closed":-1,"used":1753168406679,"created":1753168406679,"remoteIdentityKey":"Bbyghe77tMobmQ6npVI2k+lrs+w9A4w5hR0FXRxovmFn"},"_chains":{"BSydfqsPKXzXbpo2UMDRa35YiPfSjvNm4gkqJsQw0F44":{"chainKey":{"counter":0,"key":"MmdC0qy/lrlgaf9Fk1By8QT3JEomZBV29x1tEtAfLPM="},"chainType":1,"messageKeys":{}}},"pendingPreKey":{"signedKeyId":1,"baseKey":"Bfc0SyrPH72UzHGU8aQfLObqBhZfPH6VDEQSqB4o1Itl","preKeyId":1788}}},"version":"v1"}