{"_sessions":{"BcG1ew6/67xCz2XyzZqV2SOXdfnAPsCPwf1LJ0mSxTdQ":{"registrationId":1243725284,"currentRatchet":{"ephemeralKeyPair":{"pubKey":"BbGjNKc0iADuscWddTuCFlqu0qJJzQxpH4iDFz08rcUP","privKey":"eDkw9cKseX3DrJ9TL/cE0mp/SW1me2FtydLfBCauR38="},"lastRemoteEphemeralKey":"BRvLs+9ULpnitlPay2vi0Sb57eEVaSfrnPd8mCyHUF8K","previousCounter":0,"rootKey":"RpLlJbZ9EDgJVbg397pZjkV179h1IabHYliILvh+BuQ="},"indexInfo":{"baseKey":"BcG1ew6/67xCz2XyzZqV2SOXdfnAPsCPwf1LJ0mSxTdQ","baseKeyType":2,"closed":1753168196041,"used":1753167970314,"created":1753167970314,"remoteIdentityKey":"BTcrsnZTT+rNiIC4NFtsU16go+qilyR6BRjZGa1ArfUT"},"_chains":{"BRvLs+9ULpnitlPay2vi0Sb57eEVaSfrnPd8mCyHUF8K":{"chainKey":{"counter":3,"key":"vlf9+SMtJcynBDGqFiQA19YIeA1oaT19HrOU12YNRbw="},"chainType":2,"messageKeys":{}},"BbGjNKc0iADuscWddTuCFlqu0qJJzQxpH4iDFz08rcUP":{"chainKey":{"counter":-1,"key":"ow0np1HtE6Tnm4KiQ6F1i06CZAGd3rOrO42PnyI1RVY="},"chainType":1,"messageKeys":{}}}},"BbRZWbG6QB1hJxPchXZ+c/hmVjrsEwqOBqt/76hvXm4P":{"registrationId":1243725284,"currentRatchet":{"ephemeralKeyPair":{"pubKey":"BWftdBV86Xm/AW26KOJqgYMP9ZpPQaeOJGpKm76J/nwR","privKey":"yDWYH1IDlySmvGUF/ShUrlv6Wwuk8XWKVICvmXekv2A="},"lastRemoteEphemeralKey":"BTM0gjUcsCi91XuhOx1OWbDEDLKm8833XDI3wcq2Qmw3","previousCounter":0,"rootKey":"4RWH1QS9Q/vgnNXEBAb8UPMmWcs/sgYT0gv1NNTVer0="},"indexInfo":{"baseKey":"BbRZWbG6QB1hJxPchXZ+c/hmVjrsEwqOBqt/76hvXm4P","baseKeyType":2,"closed":-1,"used":1753168196045,"created":1753168196045,"remoteIdentityKey":"BTcrsnZTT+rNiIC4NFtsU16go+qilyR6BRjZGa1ArfUT"},"_chains":{"BTM0gjUcsCi91XuhOx1OWbDEDLKm8833XDI3wcq2Qmw3":{"chainKey":{"counter":50,"key":"eZ+W6sf2lvDNwYZGdwu+lv2822q1ui+8/+X9dw4hebU="},"chainType":2,"messageKeys":{"0":"LNCfRCYINdGO9p5w0yQ62FKF3+f8+smuwL5THq7+akg="}},"BWftdBV86Xm/AW26KOJqgYMP9ZpPQaeOJGpKm76J/nwR":{"chainKey":{"counter":-1,"key":"0nX4+z3pg0EYHE+yVVohFzpadLmjfLba9ATXTLolcZM="},"chainType":1,"messageKeys":{}}}}},"version":"v1"}