{"_sessions":{"BRtqYKhkAHIl00/dA7D9XZ00csHZ4ApyM6vrAR5PB4RZ":{"registrationId":170,"currentRatchet":{"ephemeralKeyPair":{"pubKey":"BZkv6UcYMBW4bgj7i0J8bfkoJlUMX1rbhS5NRaJLEK0K","privKey":"MA20dQ76fOrORWbWvsd4NRGDfMOgtMhKzaQo1Nw3WVM="},"lastRemoteEphemeralKey":"BTea4To/pH08SvSLdL+ULin707mOOYtggnOa8kbo7nIr","previousCounter":0,"rootKey":"CvIF9gn3x+7K8hu2AdvC581HPWfeNLqSRMX5SM7mvPw="},"indexInfo":{"baseKey":"BRtqYKhkAHIl00/dA7D9XZ00csHZ4ApyM6vrAR5PB4RZ","baseKeyType":1,"closed":-1,"used":1753170896210,"created":1753170896210,"remoteIdentityKey":"BeEdmCUz+e2yCZxFB5arI6xKGazYKcS5Io0svoQprEV0"},"_chains":{"BZkv6UcYMBW4bgj7i0J8bfkoJlUMX1rbhS5NRaJLEK0K":{"chainKey":{"counter":0,"key":"3o9A/lu6rmNX3DoSRHTVQzd98hJorg19uxQcBinFc30="},"chainType":1,"messageKeys":{}}},"pendingPreKey":{"signedKeyId":1,"baseKey":"BRtqYKhkAHIl00/dA7D9XZ00csHZ4ApyM6vrAR5PB4RZ"}}},"version":"v1"}