{"_sessions":{"BckIFMQr+IiyhxyQ7yH0odRPq96U3eYD5j9O04oqF/9i":{"registrationId":422634613,"currentRatchet":{"ephemeralKeyPair":{"pubKey":"Bet9Cjjtj07wH6fx+0IY0j2JCBFp2ySxtSSS5UlsSH1Z","privKey":"IGvrwiVJnkrDe8OtAZYFIhxDBqP6hmbCpxpgDfKXoGE="},"lastRemoteEphemeralKey":"Bd0aHse+m1/oqlvZPPEYO+xtzS1rimZBfsPvAVOsZJ9/","previousCounter":0,"rootKey":"n//09RwAAlbLcdW7/4dyi1JXeEpPv+YULN2SmFNPMHY="},"indexInfo":{"baseKey":"BckIFMQr+IiyhxyQ7yH0odRPq96U3eYD5j9O04oqF/9i","baseKeyType":1,"closed":-1,"used":1753170896702,"created":1753170896702,"remoteIdentityKey":"BV9qpyzABDzNhRHVu6AEcaZVE4Gphp6g7DVma0izZ9RD"},"_chains":{"Bet9Cjjtj07wH6fx+0IY0j2JCBFp2ySxtSSS5UlsSH1Z":{"chainKey":{"counter":0,"key":"XRrNagVPoGXCMGWIj749TMHbbMqjH6BQzCB1/IPHEV8="},"chainType":1,"messageKeys":{}}},"pendingPreKey":{"signedKeyId":11274992,"baseKey":"BckIFMQr+IiyhxyQ7yH0odRPq96U3eYD5j9O04oqF/9i","preKeyId":329}}},"version":"v1"}