{"_sessions":{"BbcNo3/AO0PHpqTQiFW5gJ5ldiIPY1nAL5LgvkcLqFlh":{"registrationId":1832733958,"currentRatchet":{"ephemeralKeyPair":{"pubKey":"BfiYVV0/7Lr2Wd2eK+Ky+sD9py49I/PvkIdN1Vpa3qgZ","privKey":"aIrx42V1peyAO29gpZ6CBHPZuVmy3rE1tZ4fsiN0LX8="},"lastRemoteEphemeralKey":"BQZuoYc5NYBsTEjESsrJXZYmU+PAKhrdqH4k8XE+BH4p","previousCounter":0,"rootKey":"uqbLCXfipSMrCTjp9oUhWKBt2tXvcH7scZzHt0vvGM0="},"indexInfo":{"baseKey":"BbcNo3/AO0PHpqTQiFW5gJ5ldiIPY1nAL5LgvkcLqFlh","baseKeyType":1,"closed":-1,"used":1753170896300,"created":1753170896300,"remoteIdentityKey":"BTZ2N4mnUGJmGN0ueADZ2k/mTDgOgoSON6VlL9C9sVwv"},"_chains":{"BfiYVV0/7Lr2Wd2eK+Ky+sD9py49I/PvkIdN1Vpa3qgZ":{"chainKey":{"counter":0,"key":"UYY7UpLhSIKWnX3VUe6Z9LRAGOD6LNM8F0NavKmF0Y8="},"chainType":1,"messageKeys":{}}},"pendingPreKey":{"signedKeyId":0,"baseKey":"BbcNo3/AO0PHpqTQiFW5gJ5ldiIPY1nAL5LgvkcLqFlh"}}},"version":"v1"}