{"_sessions":{"BeNKkcXQRb2wxnptzrVpG0wO0oLydJrlOYwzUE27fNI6":{"registrationId":239,"currentRatchet":{"ephemeralKeyPair":{"pubKey":"BQzztRKX3LTXWdwFtVpwZSMMADtlIEHmlclmO74/NxQQ","privKey":"4Lf/TfDYvEkGlxNQMiMfgEazZo78eW6P8I55gdIqoFw="},"lastRemoteEphemeralKey":"BQL3TWRrk/Z0XrJiBxFVS/koE0xEdAOzwh7QLyX0opBL","previousCounter":0,"rootKey":"Ru6IA7dIqkwaceg2YcuyTiY2ucMzjZXeRt04Wfmsv4I="},"indexInfo":{"baseKey":"BeNKkcXQRb2wxnptzrVpG0wO0oLydJrlOYwzUE27fNI6","baseKeyType":1,"closed":-1,"used":1753174282098,"created":1753174282098,"remoteIdentityKey":"BTMEYLyhLsO+3oHnDDF0bMbS0UZrS1bxYNxHVqOAnpAl"},"_chains":{"BQzztRKX3LTXWdwFtVpwZSMMADtlIEHmlclmO74/NxQQ":{"chainKey":{"counter":0,"key":"YtTqwMhv0PzgwxF4jyfqUU2h6kzyfg/ytSqH2H04sqQ="},"chainType":1,"messageKeys":{}}},"pendingPreKey":{"signedKeyId":1,"baseKey":"BeNKkcXQRb2wxnptzrVpG0wO0oLydJrlOYwzUE27fNI6"}}},"version":"v1"}