{"_sessions":{"BddgGg/i74lTy39zD0wutRiXs1LqWgNCJ+5eAvM9YcR6":{"registrationId":747308730,"currentRatchet":{"ephemeralKeyPair":{"pubKey":"Be4pEzaO3EzyyxTpfz+PKhNzDsbDRoL5lvPLPPYVcwJw","privKey":"EIgiwtaalNfmcdyPNjltaauwTZdO3AZuTLQqIUAOVE4="},"lastRemoteEphemeralKey":"BQQaxCtJ4d465iwP0WO9MNVa1zLV1uv4A83JmHTDI3wR","previousCounter":0,"rootKey":"lR2Yxvhm/Nw238D9LqTVZiq1ugLRShluEcPWOYyma4k="},"indexInfo":{"baseKey":"BddgGg/i74lTy39zD0wutRiXs1LqWgNCJ+5eAvM9YcR6","baseKeyType":1,"closed":-1,"used":1753170896713,"created":1753170896713,"remoteIdentityKey":"BYUEa+4Jm5a5vsO8A5sJ3o6AgwEeuzdTzHugNP1Mt/QU"},"_chains":{"Be4pEzaO3EzyyxTpfz+PKhNzDsbDRoL5lvPLPPYVcwJw":{"chainKey":{"counter":0,"key":"h7YP6m7a8dvAmW28bW67V2MTmEvCMnmQoBhhM+c1tBk="},"chainType":1,"messageKeys":{}}},"pendingPreKey":{"signedKeyId":4,"baseKey":"BddgGg/i74lTy39zD0wutRiXs1LqWgNCJ+5eAvM9YcR6","preKeyId":221818}}},"version":"v1"}