{"_sessions":{"BftFDCie7JXr04diWwGlhutfezlh0y3V63YZ8VhwEY5j":{"registrationId":203,"currentRatchet":{"ephemeralKeyPair":{"pubKey":"BV/pa0rOq4jcyNL5+S9Q12eomk/eVC182SgQCOnqbpNn","privKey":"OOqouUAmM/eBHdqKQcK9VHYwcTgvw7bHYNYtbEtQ/U8="},"lastRemoteEphemeralKey":"BcCw9NEJ3VW4vysR8IzsVvXTCrX2pe61GqzZIv5DXYJ+","previousCounter":0,"rootKey":"uTWVRM+sah0oxCQA++1bLDYa8bG2GA9mwxpAl7BexZk="},"indexInfo":{"baseKey":"BftFDCie7JXr04diWwGlhutfezlh0y3V63YZ8VhwEY5j","baseKeyType":1,"closed":-1,"used":1753168406711,"created":1753168406711,"remoteIdentityKey":"BaClIKxs8ufPHWZ0H0QovNGvSZU0Fnyi0anpWfISOqFG"},"_chains":{"BV/pa0rOq4jcyNL5+S9Q12eomk/eVC182SgQCOnqbpNn":{"chainKey":{"counter":0,"key":"sJQO1BC4dwH1VknbwdSnsN7rLrUj7oJ+mVc9edNbMWs="},"chainType":1,"messageKeys":{}}},"pendingPreKey":{"signedKeyId":1,"baseKey":"BftFDCie7JXr04diWwGlhutfezlh0y3V63YZ8VhwEY5j"}}},"version":"v1"}