{"_sessions":{"BUWEA2Ma96eQFCEL/U7OkY8ogisFLVi05rca8jWZO1lb":{"registrationId":6695,"currentRatchet":{"ephemeralKeyPair":{"pubKey":"BYesH8RvLeGm2xK76eY6z6mEpAszl+Qmhuej4bFlQYxJ","privKey":"EH+ZFFSM+e8uUzW0no+SzoIN4JMkNUOQKG8NfVCQOXY="},"lastRemoteEphemeralKey":"Bdnf/SmqZlpMNZ0JIyakGdcUx5asnqm/fh5gAKZbVXYD","previousCounter":0,"rootKey":"t+ryyvoMIXuwk1UlrIwd6pbq28YJ77dlbqWIVkX4LWU="},"indexInfo":{"baseKey":"BUWEA2Ma96eQFCEL/U7OkY8ogisFLVi05rca8jWZO1lb","baseKeyType":1,"closed":-1,"used":1753170896247,"created":1753170896247,"remoteIdentityKey":"BekrssHLbTbHHSqdMUeiC87USHlC30QneiLX1Xr9ar40"},"_chains":{"BYesH8RvLeGm2xK76eY6z6mEpAszl+Qmhuej4bFlQYxJ":{"chainKey":{"counter":0,"key":"QRY9XAciCASfY426QMpNrUsqTUHm6+FtZ+DMSk0Mb6s="},"chainType":1,"messageKeys":{}}},"pendingPreKey":{"signedKeyId":1,"baseKey":"BUWEA2Ma96eQFCEL/U7OkY8ogisFLVi05rca8jWZO1lb"}}},"version":"v1"}