{"_sessions":{"BZisZu6F0aNqTdGk/OtHvSX6yfmpTacL5YNodxcfBPRd":{"registrationId":124477218,"currentRatchet":{"ephemeralKeyPair":{"pubKey":"BU4lb8ew7TB60O6mz9qjB1ExrgprA7iBSEJy9ckZY5Mq","privKey":"2I41oGl8aetne7w9l6bmpakhY7E/3n6l8cUeqRQ59FE="},"lastRemoteEphemeralKey":"BVadaMhAJwXqmVQ/Ff7oRAbzW36RvTXMm9Tha3j1tl5D","previousCounter":0,"rootKey":"/qa4SFTPpCwEawCBghc43TtVKeWwijJJMFi4zrczXLk="},"indexInfo":{"baseKey":"BZisZu6F0aNqTdGk/OtHvSX6yfmpTacL5YNodxcfBPRd","baseKeyType":1,"closed":-1,"used":1753170896296,"created":1753170896296,"remoteIdentityKey":"BfkLN52yMKyxs1EHbTJYBO/Ch4VKcYFSnImpMbZbiUNv"},"_chains":{"BU4lb8ew7TB60O6mz9qjB1ExrgprA7iBSEJy9ckZY5Mq":{"chainKey":{"counter":0,"key":"5rpKyhEq0jNbSz1M0KCGxAjj3nUAM0IiGnDbc7gTAMs="},"chainType":1,"messageKeys":{}}},"pendingPreKey":{"signedKeyId":0,"baseKey":"BZisZu6F0aNqTdGk/OtHvSX6yfmpTacL5YNodxcfBPRd"}}},"version":"v1"}