{"_sessions":{"BadC7LtCDhRB4eTAFQbQSDU9DdNNrQC+nW8tJM6AuFtg":{"registrationId":144024122,"currentRatchet":{"ephemeralKeyPair":{"pubKey":"BTWIrITqMbJT/8D9HxgDZACSX/1+nUqsNZ0rAs2K9Vc4","privKey":"+EocRSCZIzdERk4KGXdXZDrA6hHKjh8UW2yKZUtrJUo="},"lastRemoteEphemeralKey":"BSaNYvPa5V+k880Dg93F93mftEAr1F94BAHeLI1h45QZ","previousCounter":0,"rootKey":"zL9BS5EgeVwfRqOKY705048pA+zeVN07jBbTAxp5MuE="},"indexInfo":{"baseKey":"BadC7LtCDhRB4eTAFQbQSDU9DdNNrQC+nW8tJM6AuFtg","baseKeyType":1,"closed":-1,"used":1753174282117,"created":1753174282117,"remoteIdentityKey":"BS2AocsyennubYSWZuPeRUrI+AL+UBlCBQd+caXXR6c6"},"_chains":{"BTWIrITqMbJT/8D9HxgDZACSX/1+nUqsNZ0rAs2K9Vc4":{"chainKey":{"counter":0,"key":"+/+/QM7IyalhV8nOFqbuywGhKR3ApQf8l0UP26j5Lvg="},"chainType":1,"messageKeys":{}}},"pendingPreKey":{"signedKeyId":10,"baseKey":"BadC7LtCDhRB4eTAFQbQSDU9DdNNrQC+nW8tJM6AuFtg","preKeyId":5736170}}},"version":"v1"}