{"_sessions":{"BeMItbgjVtYQ7tvH48/AjdvrqhWesqJEqURLGAOLRJA5":{"registrationId":1754397520,"currentRatchet":{"ephemeralKeyPair":{"pubKey":"BZAhfobn4GwAQ8sGeIL5gDU45juymiB0mxix+qC++Ele","privKey":"GJMu/fvAfYzvd/5DDt5RmsZTTRl1kzdSyDX6D6DTf0g="},"lastRemoteEphemeralKey":"BWZSWFx1tZK0KoWOUCqKlBilDQwUWlCQFpyVuX4ZuOl6","previousCounter":0,"rootKey":"h6h6omLDcdRfgoDowBasiq8SvsSxbNaSteXgYox0DnU="},"indexInfo":{"baseKey":"BeMItbgjVtYQ7tvH48/AjdvrqhWesqJEqURLGAOLRJA5","baseKeyType":1,"closed":-1,"used":1753170896328,"created":1753170896328,"remoteIdentityKey":"BTVoXe/ppcVpj0rF0aA0cqNcPktt1ij41gnBxxuXLaUM"},"_chains":{"BZAhfobn4GwAQ8sGeIL5gDU45juymiB0mxix+qC++Ele":{"chainKey":{"counter":0,"key":"fzUDsrNQPYUnmoUYkO8Uzj3CSc/t92upZyTyjZ7mqVs="},"chainType":1,"messageKeys":{}}},"pendingPreKey":{"signedKeyId":1,"baseKey":"BeMItbgjVtYQ7tvH48/AjdvrqhWesqJEqURLGAOLRJA5","preKeyId":12964311}}},"version":"v1"}