{"_sessions":{"BY/gu80po+npKHr5oP0pTbXscX4e+4/r8wMj30eZr0sG":{"registrationId":661701005,"currentRatchet":{"ephemeralKeyPair":{"pubKey":"BQ4DZj5ZiKRFmvlgkgDsgzPtijmzf9u3r34tBG1eSPdY","privKey":"KOfeDK6vQcqczGqIYHvuQCef1zrN3FEwIUK+gCuwPkk="},"lastRemoteEphemeralKey":"BY7zeJ7B/brRjIOkWCrq7HIVcnKLgiKowiyZHYh/RV4t","previousCounter":0,"rootKey":"/SI+RJYqx8dgZt++Fbw4NBa629N6mkLfKU27eCoHkKc="},"indexInfo":{"baseKey":"BY/gu80po+npKHr5oP0pTbXscX4e+4/r8wMj30eZr0sG","baseKeyType":1,"closed":-1,"used":1753170896540,"created":1753170896540,"remoteIdentityKey":"BSUek0DqMaTONK/LpkxrR1osiTlHZBKE3p7lD6UmzmYT"},"_chains":{"BQ4DZj5ZiKRFmvlgkgDsgzPtijmzf9u3r34tBG1eSPdY":{"chainKey":{"counter":0,"key":"tGS3k674vW3EgRp27WQCB1uWMKz1a1F4BOCLROdoEwI="},"chainType":1,"messageKeys":{}}},"pendingPreKey":{"signedKeyId":2,"baseKey":"BY/gu80po+npKHr5oP0pTbXscX4e+4/r8wMj30eZr0sG","preKeyId":1526155}}},"version":"v1"}