{"_sessions":{"BRItL9RXLGYpRN2z26yEi/Lg7XZQaita/yUCrMpq5J9q":{"registrationId":144349068,"currentRatchet":{"ephemeralKeyPair":{"pubKey":"BZbz84Ite9Mh640qhRypf3L782vGGZEDwwx6F+bQ9ncb","privKey":"ULyS8raxB+tDrrtmGs+lai8GHumWC7KU8P4uq+AgW2M="},"lastRemoteEphemeralKey":"BaYMLxZ+a2WEdLuzm5W9uXhDR+zNQRIc6tKSXWyB8Mph","previousCounter":0,"rootKey":"XpmRk1F2RF1jpARX1WpqwBWYXZPVwJ4pCLinTUYvhYE="},"indexInfo":{"baseKey":"BRItL9RXLGYpRN2z26yEi/Lg7XZQaita/yUCrMpq5J9q","baseKeyType":1,"closed":-1,"used":1753170896655,"created":1753170896655,"remoteIdentityKey":"BaTegGlhafsmp2c7o7h5LPxw18mLpi87ZAVq8i9/FoBO"},"_chains":{"BZbz84Ite9Mh640qhRypf3L782vGGZEDwwx6F+bQ9ncb":{"chainKey":{"counter":0,"key":"0rsoyxjE0RGK6dgIvk0xMiC5Wzwy7r6/sY0VJEswxKA="},"chainType":1,"messageKeys":{}}},"pendingPreKey":{"signedKeyId":1,"baseKey":"BRItL9RXLGYpRN2z26yEi/Lg7XZQaita/yUCrMpq5J9q","preKeyId":7014799}}},"version":"v1"}