{"_sessions":{"BVLxZK06YKWcOASTNhM//XnjECdjk/Oj78VJYqT9xgMH":{"registrationId":1857800650,"currentRatchet":{"ephemeralKeyPair":{"pubKey":"BV220HqU5NzrxTFmYKZrU1KsqO0TrZNgubTaEcyuK3Y5","privKey":"SKdPQZ8teWQAvE8lQcVAymZNTuiN59OHt5ESZ/TpVFs="},"lastRemoteEphemeralKey":"BX7iCGN42y21hEgxhnzhJeEySFgsYoMZQTSxaEKY+D9H","previousCounter":0,"rootKey":"1h+glAE5A+A7OTylUNJtQysV0C31zlpGkQ/DFh90HEc="},"indexInfo":{"baseKey":"BVLxZK06YKWcOASTNhM//XnjECdjk/Oj78VJYqT9xgMH","baseKeyType":1,"closed":-1,"used":1753170896423,"created":1753170896423,"remoteIdentityKey":"BdJDk4L+pnfYPsqAaCtkjhiRB3KOGeZXKbcsfgwTSxJ4"},"_chains":{"BV220HqU5NzrxTFmYKZrU1KsqO0TrZNgubTaEcyuK3Y5":{"chainKey":{"counter":0,"key":"xjXbMTeaw5aClc7EXr7f2YNgMxFmPxxL/DwyGCogI2o="},"chainType":1,"messageKeys":{}}},"pendingPreKey":{"signedKeyId":2,"baseKey":"BVLxZK06YKWcOASTNhM//XnjECdjk/Oj78VJYqT9xgMH","preKeyId":5390282}}},"version":"v1"}