{"_sessions":{"BVpRCI/pr5vAz5/hmbh6SeExHD+tB25SZGWOZkkLQYNT":{"registrationId":595994173,"currentRatchet":{"ephemeralKeyPair":{"pubKey":"BUXxZCbyjb/5YHGYVEBD+QZpN5xU5+ttie4BJ83ipspu","privKey":"+Dqc53d+VHIuAGvg/1XuOLpC6sQ2R2WwMmyqOCioJ1Q="},"lastRemoteEphemeralKey":"BSj94o+HBURyJUlqhNnjPHEWKmlI2yQTpygA45E11R0i","previousCounter":0,"rootKey":"QC09sVfl5FXnkdZTgkIqGcqbOKy+xZcimniEpkObgqM="},"indexInfo":{"baseKey":"BVpRCI/pr5vAz5/hmbh6SeExHD+tB25SZGWOZkkLQYNT","baseKeyType":1,"closed":-1,"used":1753170896434,"created":1753170896434,"remoteIdentityKey":"BYoBO5FGAcTdgVx51ho3VKTM2cjJqt4/8EHvyoBpr9Ug"},"_chains":{"BUXxZCbyjb/5YHGYVEBD+QZpN5xU5+ttie4BJ83ipspu":{"chainKey":{"counter":0,"key":"jFwFfn5RCAoPFjCtPijtCh6P54F2phH0IJ5kBDZN4PI="},"chainType":1,"messageKeys":{}}},"pendingPreKey":{"signedKeyId":5,"baseKey":"BVpRCI/pr5vAz5/hmbh6SeExHD+tB25SZGWOZkkLQYNT","preKeyId":13151942}}},"version":"v1"}