{"_sessions":{"Bf4YUgRI1J6tG8+sOeaC9eeychmBtpCmbQGjwQthNvUU":{"registrationId":132,"currentRatchet":{"ephemeralKeyPair":{"pubKey":"BS229KIGXDG0AzxatXFE/hobPj62xbJr8gUZLPUmkYVf","privKey":"2Pi0zyO5svVFp7Pr4p74W+oB3g5SWnGy3Ge4FKq+s1I="},"lastRemoteEphemeralKey":"BWztR/LwE/blHAMxPiMzcxntDRvyrw4x6OUkKvyAnQsq","previousCounter":0,"rootKey":"s2g1E0Qf0/9rFsrJDooOoVdTyrgM43NecPph1U5ZvI0="},"indexInfo":{"baseKey":"Bf4YUgRI1J6tG8+sOeaC9eeychmBtpCmbQGjwQthNvUU","baseKeyType":1,"closed":-1,"used":1753170896184,"created":1753170896184,"remoteIdentityKey":"BXCa1+qV2kysa+xa2b3RyiubPFyZMrrMNTzRXaqoloYn"},"_chains":{"BS229KIGXDG0AzxatXFE/hobPj62xbJr8gUZLPUmkYVf":{"chainKey":{"counter":0,"key":"/cmF2iokQot/bLkiTG6/WG99Ihpxh0aVcgNeopIwzhc="},"chainType":1,"messageKeys":{}}},"pendingPreKey":{"signedKeyId":1,"baseKey":"Bf4YUgRI1J6tG8+sOeaC9eeychmBtpCmbQGjwQthNvUU"}}},"version":"v1"}