{"_sessions":{"Ba45UwLGNQbvDxZa1PyQW3+3q3pMS6AoWvfOnlupMzRD":{"registrationId":1945983526,"currentRatchet":{"ephemeralKeyPair":{"pubKey":"BbcQau1PRnF2xT92yDtPQx4XX/+7ZDexRnicZc05i90f","privKey":"qIe6txhz/IaYOYK0ZX8aCzGAdWm+NjHcuEtOWf3z0G4="},"lastRemoteEphemeralKey":"BesOF/fUfdj1hX+/IdZ+OWF17pTL5iE0NNjen7tWGG5S","previousCounter":0,"rootKey":"NiCj+NJFUG57nnMQ2GstEs0OIdix5O3NXz76AMgh2og="},"indexInfo":{"baseKey":"Ba45UwLGNQbvDxZa1PyQW3+3q3pMS6AoWvfOnlupMzRD","baseKeyType":1,"closed":-1,"used":1753170896604,"created":1753170896604,"remoteIdentityKey":"BdKzj3zIksIBWsD/nyPidgbn8D+XEiYpELg4gugObXMU"},"_chains":{"BbcQau1PRnF2xT92yDtPQx4XX/+7ZDexRnicZc05i90f":{"chainKey":{"counter":0,"key":"1VmsEyfd8c7WPLVwvUXiph2W/yGTQkZA0q2FUYchid0="},"chainType":1,"messageKeys":{}}},"pendingPreKey":{"signedKeyId":1,"baseKey":"Ba45UwLGNQbvDxZa1PyQW3+3q3pMS6AoWvfOnlupMzRD","preKeyId":9331422}}},"version":"v1"}