{"_sessions":{"BUzvurI4xAuyjP+dJ4ivyiCdKGcd/x5ZiyUJKfcPM2EQ":{"registrationId":1752576064,"currentRatchet":{"ephemeralKeyPair":{"pubKey":"BcWSkLphFM7e2cCsbNcMBjn1iFvhCZPXQ63XJoc3fPxd","privKey":"qNB6w1SYau5HJo9f5EVAbNYSmisXg0T1cy/zFI4wXnQ="},"lastRemoteEphemeralKey":"Bco1tVs0mx5RJtbRALL7liELc0gAHuLCMMRp88I4xkN+","previousCounter":0,"rootKey":"fsPRXTY4aT4r8CORhQkpWxtxCOWHHW5DymBBKID4mj4="},"indexInfo":{"baseKey":"BUzvurI4xAuyjP+dJ4ivyiCdKGcd/x5ZiyUJKfcPM2EQ","baseKeyType":1,"closed":-1,"used":1753170896343,"created":1753170896343,"remoteIdentityKey":"BUJnSGDQpVek7+trKFdWK0ouPQb1b+ms6LqYWMvPeWpO"},"_chains":{"BcWSkLphFM7e2cCsbNcMBjn1iFvhCZPXQ63XJoc3fPxd":{"chainKey":{"counter":0,"key":"qrJoizdRZD0GzCx01ysMiZlFqK3rTDSrnT0tJUGxQBQ="},"chainType":1,"messageKeys":{}}},"pendingPreKey":{"signedKeyId":17,"baseKey":"BUzvurI4xAuyjP+dJ4ivyiCdKGcd/x5ZiyUJKfcPM2EQ","preKeyId":15627359}}},"version":"v1"}