{"_sessions":{"BXEZtPTShgfA2YgEg3ULf+Jsjid7xbkv5YHAQz1bQVdr":{"registrationId":1341414496,"currentRatchet":{"ephemeralKeyPair":{"pubKey":"Bc37ozTK0ldiSUCnkCc3d0c5ekO0vWC6IyuP4E8fZ6UV","privKey":"OBASe0013gZHECmoec0iK1yY3CWm/v0eldQJWnsKrk4="},"lastRemoteEphemeralKey":"BZPkKUnZ52ESv7/+snrXj7xuoo6nkZNlkxiXDsIvLTBg","previousCounter":0,"rootKey":"ZauJNARYF3K37+YqtzQqbPAnrdA4tiOFTvALpGcFRNI="},"indexInfo":{"baseKey":"BXEZtPTShgfA2YgEg3ULf+Jsjid7xbkv5YHAQz1bQVdr","baseKeyType":1,"closed":-1,"used":1753170896304,"created":1753170896304,"remoteIdentityKey":"BUU3/PUKGAQAQagli+xJdB9vPcfxQ5U5sZHzWhlRHJQY"},"_chains":{"Bc37ozTK0ldiSUCnkCc3d0c5ekO0vWC6IyuP4E8fZ6UV":{"chainKey":{"counter":0,"key":"oYi7a5TWtjxRH/V/9AXumlMW2vD8yz8OnKDrVhmoa4s="},"chainType":1,"messageKeys":{}}},"pendingPreKey":{"signedKeyId":0,"baseKey":"BXEZtPTShgfA2YgEg3ULf+Jsjid7xbkv5YHAQz1bQVdr"}}},"version":"v1"}