{"_sessions":{"BVwhvYNRBOfbml2wTr38T9/YjI+XyxithUNIaI6sCC98":{"registrationId":2130632420,"currentRatchet":{"ephemeralKeyPair":{"pubKey":"BXjmfRjGSrKke+Rw1zKq9LFYM94uzL2/J7afdACPAyAW","privKey":"AK6LGksvMOJBASQ/w7gj1dWQ5FLfTotwg3HYoc04Amo="},"lastRemoteEphemeralKey":"Bdx6EtgZfPc1iqUATxr5kHgDvRhjcGJRSei9XHJmcAFx","previousCounter":0,"rootKey":"Q5HbD6xL5FioxEiz99jwSep12tJkpN+4iTnKqBztSSI="},"indexInfo":{"baseKey":"BVwhvYNRBOfbml2wTr38T9/YjI+XyxithUNIaI6sCC98","baseKeyType":1,"closed":-1,"used":1753170896721,"created":1753170896721,"remoteIdentityKey":"BYT/S9JtzFrWSuysM6Vu1YiroWqLzDq8vYL7r6If4J4G"},"_chains":{"BXjmfRjGSrKke+Rw1zKq9LFYM94uzL2/J7afdACPAyAW":{"chainKey":{"counter":0,"key":"qzMQdfoThgEgHOsJQa8twWPPs0PNO+gn57LR9WDIbw8="},"chainType":1,"messageKeys":{}}},"pendingPreKey":{"signedKeyId":2,"baseKey":"BVwhvYNRBOfbml2wTr38T9/YjI+XyxithUNIaI6sCC98"}}},"version":"v1"}