{"_sessions":{"Bae1gU6K4TdV+qcX+RMNXtSyTrm3OQU+k1l8UCOrDylZ":{"registrationId":1256885609,"currentRatchet":{"ephemeralKeyPair":{"pubKey":"BQPetfwYhoHcK2ujigI5EBb+ElzZ8hCvoVVrOeOJXJ50","privKey":"UNNrEqdf8pVH9szFK6McFoxewSU2d8BBT+o3RIHP+1Y="},"lastRemoteEphemeralKey":"BeGRdk+D0yhczx+acceuZF7aGkowH0I5BgJAnC5neQtp","previousCounter":0,"rootKey":"8PpRuof9mzUpccZjHm81/+UT1zeKocLgBBFUZ9vKvCU="},"indexInfo":{"baseKey":"Bae1gU6K4TdV+qcX+RMNXtSyTrm3OQU+k1l8UCOrDylZ","baseKeyType":1,"closed":-1,"used":1753170896292,"created":1753170896292,"remoteIdentityKey":"BQr2XwGw5Yvn3IKm+BtjvtiXXqH7IY27Xf41Jpkmu7UC"},"_chains":{"BQPetfwYhoHcK2ujigI5EBb+ElzZ8hCvoVVrOeOJXJ50":{"chainKey":{"counter":0,"key":"KuaYsgN6mpWwdXCZ++dE2/Kn4du+ktSvt1mwpqUtfxs="},"chainType":1,"messageKeys":{}}},"pendingPreKey":{"signedKeyId":0,"baseKey":"Bae1gU6K4TdV+qcX+RMNXtSyTrm3OQU+k1l8UCOrDylZ"}}},"version":"v1"}