{"_sessions":{"BcgN1+mnaRIMjLVzBpgWuHEiImIbYEjCrJMAUCSOVnFy":{"registrationId":1377244914,"currentRatchet":{"ephemeralKeyPair":{"pubKey":"Ba1x4SbRXGYhkuB3lrcdPyX6jJvP+JpPowVIjukjsdA1","privKey":"MNb8xOtQsA8ztMK9atLhMBSBD8enRMbTNzy6Kh6q+nw="},"lastRemoteEphemeralKey":"BUyrpRa0Pe3a/xuypJc9nA7jdQ3EpCPLkcuKwrsbAZFQ","previousCounter":0,"rootKey":"fIxsm9GyxV5k1o68rRAVEY6q0ekXyOn9gv2f298bDJw="},"indexInfo":{"baseKey":"BcgN1+mnaRIMjLVzBpgWuHEiImIbYEjCrJMAUCSOVnFy","baseKeyType":2,"closed":-1,"used":1753168016068,"created":1753168016068,"remoteIdentityKey":"BbFqiAdgtsY5INwOKT3Q9/KdP2QUCQnueQkkNPSDZd9/"},"_chains":{"BUyrpRa0Pe3a/xuypJc9nA7jdQ3EpCPLkcuKwrsbAZFQ":{"chainKey":{"counter":0,"key":"CVFxNNb168GtsJvfQleqb9ZNQ/59yFW8dne+prmt+yg="},"chainType":2,"messageKeys":{}},"Ba1x4SbRXGYhkuB3lrcdPyX6jJvP+JpPowVIjukjsdA1":{"chainKey":{"counter":-1,"key":"210MxlKyINJg0mw3ShQ6KxgqlIrVqZ958TwmI/u8zjA="},"chainType":1,"messageKeys":{}}}}},"version":"v1"}