{"_sessions":{"BRVa7VmmqspOOuDyR59RBwa3M8iGgBnLisVRXp0EABpD":{"registrationId":1135689237,"currentRatchet":{"ephemeralKeyPair":{"pubKey":"BXr06HKutFjHbg+D1FHBi2GN6xIpQEfNXUWRB2qOWgIk","privKey":"cC1h++pIl2Swz8bzR7VNb/63/I+U5XG7LKtswUKVim8="},"lastRemoteEphemeralKey":"BUTt4itETbOhFwV4SGHWKKkDOYIUj3au14O+TMDzg8FU","previousCounter":0,"rootKey":"YHG8CYmp2HOAOGB0WHbJBFx/u3F1X7mJChHVZoITthU="},"indexInfo":{"baseKey":"BRVa7VmmqspOOuDyR59RBwa3M8iGgBnLisVRXp0EABpD","baseKeyType":2,"closed":-1,"used":1753167949830,"created":1753167949830,"remoteIdentityKey":"Bc335iz0fqhBkT0SI3HnClUa3mNPjOFFFMBJ5Pr/np4Y"},"_chains":{"BUTt4itETbOhFwV4SGHWKKkDOYIUj3au14O+TMDzg8FU":{"chainKey":{"counter":1,"key":"MU1WepXer7cxzetEd/AJ3nOpWgxnlhj6/0doVSBtSnQ="},"chainType":2,"messageKeys":{}},"BXr06HKutFjHbg+D1FHBi2GN6xIpQEfNXUWRB2qOWgIk":{"chainKey":{"counter":-1,"key":"RW8+79dJ/ZfLboEBYSlwGvVLMlNCnu0yBXfZohn6/u8="},"chainType":1,"messageKeys":{}}}}},"version":"v1"}