{"_sessions":{"BXm/V9gxFl1oBAgGu1odawOml905eiA9YoARwY/SL6Vo":{"registrationId":1001792899,"currentRatchet":{"ephemeralKeyPair":{"pubKey":"BV6MkemaZloKCvC6L8M7NVv1+Tb6AqZJXl8ku5jEcUd3","privKey":"YPWlQzb5/1UUwktHxlTWLAQNYzIgtMc/UAEoWBz4w3Y="},"lastRemoteEphemeralKey":"BSyLZew6xOig83d/WAGmV5FSl6d/OYR5X3BoyJVJclMP","previousCounter":0,"rootKey":"Jx/St+btE9mk7NHPmV/rJHeJYWKIS5MibJxNAcqvR2I="},"indexInfo":{"baseKey":"BXm/V9gxFl1oBAgGu1odawOml905eiA9YoARwY/SL6Vo","baseKeyType":1,"closed":-1,"used":1753170896348,"created":1753170896348,"remoteIdentityKey":"Bb+ubQRYgdB+5feYWZ9aRdTNUmS0Za5Dwe/uzTRcF1xI"},"_chains":{"BV6MkemaZloKCvC6L8M7NVv1+Tb6AqZJXl8ku5jEcUd3":{"chainKey":{"counter":0,"key":"zC/JzeuIqtxvL5iaaB09v2fUYRaBwsCtwUPqMJP38lA="},"chainType":1,"messageKeys":{}}},"pendingPreKey":{"signedKeyId":0,"baseKey":"BXm/V9gxFl1oBAgGu1odawOml905eiA9YoARwY/SL6Vo","preKeyId":15961132}}},"version":"v1"}