{"_sessions":{"Bbl2RnWz9+br87Kt7vOId8QnoJgdN4ZvwiEARb8uRDlt":{"registrationId":14583,"currentRatchet":{"ephemeralKeyPair":{"pubKey":"BU3ZLWvCGJ07/9B9RUFjFt1JhFhgupAdQlqGWTdHUMVL","privKey":"ONtLXtcc0XiLsSOFL0YCBiZFqDAbElrUABk+/L8oJUM="},"lastRemoteEphemeralKey":"BWWJ/kcz7UrUuRs9qMhu8/LE3691Cx1Ap0G+tqQRPggd","previousCounter":0,"rootKey":"wjrTH7q9q73kn9UxL1Ejq1ftnNg/iM4GHJphwOI19Zk="},"indexInfo":{"baseKey":"Bbl2RnWz9+br87Kt7vOId8QnoJgdN4ZvwiEARb8uRDlt","baseKeyType":1,"closed":-1,"used":1753170896189,"created":1753170896189,"remoteIdentityKey":"Bcwtj2zYBu4BKmvMFKtrdHWmkcJ87H2ftedgO1cY+MUm"},"_chains":{"BU3ZLWvCGJ07/9B9RUFjFt1JhFhgupAdQlqGWTdHUMVL":{"chainKey":{"counter":0,"key":"Y2lEdku5eCj8K2gZw2zpT7YpwcPJpZI/xKHxAro2oGU="},"chainType":1,"messageKeys":{}}},"pendingPreKey":{"signedKeyId":1,"baseKey":"Bbl2RnWz9+br87Kt7vOId8QnoJgdN4ZvwiEARb8uRDlt"}}},"version":"v1"}