{"_sessions":{"BSkbraX9REKsRhb7lzwF+Hjp7cLyWS/q13lV48+HQzh6":{"registrationId":1453368315,"currentRatchet":{"ephemeralKeyPair":{"pubKey":"BfOdMDueknUejp1hYbDeBn0yiFiXaTsHa6qJk6Ayqncb","privKey":"SHiNqkICdZGpQV7K/2q5XW1QeOjHiLFhjlaTLk3671Y="},"lastRemoteEphemeralKey":"BavY66NDcs+MygcPBXiDWHsm0OxjDztpC1o2HoCCNjkm","previousCounter":0,"rootKey":"uyzAIJfumW/KvllJYAK4RTDQGf+FkhfIrwCVHq79VvQ="},"indexInfo":{"baseKey":"BSkbraX9REKsRhb7lzwF+Hjp7cLyWS/q13lV48+HQzh6","baseKeyType":1,"closed":-1,"used":1753170896623,"created":1753170896623,"remoteIdentityKey":"BWy2en4WMxH7yefKQtf1/98zKHPS69cqAOQB+vtBhI94"},"_chains":{"BfOdMDueknUejp1hYbDeBn0yiFiXaTsHa6qJk6Ayqncb":{"chainKey":{"counter":0,"key":"/w55n6SUfuzSlGMMzPVTYYkJLreT6zc2iOrHxmVLjmM="},"chainType":1,"messageKeys":{}}},"pendingPreKey":{"signedKeyId":7598139,"baseKey":"BSkbraX9REKsRhb7lzwF+Hjp7cLyWS/q13lV48+HQzh6","preKeyId":14452}}},"version":"v1"}