{"_sessions":{"BUTDVoezNTtKtF12dKAojbNtGcQ9i1xmyzPIUbszYQNB":{"registrationId":1363085448,"currentRatchet":{"ephemeralKeyPair":{"pubKey":"BcgqQ8oJt3Qz1+nWuG2MIRsS04NCWpSIqQrTJ0hPKOsy","privKey":"0F6uJwSYAchvl3lOun0CuXiBeDUBjgodO9C63uhvOU8="},"lastRemoteEphemeralKey":"BSpNaZpvNcwt6hrAeB/DoONuchsH3mMQz/4WNE+Fy5B8","previousCounter":0,"rootKey":"EQCN6NagQzBPvePuadjwzQGai1APYTY/rzNYrEN45mo="},"indexInfo":{"baseKey":"BUTDVoezNTtKtF12dKAojbNtGcQ9i1xmyzPIUbszYQNB","baseKeyType":1,"closed":-1,"used":1753174282159,"created":1753174282159,"remoteIdentityKey":"BVVoY37RpOzvMQuIJHqYnqc/7CDiM71F91EcBJYirusR"},"_chains":{"BcgqQ8oJt3Qz1+nWuG2MIRsS04NCWpSIqQrTJ0hPKOsy":{"chainKey":{"counter":0,"key":"VQrBAQvzz7Pkl7GR7t6gE7kbavMy2QOTYeKRhBtcVTc="},"chainType":1,"messageKeys":{}}},"pendingPreKey":{"signedKeyId":0,"baseKey":"BUTDVoezNTtKtF12dKAojbNtGcQ9i1xmyzPIUbszYQNB"}}},"version":"v1"}