{"_sessions":{"BeFKYqGYbHvqtwY00tUYDXfK77RxjQaVNbl+P2MEA8o+":{"registrationId":782175457,"currentRatchet":{"ephemeralKeyPair":{"pubKey":"BRwv3Lo1ROgAzmkC1+oNEPOqzQ0pHbS/UlX7aW5E6dEn","privKey":"oMGv/lSX6Zxh1FbQJi+G+xbMuF4HDld+XTqmkAQq+ns="},"lastRemoteEphemeralKey":"BeDNZOz60AB/xTiMn+uj3YUA6xpOu+EE9/6QRB+4NSJ7","previousCounter":0,"rootKey":"TnSzoCwc+/0tsHnN7M8tV7e6/otAEnjpEUlBhvRHUrI="},"indexInfo":{"baseKey":"BeFKYqGYbHvqtwY00tUYDXfK77RxjQaVNbl+P2MEA8o+","baseKeyType":1,"closed":-1,"used":1753170896651,"created":1753170896651,"remoteIdentityKey":"Bfmqg1v7yoUYXYKMf6sVsYPEM6+U4PoFL2VpHUV96jw7"},"_chains":{"BRwv3Lo1ROgAzmkC1+oNEPOqzQ0pHbS/UlX7aW5E6dEn":{"chainKey":{"counter":0,"key":"KIbyBJGSGot01OfraDrPA0fI5WxgPtoHkNoGEv+VyDI="},"chainType":1,"messageKeys":{}}},"pendingPreKey":{"signedKeyId":2,"baseKey":"BeFKYqGYbHvqtwY00tUYDXfK77RxjQaVNbl+P2MEA8o+","preKeyId":980964}}},"version":"v1"}