{"_sessions":{"BRDvTiP4H3Z5IeEMs11xy07w57mdHrbinDjj5lUdiNVg":{"registrationId":76,"currentRatchet":{"ephemeralKeyPair":{"pubKey":"BQAw3zz4YaY6N9/NjvGAiw6aln/1kUHHebHPt1JiAWc/","privKey":"0NheoJF8txdpWFfFTP6cJo/0t6+ZaEZdDqxQ6j9mWG0="},"lastRemoteEphemeralKey":"BUIpWwQosMUiKKZ2rVEQvui3NzYCzfXEcqJsUu2jp5gf","previousCounter":0,"rootKey":"LrTBYOovHYpcrDkGG1ndsSCeUm/yarJslOIL2cn7tDU="},"indexInfo":{"baseKey":"BRDvTiP4H3Z5IeEMs11xy07w57mdHrbinDjj5lUdiNVg","baseKeyType":1,"closed":-1,"used":1753170896218,"created":1753170896218,"remoteIdentityKey":"Bf1sbzXYGNUC4hUMbm12V1iaAq4ERHOqsZj61c1Q+pky"},"_chains":{"BQAw3zz4YaY6N9/NjvGAiw6aln/1kUHHebHPt1JiAWc/":{"chainKey":{"counter":0,"key":"/3cTVmoPLfkNM2nIrEiAbVwIjcREz5c4q8RAUHxkwcY="},"chainType":1,"messageKeys":{}}},"pendingPreKey":{"signedKeyId":1,"baseKey":"BRDvTiP4H3Z5IeEMs11xy07w57mdHrbinDjj5lUdiNVg"}}},"version":"v1"}