{"_sessions":{"BRJij706tNUVgUWOM8WsnZXS8TKEMc3/kMSgRZw2OykN":{"registrationId":646317682,"currentRatchet":{"ephemeralKeyPair":{"pubKey":"BXUShDvRRlAPgmFlRu3AGf3raedVbeUdstOoGIQ9hFRA","privKey":"GMvS/2kqankrtjaH10KLY7hwBdlSc+nebRaZn/u1HGI="},"lastRemoteEphemeralKey":"BbHG5eUnxz0OK/bW75rgZxySNGKii7zM8lHoWHIh1/JZ","previousCounter":0,"rootKey":"N/x1NtTk/jGDy8Ej8LWTpNMBWxFLqw82UBRLsOu6/+U="},"indexInfo":{"baseKey":"BRJij706tNUVgUWOM8WsnZXS8TKEMc3/kMSgRZw2OykN","baseKeyType":1,"closed":-1,"used":1753170896383,"created":1753170896383,"remoteIdentityKey":"Be7Px9UCXTH5MY2terOUPq/UdV9vmH2RBa2B04wrvAVX"},"_chains":{"BXUShDvRRlAPgmFlRu3AGf3raedVbeUdstOoGIQ9hFRA":{"chainKey":{"counter":0,"key":"7/OeIiXi3R6M0FAv73bcyCwV3JX9qX8kW9MfghkQCWc="},"chainType":1,"messageKeys":{}}},"pendingPreKey":{"signedKeyId":13959554,"baseKey":"BRJij706tNUVgUWOM8WsnZXS8TKEMc3/kMSgRZw2OykN","preKeyId":2415}}},"version":"v1"}