{"_sessions":{"BbqZ/wuXpsDmz1kAUOuP6XpOZSiXYm0/4S5vMnTBg9w3":{"registrationId":1245149796,"currentRatchet":{"ephemeralKeyPair":{"pubKey":"BYyueLj3ge0xUJ0LXAnL4zmTCTzORC5yaaA7cdBiNK44","privKey":"uAXpNLtGJ+mTnNhHtmNuj2P9hrORQ/xd2arAtyrULFM="},"lastRemoteEphemeralKey":"Bc87aUB99W4+96GYKWIJYc5Kmjb7yyR5l1pFZ1J4Fwoh","previousCounter":0,"rootKey":"s01buIqwgb40oEk5FQseGJFESK+T/xHT7rsKOmxoUPA="},"indexInfo":{"baseKey":"BbqZ/wuXpsDmz1kAUOuP6XpOZSiXYm0/4S5vMnTBg9w3","baseKeyType":1,"closed":-1,"used":1753174282147,"created":1753174282147,"remoteIdentityKey":"BSlVRkbDKXVvX8ReKjntCeU372ETRKFeHDAQ63mtsN5X"},"_chains":{"BYyueLj3ge0xUJ0LXAnL4zmTCTzORC5yaaA7cdBiNK44":{"chainKey":{"counter":0,"key":"Y4XDKnt5962tI0a7s6vJEXLVQ/72BV5AZsBFYlZZ6jg="},"chainType":1,"messageKeys":{}}},"pendingPreKey":{"signedKeyId":1,"baseKey":"BbqZ/wuXpsDmz1kAUOuP6XpOZSiXYm0/4S5vMnTBg9w3"}}},"version":"v1"}