{"_sessions":{"BcRZbGprU/XmQKxhSIs6CkQgovylJqdpdONZr/cvwbV/":{"registrationId":1312540059,"currentRatchet":{"ephemeralKeyPair":{"pubKey":"BYCSvxA4vAmmoADXLXhYwp7+pJQGnR/sxTod0wukSdxi","privKey":"gJDPDTDrESGWNEVsYvij/NVeI5t5Lk+Y0eUDsvMwmHw="},"lastRemoteEphemeralKey":"BWPR5o+2Pxdo4nMoaTS7tL4I6FzFL+VbazG010bQdV84","previousCounter":0,"rootKey":"jpHpBdIU1FfsNHOWJxC7hPQsMUBe3ugmykDZe2BiAJ4="},"indexInfo":{"baseKey":"BcRZbGprU/XmQKxhSIs6CkQgovylJqdpdONZr/cvwbV/","baseKeyType":1,"closed":-1,"used":1753170896531,"created":1753170896531,"remoteIdentityKey":"BTPBskPBaFKAARnigJHMucnLzbhAk0LIpAdhLezKpPtb"},"_chains":{"BYCSvxA4vAmmoADXLXhYwp7+pJQGnR/sxTod0wukSdxi":{"chainKey":{"counter":0,"key":"YmogA4ATj/6Q2Nz+n5fCQHK31chyME7BwUGI+McxJb4="},"chainType":1,"messageKeys":{}}},"pendingPreKey":{"signedKeyId":0,"baseKey":"BcRZbGprU/XmQKxhSIs6CkQgovylJqdpdONZr/cvwbV/","preKeyId":15709747}}},"version":"v1"}