{"_sessions":{"Ba09KTfT4l1GEcVLuqBMJXdxh/9BVmHvKVnMnrKdqFFK":{"registrationId":1947102701,"currentRatchet":{"ephemeralKeyPair":{"pubKey":"BVIxeg8MoVXRc+cteOvEbttYeQTLdpXO3fhSmNYFhWdA","privKey":"CEkzSJluZ6sExX5wzSVcA/H8zGZNl3Hjy2vjizxN8Uk="},"lastRemoteEphemeralKey":"BcrK59U3dR+iU175cqWW2F8FoE6DmRY01sncwOof3PYJ","previousCounter":0,"rootKey":"RkKto0/l1paub7LnU52a7jcOiVRsTyXDOxs4nBCc9Cw="},"indexInfo":{"baseKey":"Ba09KTfT4l1GEcVLuqBMJXdxh/9BVmHvKVnMnrKdqFFK","baseKeyType":1,"closed":-1,"used":1753170896489,"created":1753170896489,"remoteIdentityKey":"BedD9eY+j/qKEU1T2EOu6Yjch18nDCdXmKEfLlEN+PBe"},"_chains":{"BVIxeg8MoVXRc+cteOvEbttYeQTLdpXO3fhSmNYFhWdA":{"chainKey":{"counter":0,"key":"M8RahSJMTEZi3hemcM+qkl3Q19sRsQSR98LhFD83Hts="},"chainType":1,"messageKeys":{}}},"pendingPreKey":{"signedKeyId":1,"baseKey":"Ba09KTfT4l1GEcVLuqBMJXdxh/9BVmHvKVnMnrKdqFFK"}}},"version":"v1"}