{"_sessions":{"Bd6R2eJG6OKLALdkiKhsbU6D5fuLRhjwZfbwWnyRdYVf":{"registrationId":172,"currentRatchet":{"ephemeralKeyPair":{"pubKey":"BR+6lAPCvqRDvv53kF8K4+A/l6umGW5ufwya7OcrsGYQ","privKey":"SGJlrNsfehNRmQUjSNKhjPx79LQ5JXfzCyTs+sbOL2k="},"lastRemoteEphemeralKey":"BdzotWVAg6w4CLW/h+984sPqjleyMVGCHL4l+Xo2tjox","previousCounter":0,"rootKey":"XuUCSmlx20Qmg+EahUQN4G0W/sF/PYUgVk+CpusNb+g="},"indexInfo":{"baseKey":"Bd6R2eJG6OKLALdkiKhsbU6D5fuLRhjwZfbwWnyRdYVf","baseKeyType":1,"closed":-1,"used":1753174282109,"created":1753174282109,"remoteIdentityKey":"BbScOSh1J5v0UQ8P2vqESSg2Hklc1QtOIAh0uK6Un+9R"},"_chains":{"BR+6lAPCvqRDvv53kF8K4+A/l6umGW5ufwya7OcrsGYQ":{"chainKey":{"counter":0,"key":"rxNuvVJm4JQiaBFnwFQ4s+JkQsKG9F8LosfGzPng39U="},"chainType":1,"messageKeys":{}}},"pendingPreKey":{"signedKeyId":1,"baseKey":"Bd6R2eJG6OKLALdkiKhsbU6D5fuLRhjwZfbwWnyRdYVf"}}},"version":"v1"}