{"_sessions":{"BSda0blOif/CLPAUc+Ly7pvsNfuIM3zs/bPCliernH54":{"registrationId":1869539307,"currentRatchet":{"ephemeralKeyPair":{"pubKey":"BR3pH81LBfFixsKAJ5ZrV3mP0ibVVN3hlgAv7RqhLKVX","privKey":"yMmhGoPYQ8aAsyg3OZADJyCWMI4aNQKTd8bFFj4lUHU="},"lastRemoteEphemeralKey":"BZC7cEMTQJm3EA+HNA9Gg/H4ms3oE9rcy102OChZWsEq","previousCounter":0,"rootKey":"NnrS7wJiefi9vqOo/STiRoNGziaFEglAtyqn/ue9bMU="},"indexInfo":{"baseKey":"BSda0blOif/CLPAUc+Ly7pvsNfuIM3zs/bPCliernH54","baseKeyType":1,"closed":-1,"used":1753170896678,"created":1753170896678,"remoteIdentityKey":"BcDSW6kYHg5rwD+w4SmjXcN61sh3Gk0iEd3w3eUudPN0"},"_chains":{"BR3pH81LBfFixsKAJ5ZrV3mP0ibVVN3hlgAv7RqhLKVX":{"chainKey":{"counter":0,"key":"F8f3JP39Kz8YjDGkFi+aKKafCvXXUj03KTxlqy79UNg="},"chainType":1,"messageKeys":{}}},"pendingPreKey":{"signedKeyId":1,"baseKey":"BSda0blOif/CLPAUc+Ly7pvsNfuIM3zs/bPCliernH54","preKeyId":16628016}}},"version":"v1"}