{"_sessions":{"BeMvrK53krX6jTE+sujNRa0NVNK/UvtP3LCAhWLxdkAT":{"registrationId":1157538775,"currentRatchet":{"ephemeralKeyPair":{"pubKey":"BbtedXmJLIk/7kynAO/ubQRRlHcPJGM0Ern7R/FWhCxt","privKey":"eM3jOS6hlJ1FgNe3QaJQwPzs1huFaH5xDZYgUhB1UVA="},"lastRemoteEphemeralKey":"BQRehf7kffSAgZ3lwMusn3L0gnFpPdoxECWaAlyyeAYQ","previousCounter":0,"rootKey":"QwQpjCBb5Cth8CDtdPOwAJwIF8dTI9iQEH1ooEfLk1U="},"indexInfo":{"baseKey":"BeMvrK53krX6jTE+sujNRa0NVNK/UvtP3LCAhWLxdkAT","baseKeyType":2,"closed":-1,"used":1753174277513,"created":1753174277513,"remoteIdentityKey":"BYRPYwyc11TD2yAcm2OJny5hZXc7G++Mvn6cUz1S1a1c"},"_chains":{"BQRehf7kffSAgZ3lwMusn3L0gnFpPdoxECWaAlyyeAYQ":{"chainKey":{"counter":0,"key":"x7mXosGgkx5Nm1V5MXc/U3tHC/lVH3HVaxJ7F6OmCEM="},"chainType":2,"messageKeys":{}},"BbtedXmJLIk/7kynAO/ubQRRlHcPJGM0Ern7R/FWhCxt":{"chainKey":{"counter":0,"key":"JK565KBctsZD39eVToDe1Em7i+pxmCuirTk9x0T+sOM="},"chainType":1,"messageKeys":{}}}}},"version":"v1"}