{"_sessions":{"BZSDpwA3gHNCYTYfqdIivvoyvLAaGQC7RkzQh9hPixoB":{"registrationId":14892,"currentRatchet":{"ephemeralKeyPair":{"pubKey":"BXih8Yo2xZHdFi0m2XhEmmx/2ctHNI3t5Jibs0nyqM8I","privKey":"yFLf82xGQ/aWmcVIvsGI7ct6+ttdetXtFCmFwR5Lg2I="},"lastRemoteEphemeralKey":"BXKSX0GNkVT01ymYB5FXhqAzFKsJmkgKtjuCsf81wo1q","previousCounter":0,"rootKey":"KdWOOo2Dv4P+VAh5FadSpU+0BgLDyrzqXSNce6QPrPE="},"indexInfo":{"baseKey":"BZSDpwA3gHNCYTYfqdIivvoyvLAaGQC7RkzQh9hPixoB","baseKeyType":1,"closed":-1,"used":1753170896261,"created":1753170896261,"remoteIdentityKey":"BS+vlIBdQ/T823My8Cfwk+aCCRMLMRS3sEEQv/7opP0T"},"_chains":{"BXih8Yo2xZHdFi0m2XhEmmx/2ctHNI3t5Jibs0nyqM8I":{"chainKey":{"counter":0,"key":"Dt8uvW/vW/AN2HQ7OlDkI/x15ZRc4tu6vLCEIdEiBtY="},"chainType":1,"messageKeys":{}}},"pendingPreKey":{"signedKeyId":1,"baseKey":"BZSDpwA3gHNCYTYfqdIivvoyvLAaGQC7RkzQh9hPixoB"}}},"version":"v1"}