{"_sessions":{"BbzfzzgkJXYfyuPJI+07rVF89bRqnKArlDb89HBwzLhr":{"registrationId":3922,"currentRatchet":{"ephemeralKeyPair":{"pubKey":"Ba6d5485vCLzt2GyQ5lahjZTgXzLd69YKWwvwRZjzpkA","privKey":"iOYMO55BlQa9EesxOh588LlVQAEayrF0gnbrucdiHEE="},"lastRemoteEphemeralKey":"BRknY3aPAasvfFVjCVaUmx3DuZvnTWytWn47DLXM0PBK","previousCounter":0,"rootKey":"bOkYrL8abgLY6lirQecNveWeiVqRCWbr7I5Ws/p8vG4="},"indexInfo":{"baseKey":"BbzfzzgkJXYfyuPJI+07rVF89bRqnKArlDb89HBwzLhr","baseKeyType":1,"closed":-1,"used":1753170896193,"created":1753170896193,"remoteIdentityKey":"BfM7k7Xc7gQdDJ/tJ7GzB75bYewHW5p4h44OsAxRt78t"},"_chains":{"Ba6d5485vCLzt2GyQ5lahjZTgXzLd69YKWwvwRZjzpkA":{"chainKey":{"counter":0,"key":"yd4dk0PAREHt4ldGlDQCMEvLHGc3WymntV9X53mBgwc="},"chainType":1,"messageKeys":{}}},"pendingPreKey":{"signedKeyId":1,"baseKey":"BbzfzzgkJXYfyuPJI+07rVF89bRqnKArlDb89HBwzLhr"}}},"version":"v1"}