{"_sessions":{"BRMJW2mAAetqb1XRwXBq9XSz5E0OujV68KB/tKytLepy":{"registrationId":460338880,"currentRatchet":{"ephemeralKeyPair":{"pubKey":"BbIRT89WqnlT6yVp5ScSWZ7JeVPPofWl22+c4lgS54gF","privKey":"GBgeDUZVrH0AQmglMQKTex60t6MkyHlELPaQynbqakQ="},"lastRemoteEphemeralKey":"BcqcCDa6f0PETSlWwAVrE/H/Z95HtjW6ADgh9FfMte4+","previousCounter":0,"rootKey":"HXd88fm43RAIV18m5myM/3iWEPBQy+FtfmIpaIWVr18="},"indexInfo":{"baseKey":"BRMJW2mAAetqb1XRwXBq9XSz5E0OujV68KB/tKytLepy","baseKeyType":2,"closed":-1,"used":1753170667077,"created":1753170667077,"remoteIdentityKey":"Bcp22KRwFcnNjeWcYdEKbnxTytP13fRt4eVvuo9Pf95A"},"_chains":{"BcqcCDa6f0PETSlWwAVrE/H/Z95HtjW6ADgh9FfMte4+":{"chainKey":{"counter":0,"key":"ykQKtOJodrEQmi8q3yEXPivITE4gA6sZDm9RfQ+m2hI="},"chainType":2,"messageKeys":{}},"BbIRT89WqnlT6yVp5ScSWZ7JeVPPofWl22+c4lgS54gF":{"chainKey":{"counter":-1,"key":"4e0tuKdoLCQy883AXCPDdEOF2VziAy0TrqDAhVR9SeU="},"chainType":1,"messageKeys":{}}}}},"version":"v1"}