{"_sessions":{"BXA8/7v+RzxGnhhdxc3lCI13g4j0a5zW29SymQ8xhpwv":{"registrationId":1330306490,"currentRatchet":{"ephemeralKeyPair":{"pubKey":"BQL88rt8i0Y13SxpBc79yLj4fc1pNitTUio2xaSUw2g2","privKey":"SNlA5Yfg9Qx4iALR0UPITx3C/9fw5Kb3TzM0ySo7dFM="},"lastRemoteEphemeralKey":"BW4dd9cU3zQazd8pAwdYVh6uW1yxDRsIBE8zeL6pJzFf","previousCounter":0,"rootKey":"XruiLxpGBAFkd9aJmbi00sphRlUSfb1fL2dMlOwDLkw="},"indexInfo":{"baseKey":"BXA8/7v+RzxGnhhdxc3lCI13g4j0a5zW29SymQ8xhpwv","baseKeyType":1,"closed":-1,"used":1753170896594,"created":1753170896594,"remoteIdentityKey":"BZciyFp4KkcqlGaTIlJ/PoKPVwiv/X/dxFYSgTI6Bhw3"},"_chains":{"BQL88rt8i0Y13SxpBc79yLj4fc1pNitTUio2xaSUw2g2":{"chainKey":{"counter":0,"key":"QmboVwG1xdABj2sFdaxMy9wB25dFe2V8zVo3mYUImL8="},"chainType":1,"messageKeys":{}}},"pendingPreKey":{"signedKeyId":3,"baseKey":"BXA8/7v+RzxGnhhdxc3lCI13g4j0a5zW29SymQ8xhpwv","preKeyId":4174055}}},"version":"v1"}