{"_sessions":{"BV1HC6TnAeM1v9ST3RLRX5uAdZtJsyBmoaJ2dLAAEKJQ":{"registrationId":1598471863,"currentRatchet":{"ephemeralKeyPair":{"pubKey":"BQKqpPp/OzQT+dFfgVhrAkovqXhm13v93F0K9AZBtscQ","privKey":"yDp8B9EFiN89Y26JWuyC0l8w5nbLHVKVokjtjGflQHg="},"lastRemoteEphemeralKey":"BYkp5EVpKbspxpwwtNwoYy8dXk4C08/VXUMcDinMi+F/","previousCounter":0,"rootKey":"Gj+pxSEvo8kynb9rD7HeNf6wIIKvIUfnCvT3y5Q1Uhs="},"indexInfo":{"baseKey":"BV1HC6TnAeM1v9ST3RLRX5uAdZtJsyBmoaJ2dLAAEKJQ","baseKeyType":1,"closed":-1,"used":1753174282174,"created":1753174282174,"remoteIdentityKey":"BcbyfgJQ/3SYherjMzOrGxvYbr1UPND0DimYV6Ga6iJS"},"_chains":{"BQKqpPp/OzQT+dFfgVhrAkovqXhm13v93F0K9AZBtscQ":{"chainKey":{"counter":0,"key":"G5kNFlmpdSdmQaocJscXtLl7cbvpLJr3PaSipy8Ra+8="},"chainType":1,"messageKeys":{}}},"pendingPreKey":{"signedKeyId":12,"baseKey":"BV1HC6TnAeM1v9ST3RLRX5uAdZtJsyBmoaJ2dLAAEKJQ","preKeyId":4548188}}},"version":"v1"}