{
  "fundolevel": "https://telegra.ph/file/d0df7335b3967b3337250.jpg",
  "fundo2": "https://telegra.ph/file/9183d10f0d286969af095.jpg",
  "fundo1": "https://telegra.ph/file/9183d10f0d286969af095.jpg",
  "linklogos": "https://telegra.ph/file/c5b4e57ede66c90e2bca6.jpg",
  "imgnazista": "https://telegra.ph/file/fb2762032047db19d206b.jpg",
  "imggay": "https://telegra.ph/file/ff2be6c80a680ccf867d2.jpg",
  "imgcorno": "https://telegra.ph/file/3182942e577dbbc27b17e.jpg",
  "imggostosa": "https://telegra.ph/file/1527a63a1290c9c04cb1c.jpg",
  "imggostoso": "https://telegra.ph/file/d78d2dcc31a1fb3e1dab2.jpg",
  "imgfeio": "https://telegra.ph/file/bd22339646fe7f163f89c.jpg",
  "imggado": "https://telegra.ph/file/6ac2858647969cca031fd.jpg",
  "imgvesgo": "https://telegra.ph/file/2c6675f5bc489c219fbb0.jpg",
  "imgbebado": "https://telegra.ph/file/b69ac603e275e610d2c34.jpg",
  "tapacmd": "https://telegra.ph/file/841664f31eb7539c35a2d.mp4",
  "matarcmd": "https://telegra.ph/file/1135a19fceefa7074caf8.mp4",
  "beijocmd": "https://telegra.ph/file/c9b5ed858237ebc9f7356.mp4",
  "chutecmd": "https://telegra.ph/file/d4b2525d2e1aeb33fa626.mp4",
  "cmdmenu": "https://files.catbox.moe/eu1etc.mp4",
  "deathcmd": "https://telegra.ph/file/298aea280b6af0c4b53e7.mp4",
  "rnkgay": "https://telegra.ph/file/c478d248692d8c92ab94c.jpg",
  "rnkgado": "https://telegra.ph/file/c28abd2759de471a8364e.jpg",
  "rnkcorno": "https://telegra.ph/file/7b5c9722558e9f3924923.jpg",
  "rnkgostoso": "https://telegra.ph/file/030489699735abe38e174.jpg",
  "rnkgostosa": "https://telegra.ph/file/dcff0d1e5ea578ade62fb.jpg",
  "rnknazista": "https://telegra.ph/file/1d5bfe8f8699a0b7ff4dd.jpg",
  "rnkotaku": "https://telegra.ph/file/796eed26a8f761970d9f5.jpg",
  "errocmd": "https://files.catbox.moe/yyuype.jpg",
  "rnkpau": "https://telegra.ph/file/ee6aed00378a0d1b88dda.jpg",
  "suruba": "https://telegra.ph/file/73abfd759ad087d83b2b0.jpg",
  "minado_bomb": "https://telegra.ph/file/bcde6836712b9b82a404b.jpg",
  "thumbnail": "https://telegra.ph/file/331351b88487ee32141b0.jpg",
  "imgsigma": "https://telegra.ph/file/16b119fecf08ec2f10fdf.jpg",
  "imgbeta": "https://telegra.ph/file/cd2f7277a3c418b6b47a0.jpg",
  "imgbaiano": "https://telegra.ph/file/a983df16e9b604faeb24a.jpg",
  "imgbaiana": "https://telegra.ph/file/6c5e2c1bfdde25b828e26.jpg",
  "imgcarioca": "https://telegra.ph/file/4c1f83c5251678fdec1d4.jpg",
  "imglouco": "https://telegra.ph/file/f3f06 a76bdce765b3cf45.jpg",
  "imglouca": "https://telegra.ph/file/f3f06a76bdce765b3cf45.jpg",
  "imgsafada": "https://telegra.ph/file/ae4f2b979023b226c339c.jpg",
  "imgsafado": "https://telegra.ph/file/866c0d15750f87e8fd227.jpg",
  "imgmacaco": "https://telegra.ph/file/ed478dae9ebc8ee75b668.jpg",
  "imgmacaca": "https://telegra.ph/file/22d4d031f6c1bf218f613.jpg",
  "imgputa": "https://telegra.ph/file/8bc0e7c8df4e7e37bb1a5.jpg",
  "rnksigma": "https://telegra.ph/file/16b119fecf08ec2f10fdf.jpg",
  "rnkbeta": "https://telegra.ph/file/cd2f7277a3c418b6b47a0.jpg",
  "rnkbaiano": "https://telegra.ph/file/d62ac8012bd0b96ca6021.jpg",
  "rnkbaiana": "https://telegra.ph/file/d62ac8012bd0b96ca6021.jpg",
  "rnkcarioca": "https://telegra.ph/file/4c1f83c5251678fdec1d4.jpg",
  "rnklouco": "https://telegra.ph/file/b66d71fc1ea73522dba7e.jpg",
  "rnklouca": "https://telegra.ph/file/b66d71fc1ea73522dba7e.jpg",
  "rnksafada": "https://telegra.ph/file/ae4f2b979023b226c339c.jpg",
  "rnksafado": "https://telegra.ph/file/866c0d15750f87e8fd227.jpg",
  "rnkmacaco": "https://telegra.ph/file/ed478dae9ebc8ee75b668.jpg",
  "rnkmacaca": "https://telegra.ph/file/22d4d031f6c1bf218f613.jpg",
  "rnkputa": "https://telegra.ph/file/8bc0e7c8df4e7e37bb1a5.jpg"

}