{
  "antipv": false,
  "antipv2": false,
  "antipv3": false,
  "menu_audio": true,
  "verificado": false,
  "anticall": true,
  "visualizarmsg": true,
  "listanegraG": [],
  "cmd_premium": [
    "destrava",
    "destrava2",
    "listaddd",
    "gerarcpf",
    "premiumlist",
    "tinyurl",
    "cuttly",
    "bitly",
    "celular",
    "scep",
    "cotacao",
    "igstalk",
    "validarcpf",
    "validarcnpj",
    "dinextenso",
    "insta_audio"
  ],
  "blockCmdG": [],
  "msgantipv1": "Sinto muito *#nome#*, mas meu dono não permitiu eu responder ninguém, então terei que bloquear você... ;)",
  "msgantipv2": "Não pode mandar mensagem para o bot, ele está programado para não responder, tente falar com meu dono... ;)",
  "TEMPO_DE_CMD": "Aguarde #tempo# segundos até executar outro comando, tempo a concluir:\n• #tempocmd#",
  "API_KEY_INVERTEXTO": "6117|oJqDz5g3Uf91zuiAo8FiZzXpHlLGrVEV",
  "numero_dono1": "5511917768966",
  "numero_dono2": "5511999101943",
  "numero_dono3": ".",
  "numero_dono4": ".",
  "numero_dono5": ".",
  "numero_dono6": ".",
  "numero_dono7": ".",
  "numero_dono8": ".",
  "numero_dono9": ".",
  "numero_dono10": ".",
  "botoff": false,
  "Odelete": false
}
